NAME;SKU;PRICE;CATEGORIES;STOCK
SABONETE PALMOLIVE JASMIM;2404787;5.49;144920;0.0
AMACIANTE MON BIJOU CUIDA;2404788;10.49;144845;0.0
BISC PANCO LEITE 400G;2404789;8.65;144684;0.0
AMACIANTE MON BIJOU MAGIA;2404790;10.49;144845;0.0
CAFE MELITTA TRADICIONAL;2404791;30.99;144728;0.0
DESINF PINHO BRIL LAVANDA;2404792;10.9;144834;0.0
CR DENTAL COLGATE MPA  90;2404793;5.49;144887;0.0
SABONETE PROTEX OMEGA 3 8;2404794;5.45;144920;0.0
BOLO PANCO ABACAXI 300G;2404795;12.99;144320;0.0
DESINF PINHO BRIL LAVANDA;2404796;6.49;144834;0.0
CREME CABELO ORIGEM CACHO;2404797;13.9;1;0.0
REFRIG SODA LIMONADA ANTA;2404798;8.99;144679;0.0
WAFER PANCO GOLDEN BLACK;2404799;4.99;144691;0.0
SAPOLIO RADIUM CR CLORO 2;2404800;11.99;144854;0.0
BISC PANCO MAISENA 200G;2404801;4.49;144684;0.0
BISC PANCO MAISENA CHOCOL;2404802;5.25;144684;0.0
DESINF PINHO BRIL BRISA M;2404804;6.49;144834;0.0
CR PENTEAR PALMOLIVE KIDS;2404805;10.9;144872;0.0
BISC PANCO MARIA 200G;2404806;4.75;144684;0.0
CR DENTAL COLGATE TOTAL 1;2404807;10.99;144887;0.0
SAB PALMOLIVE OLEO NUTRIT;2404808;1.59;144920;0.0
BISC PANCO CREAM CRACKER;2404809;8.79;144688;0.0
ESCOVA DENTAL COLGATE ESS;2404810;5.49;144889;0.0
SABONETE PALMOLIVE PETALA;2404811;5.49;144920;0.0
DESINF PINHO BRIL FLORES;2404812;6.49;144834;0.0
SHAMPOO PALMOLIVE NEUTRO;2404813;12.99;144870;0.0
BISC PANCO CREAM CRACKER;2404814;4.49;144688;0.0
CONDIC PALMOLIVE NAT KIDS;2404815;18.99;144869;0.0
SABONETE PROTEX ERVA DOCE;2404816;5.45;144920;0.0
CREME DENTAL COLGATE MPA;2404817;9.95;144887;0.0
AMACIANTE MON BIJOU AZUL;2404818;10.49;144845;0.0
CORANTE GUARANY LILAS 40G;2404819;3.99;144849;0.0
GARRAFAO TERMICO TERMOLAR;2404820;53.9;144190;0.0
SAPOLIO RADIUM CR CLASSIC;2404823;11.99;144854;0.0
REFRIG ANTARCTICA GUARANA;2404824;9.95;144679;0.0
SEQUILHINHO PANCO 200G;2404825;8.79;144684;0.0
ABS SEMPRE LIVRE ESPECIAL;2404826;6.49;144892;0.0
FAROFA TEMP TRIFAROFA PAN;2404827;10.9;144772;0.0
ROSQUINHAS PANCO COCO 500;2404828;9.95;144684;0.0
SABONETE PROTEX MEN SPORT;2404829;5.45;144920;0.0
KIT BACIA ORGANIZA JAGUAR;2404830;17.99;144341;0.0
BATERIA ALCALINA ELGIN 9V;2404831;16.9;144522;0.0
AGUA DE COCO CAMPO LARGO;2404832;5.99;144637;0.0
ARROZ SELETTO TIPO 1 5KG;2404833;23.9;144629;0.0
KIT BACIAS ORGANIZA JAGUA;2404834;16.99;144341;0.0
CREME SKALA OLEO ARGAN 1K;2404835;11.99;144871;0.0
CONJ OORGANIZADOR JAGUAR;2404836;17.99;1;0.0
PACOCA CASEIRA DOCE BOM 7;2404837;14.99;144715;0.0
POTE BANDEIRANTE DOG ROSA;2404838;13.99;1;0.0
SORVETE MERLI CHOCONINHO;2404839;29.9;144498;0.0
KIT BACIAS ORGANIZA JAGUA;2404840;17.99;144341;0.0
SORVETE MERLI FLOCOS 2L;2404843;29.9;144498;0.0
ORGANIZ AZULEJO BANDEIRAN;2404845;19.9;1;0.0
REPARADOR DE PONTAS SHOXX;2404846;8.99;144873;0.0
SORVETE MERLI NAPOLITANO;2404847;29.9;144498;0.0
CREME SKALA EXPERT POTAO;2404848;11.99;144871;0.0
PICOLE MERLI MARACUJA 60G;2404849;2.5;144498;0.0
SORVETE MERLI COPAO SUPER;2404850;4.5;144498;0.0
ORGANIZ BANDEIRANTE MOKAC;2404851;16.9;1;0.0
OLEO SOJA COCAMAR 900ML;2404852;9.79;144633;0.0
CREME SKALA OLEO COCO 1KG;2404853;11.99;144871;0.0
PILHA ALCALINA ELGIN AAA;2404854;6.99;144522;0.0
ORGANIZ AZULEJO HIDRAULIC;2404855;13.9;1;0.0
SORVETE PALITO MERLI UVA;2404856;2.5;144498;0.0
SORV MERLI TENTACAO 1,8L;2404857;29.9;144498;0.0
LAMPADA LED BULBO ELGIN 9;2404858;5.99;144520;0.0
PORTA ESCOVA DENTES JAGUA;2404859;8.99;1;0.0
PILHA ALCALINA ELGIN AA C;2404861;11.99;144522;0.0
CONJ MANTIMENTOS JAGUAR R;2404862;36.9;1;0.0
SORVETE MERLI PALITO SKIM;2404864;4.5;144498;0.0
SHAMPOO OX LISO DURADOURO;2404865;13.99;144870;0.0
CREME SKALA EXPERT MAIS C;2404866;10.7;144871;0.0
SORVETE MERLI CHOCOLATE C;2404867;29.9;144498;0.0
OLEO SUAVIT CANOLA 900ML;2404868;14.75;144633;0.0
SORVETE MERLI ITUZINHO DR;2404869;3.9;144498;0.0
SORVETE MERLI ACAI NATURA;2404870;24.9;149393;0.0
COPO DESC COPOMAIS 500ML;2404871;14.99;144510;0.0
BISCOITO FOLHADO LARA COC;2404872;6.49;144688;0.0
BISCOITO FOLHADO SETE CAP;2404873;6.49;144688;0.0
PANETONE CASA SUICA FRUTA;2404874;25.9;144858;0.0
SORVETE MERLI TORTA DE LI;2404875;29.9;144498;0.0
SORVETE MERLI COCO BRANCO;2404876;29.9;144498;0.0
CERVEJA VINHO WIENBIER RU;2404877;10.99;144649;0.0
SHOXX GEL BRILHO MOLHADO;2404878;8.99;145727;0.0
MARMITA OPERARIA FORT LAR;2404879;24.9;144190;0.0
VELA MULTI FESTA AZUL N 9;2404880;4.99;144508;0.0
CANECAO FORT LAR ALUMINIO;2404881;24.9;144166;0.0
VELA SUPER GLITTER DOURAD;2404882;8.99;144508;0.0
VELA SUPER GLITTER DOURAD;2404883;8.99;144508;0.0
VELA MULTI FESTA AZUL N 5;2404884;4.99;144508;0.0
FORMA BRIGADEIRO MULTI FE;2404885;5.45;144508;0.0
BOLINHO CASA SUICA DISNEY;2404886;3.5;144320;0.0
VELA ANIVERS MULTI FESTA;2404887;4.99;144508;0.0
REGISTRO P/GAS C/MANGUEIR;2404888;36.9;1;0.0
ALGODAO BOLA BR COTTON LI;2404889;4.99;144883;0.0
LEMON PEPPER MULTI GOSTO;2404891;7.95;144769;0.0
BALAO SUPER MULTI FESTA A;2404893;14.9;144694;0.0
SORVETE MERLI NINHO C/MOR;2404894;29.9;144498;0.0
SACO P/ PIPOCA OU HOT DOG;2404895;3.5;144508;0.0
BEB LACTEA ITALAC WHEY PR;2404897;7.5;149391;0.0
SABONETE SIENE ROSAS VERM;2404898;1.35;144920;0.0
COCKTAIL VINHO WIENBIER R;2404899;8.99;1;0.0
REPARADOR PONTAS SHOXX SI;2404900;8.99;144873;0.0
SORVETE MERLI ACAI MORANG;2404901;34.9;149393;0.0
CERVEJA/VINHO WIENBIER RU;2404902;5.89;144649;0.0
VELA SUPER GLITTER DOURAD;2404903;8.99;144508;0.0
SORVETE MERLI NAPOLITANO;2404904;18.5;144498;0.0
CERVEJA VINHO WIENBIER WH;2404905;10.99;144649;0.0
PAPRICA DOCE MULTI GOSTO;2404906;5.95;144769;0.0
REPARADOR DE PONTAS SHOXX;2404907;8.99;144873;0.0
LEITE CONDENSADO ITALAC T;2404908;6.99;144718;0.0
SORVETE MERLI ACAI COM BA;2404910;9.9;149393;0.0
VELA MULTI FESTA ROSA N 3;2404911;4.99;144508;0.0
CHIMICHURRI MULTI GOSTO 1;2404912;3.69;144769;0.0
CANECAO REFORCADA N 16;2404913;35.9;1;0.0
PRATO LAMINADO MULTI FEST;2404914;8.99;144508;0.0
DOCE LEITE PINGO DE OURO;2404915;1.5;1;0.0
BALAO SUPER MULTI FESTA R;2404916;14.9;144694;0.0
ASSADEIRA P/PIZZA FORT LA;2404917;39.9;144166;0.0
BALAO SUPER MULTI FESTA V;2404918;14.9;144694;0.0
VELA MULTI FESTA AZUL N 7;2404919;4.99;144508;0.0
SORVETE MERLI ACAI NATURA;2404920;37.9;149393;0.0
SHOXX GEL BRILHO MOLHADO;2404921;8.99;145727;0.0
REPARADOR PONTAS SHOXX PR;2404922;8.99;144873;0.0
BOLO CASA SUICA MESCLADO;2404923;12.99;144320;0.0
CANUDO PLASTICO VITAMINA;2404924;6.5;144508;0.0
TONICO FORTALECIMENTO GOT;2404925;14.99;144873;0.0
REGISTRO GAS VINIGAS;2404926;23.9;1;0.0
PALHA DE ACO RELUZ N 2 22;2404927;2.99;144819;0.0
VELA SUPER GLITTER DOURAD;2404928;8.99;144508;0.0
CURATIVO COTTON LINE C/35;2404929;8.99;1;0.0
FRIGIDEIRA FORT-FLON Nº18;2404930;44.99;1;0.0
CHIMICHURRI S/PIMENTA MUL;2404931;6.99;144769;0.0
VELA SUPER GLITTER DOURAD;2404932;8.99;144508;0.0
PRATO LAMINADO MULTI FEST;2404934;7.49;144508;0.0
COLHER REF MULTI FESTA C/;2404935;10.99;144508;0.0
FRIGIDEIRA FORT FLON N 20;2404937;51.9;1;0.0
SORVETE MERLI MALTINE TRU;2404938;29.9;144498;0.0
COLORIFICO MULTI GOSTO 40;2404939;2.65;144769;0.0
ALGODAO BOLA COTTON COLOR;2404940;4.99;144883;0.0
VELA MULTI FESTA ROSA N 5;2404942;4.99;144508;0.0
SORVETE MERLI ACAI COM MO;2404943;9.9;149393;0.0
COTONETE COTTON LINE C/28;2404944;9.9;144893;0.0
MINI BRINQ MULTI FESTA FO;2404945;3.5;144508;0.0
SORVETE MERLI NAPOLICOPA;2404946;17.5;144498;0.0
SORVETE MERLI ACAI MERLIN;2404947;34.9;149393;0.0
SORVETE MERLI NINHO TRUFA;2404948;18.5;144498;0.0
SORVETE MERLI MERLININHO;2404949;29.9;144498;0.0
ASSAD RET ALTA FORT LAR 3;2404950;38.9;144166;0.0
ESPETO DE BAMBU MULTI FES;2404951;6.5;144508;0.0
SORVETE MERLI ACAI BANANA;2404952;37.9;149393;0.0
CURATIVO COTTON LINE TRAN;2404953;9.99;1;0.0
HASTES FLEXIVEIS COTTON L;2404954;8.49;1;0.0
VELA MULTI FESTA AZUL N 1;2404955;4.99;144508;0.0
SORVETE MERLI AMEIXA 1,8L;2404957;29.9;144498;0.0
REPARADOR DE PONTAS SHOXX;2404958;8.99;144873;0.0
REFRIG GUARANA ANTARCTICA;2404959;9.95;144679;0.0
BEBEZINHO PANCO MORANGO 7;2404960;4.99;144320;0.0
ENXAG BUCAL COLGATE PLAX;2404961;11.9;144888;0.0
SABONETE PROTEX MACADAMIA;2404962;5.45;144920;0.0
LA DE ACO BOMBRIL 60G;2404963;3.79;144819;0.0
SABONETE PALMOLIVE NUTRE;2404965;5.49;144920;0.0
CONDIC PALMOLIVE DETOX EN;2404966;14.99;144869;0.0
SABONETE PALMOLIVE SENSAC;2404968;5.49;144920;0.0
ENXAG BUCAL COLGATE PLAX;2404969;14.99;144888;0.0
AMACIANTE MON BIJOU PROTE;2404970;10.49;144845;0.0
SH INF PALMILIVE KIDS 350;2404971;19.99;144906;0.0
SHAMPOO PALMOLIVE CACHOS;2404972;12.99;144870;0.0
CAIXA TERMICA TERMOLAR SU;2404973;165.0;144190;0.0
SABONETE PALMOLIVE HIDRAT;2404974;3.49;144920;0.0
DESINF PINHO BRIL PINHO S;2404975;6.49;144834;0.0
SABONETE PROTEX VITAMINA;2404977;5.45;144920;0.0
SABONETE PALMOLIVE HIDRAT;2404978;5.49;144920;0.0
ENXAG COLGATE PLAX ICE IN;2404979;11.9;144888;0.0
BISC PANCO CRACKER INTEGR;2404980;4.75;144686;0.0
GARRAFA TERMICA MESA MINI;2404981;44.9;144190;0.0
BISC TICA SORTIDOS 500G;2404982;8.75;144684;0.0
DETERGENTE LIMPOL NEUTRO;2404983;2.45;144818;0.0
BEBEZINHO PANCO LARANJA 7;2404985;4.99;144320;0.0
LAMEN PANCO CARNE 85G;2404986;1.75;144782;0.0
BISC PANCO CORN DROP 500G;2404987;12.45;144684;0.0
SHAMPOO PALMOLIVE KIDS CA;2404988;19.99;144906;0.0
BISC PANCO MAISENA 400G;2404989;8.65;144684;0.0
GARRAFA TERMICA MESA MAGI;2404990;78.9;144190;0.0
BOLO PANCO MILHO 300G;2404991;12.99;144320;0.0
CAFE MELITTA EXTRA FORTE;2404992;35.9;144728;0.0
DETERGENTE LIMPOL LAVANDA;2404993;2.45;144818;0.0
WAFER PANCO MORANGO 140G;2404994;4.99;144691;0.0
PALHA ACO BRILLO 25G N 0;2404995;2.99;144819;0.0
BISC PANCO AGUA E SAL 400;2404997;8.79;144688;0.0
SABONETE PROTEX PROPOLIS;2404998;5.45;144920;0.0
PAO SOVADO PANCO 500G;2404999;16.99;144320;0.0
LAVA ROUPAS OLA ORIGINAL;2405000;16.49;144852;0.0
SAPOLIO RADIUM CREMOSO LI;2405001;11.99;144854;0.0
SHAMPOO PALMOLIVE CERAMID;2405002;12.99;144870;0.0
SHAMPOO PALMOLIVE ANTICAS;2405003;18.9;144870;0.0
ACUCAR UNIAO DEMERARA 1KG;2405004;8.99;144628;0.0
LAVA ROUPAS TIXAN YPE ANT;2405005;10.99;144846;0.0
BISC PANCO COOKIES 365 50;2405006;14.99;144684;0.0
REMOVEDOR BUFALO PINHO 50;2405007;8.99;144841;0.0
CAFE PILAO SOLUVEL COADO;2405008;18.99;144728;0.0
SABONETE FLOR DE YPE GARD;2405009;2.45;144920;0.0
DETERGENTE YPE CAPIM LIMA;2405010;2.75;144818;0.0
DETERGENTE YPE COCO 500ML;2405011;2.75;144818;0.0
BISCOITO WIND PANCO 500G;2405012;10.25;144688;0.0
SABONETE FRANCIS LUXO DAL;2405014;3.49;144920;0.0
SEQUILHINHO PANCO 500G;2405015;17.69;144684;0.0
PALMITO PUPUNHA BELMONT P;2405016;14.99;144805;0.0
NEOSALDINA C/4;2405017;10.9;1;0.0
PAO DE MEL PANCO 500G;2405018;11.49;144684;0.0
AMACIANTE YPE DELICADO 2L;2405019;11.99;144845;0.0
SABONETE FLOR DE YPE FRES;2405020;2.25;144920;0.0
CAFE PILAO VACUO 250G;2405021;12.99;144728;0.0
SABONETE FLOR DE YPE FRAM;2405022;2.25;144920;0.0
SABONETE FRANCIS LUXO LAV;2405023;4.35;144920;0.0
ALCOOL COPERALCOOL 46 INP;2405024;6.99;144832;0.0
VINAGRE BELMONT ALHO 750M;2405025;6.45;144799;0.0
AMACIANTE YPE TERNURA 2L;2405026;11.99;144845;0.0
VINAGRE BELMONT ALCOOL CO;2405027;3.99;144799;0.0
QUEROSENE BUFALO PINHO 50;2405028;16.99;144841;0.0
VINAGRE BELMONT ALCOOL 75;2405029;3.45;144799;0.0
LA DE ACO ASSOLAN 60G;2405030;2.49;144819;0.0
AMACIANTE CONC YPE BLUE 1;2405031;22.9;144845;0.0
ROSQUINHAS PANCO MILHO VE;2405032;11.9;144684;0.0
ALVEJ BUFALO LAVANDA S/CL;2405033;14.99;144844;0.0
CHANTILY CHANTY MIX AMELI;2405034;6.99;144739;0.0
BISNAGUINHA PANCO PREMIUM;2405035;10.99;144320;0.0
SABONETE FRANCIS LUXO ORQ;2405036;4.35;144920;0.0
FILTRADO DEL SOLE 660ML;2405037;18.9;144648;0.0
ROSQUINHAS PANCO BAUNILHA;2405038;10.99;144684;0.0
SABAO EM BARRA YPE 180G M;2405039;3.99;144848;0.0
PAO DE MEL PANCO C/COBERT;2405040;11.99;144684;0.0
BISC PANCO MARIA 400G;2405041;9.9;144684;0.0
FEIJAO PATEKO BOLINHA 1KG;2405042;15.99;144631;0.0
AMACIANTE YPE INTENSO LV2;2405043;10.99;144845;0.0
ASKOV ICE VINHO BRANCO 27;2405044;6.49;144808;0.0
CAFE LOR SOLUVEL REFIL 40;2405045;9.99;144728;0.0
ROSQUINHAS PANCO NATA 500;2405046;10.65;144684;0.0
WAFER PANCO LIMAO 140G;2405047;4.99;144691;0.0
PANELA REF FORT LAR N  20;2405048;58.9;1;0.0
BISC PANCO CREAM SODA 400;2405049;9.5;144688;0.0
BOLO PANCO COCO 300G;2405050;12.99;144320;0.0
LIMP AJAX FRESH 500ML;2405051;11.99;144839;0.0
WAFER PANCO ABACAXI C/COC;2405052;4.99;144691;0.0
SHAMPOO PALMOLIVE FORCA A;2405053;12.99;144870;0.0
WAFER PANCO FLORESTA NEGR;2405054;4.99;144691;0.0
ROSQUINHAS PANCO LEITE 50;2405055;15.49;144684;0.0
CONDIC PALMOLIVE NEUTRO 3;2405056;14.99;144869;0.0
DESINF PINHO BRIL FLORAL;2405057;6.49;144834;0.0
MINI BOLO PANQUINHO CHOCO;2405058;4.99;144320;0.0
GARRAFA TERMICA MUNDIAL P;2405060;53.9;144190;0.0
COLA SUPER BONDER 3,6G;2405061;8.49;151982;0.0
COLA SUPER BONDER ORIGINA;2405062;8.49;151982;0.0
BISC PANCO COCO 200G;2405063;4.45;144684;0.0
BISC PANCO MAISENA CHOCOL;2405064;10.45;144684;0.0
BOLO PANCO CHOCOLATE 300G;2405065;12.99;144320;0.0
MINI BOLO PANQUINHO BRIGA;2405066;4.99;144320;0.0
LIMP GERAL AJAX LAVANDA 5;2405067;5.99;144839;0.0
BISC ZABET AGUA E SAL 350;2405068;6.99;144688;0.0
VODKA ASKOV PINA COLADA 2;2405069;6.49;144808;0.0
CREME CABELO ORIGEM 2EM1;2405070;13.9;1;0.0
ARROZ EMPORIO SAO JOAO 1K;2405071;8.99;144629;0.0
ARROZ ORGANICO PATEKO 1KG;2405072;15.99;144629;0.0
BISC RECH NIKITO CHOC/MRG;2405073;2.5;144687;0.0
VINAGRE ALCOOL COLORIDO V;2405074;2.49;144799;0.0
ARROZ CUL ITALIANA EMPORI;2405075;34.9;144629;0.0
CREME CABELO ORIGEM COCO;2405076;12.9;1;0.0
ACUCAR EXTRA FINO PATEKO;2405077;4.75;144628;0.0
ACUCAR CRISTAL PATEKO 1KG;2405078;4.49;144628;0.0
CAFE CABOCLO EXTRAFORTE V;2405079;34.9;144728;0.0
BISC RECH VITARELLA MOUSS;2405080;3.95;144687;0.0
SHAMPOO DARLING 2 EM 1 35;2405082;9.9;144870;0.0
CAFE COADO PILAO SOLUVEL;2405083;7.99;144728;0.0
QUEROSENE BUFALO TRADICIO;2405084;15.99;144841;0.0
CREME CABELO ORIGEM CERAM;2405085;13.9;1;0.0
CREME CABELO ORIGEM COLAG;2405086;13.9;1;0.0
BISC ADRIA FOLHATA MANT;2405087;2.25;144684;0.0
VODKA ASKOV KIWI 275ML;2405088;6.49;144808;0.0
FEIJAO EMPORIO SAO JOAO 2;2405089;15.75;144631;0.0
FEIJAO EMPORIO SAO JOAO 1;2405090;8.49;144631;0.0
CAFE LOR CLASSIQUE SOLUVE;2405091;9.99;144728;0.0
VELA SUPER GLITTER DOURAD;2405092;8.99;144508;0.0
SABONETE SIENE ERVA DOCE;2405093;1.35;144920;0.0
BANDEJA LAMINADA MULTI FE;2405094;9.95;144508;0.0
BISCOITO FOLHADO LAR LEIT;2405095;6.49;144688;0.0
PICOLE MERLI NINHO TRUFAD;2405096;4.9;144498;0.0
VELA MULTI FESTA ROSA N 1;2405097;4.99;144508;0.0
COPO DESC COPOMAIS 50ML C;2405098;1.99;144510;0.0
VELA MULTI FESTA AZUL N 4;2405099;4.99;144508;0.0
PRATO LAMINADO MULTI FEST;2405100;3.99;144508;0.0
FRIGIDEIRA FORT-FLON 14CM;2405101;34.99;1;0.0
SALSA MULTI GOSTO 7G;2405102;1.99;144769;0.0
DES ROLL ON CORPO A CORPO;2405103;8.99;144878;0.0
BALAO MULTI FESTA SORTIDO;2405104;5.95;144508;0.0
PRATO LAMINADO MULTI FEST;2405105;4.99;144508;0.0
MARMITA OPERARIA REF FOSC;2405106;20.9;144190;0.0
SABONETE SIENE PROTEINA L;2405107;1.35;144920;0.0
BEB LACTEA ITALAKINHO MOR;2405109;2.25;149391;0.0
BALAO SUPER MULTI FESTA V;2405110;14.9;144694;0.0
PALHAS JURITI MARROM C/10;2405111;3.5;1;0.0
BALA DURA TOFFANO TOP CLA;2405112;12.99;144694;0.0
BOLO SAO DIMAS MACA C/CAN;2405113;18.9;144320;0.0
BOLO CENOURA SAO DIMAS 40;2405114;20.9;144320;0.0
ALHO MAVAN 200G;2405115;19.9;144427;0.0
DIGOS BALA YOGURTE 120G;2405116;4.5;144694;0.0
COLA LIQ LEO LEO 40G;2405117;3.99;151982;0.0
ENERGETICO TNT ORIGINAL 2;2405118;7.99;144659;0.0
SUCO LIFE LIMONADA 900ML;2405119;12.9;144348;0.0
CERVEJA ITAIPAVA LT 350ML;2405120;2.99;144646;0.0
AGUA TONICA PETRA 350ML;2405121;3.5;144675;0.0
DIGOS AMENDOIM S/PELE 70G;2405122;3.5;144856;0.0
TEMPERO P/ CHURRASCO DA V;2405123;3.99;1;0.0
MANTEIGA DA VACA C/SAL 20;2405124;13.99;144464;0.0
CERVEJA PETRA PURO MALTE;2405125;3.49;144647;0.0
ENERGETICO TNT JUICE MANG;2405126;9.9;144659;0.0
PALITO SORVETE MADEIRA C/;2405127;4.5;1;0.0
MINI PAO SAO DIMAS 500G;2405128;8.49;144320;0.0
DIGOS PASTILHAS SORTIDAS;2405129;9.5;144694;0.0
ENERGETICO TNT ORIGINAL 4;2405130;9.9;144659;0.0
DIGOS DELIDIGOS 100G;2405131;3.5;144694;0.0
PANELA PRESSAO FORT LAR P;2405132;72.9;1;0.0
DIGOS BOLINHA CHOCOLATE 1;2405133;9.5;144694;0.0
FEIJAO EMPORIO SAO JOAO B;2405134;12.49;144631;0.0
ENERGY TNT JUICE MANGO SU;2405135;7.99;144659;0.0
MASSA P/PASTEL DISCO MASS;2405136;10.99;144318;0.0
ODORIZ BREEZE GEL PROAUTO;2405137;11.99;144816;0.0
PACOCA ROLHA MANDUBIM 1,1;2405138;24.99;144715;0.0
GARFO DESC MULTI FESTA SO;2405139;7.49;144508;0.0
CERVEJA ITAIPAVA MALZBIER;2405140;4.99;149392;0.0
PANELA PRESSAO FORT FLON;2405141;129.99;1;0.0
BOLO NEGA MALUCA BRIGADEI;2405142;24.99;144320;0.0
PACOCA ROLHA COVIZZI 360G;2405143;11.9;144715;0.0
DIGOS AMENDOIM FRITO 70G;2405144;3.75;144856;0.0
REFRIG IT LEMON ICE 2L;2405145;4.75;1;0.0
SUCO LIFE LARANJA 4L;2405146;49.9;144348;0.0
DIGOS CARAMELO LEITE 140G;2405147;7.95;144694;0.0
VELA MULTI FESTA ROSA N 9;2405148;4.99;144508;0.0
PAPEL FINO JURITI C/50;2405149;1.0;153557;0.0
TALCO MEU AMORZINHO 100G;2405150;14.9;144910;0.0
DIGOS GUARDA CHUVA CHOC 6;2405151;8.49;144694;0.0
CERVEJA ITAIPAVA MALZBIER;2405152;4.99;149392;0.0
FRALDA DESC T MONICA ECON;2405153;39.9;144908;0.0
BOLO SAO DIMAS 450G;2405154;25.99;144320;0.0
DIGOS CENTENARIO DIZIOLI;2405155;10.9;144694;0.0
PANELA PRESSAO FORT LAR P;2405156;105.0;1;0.0
SUCO LIFE INTEGRAL UVA 2L;2405157;14.99;144668;0.0
DIGOS GOMA COLORIDA 100G;2405158;3.75;144694;0.0
VODKA ASKOV 100% DESTILAD;2405159;19.9;144656;0.0
FEIJAO BRANCO PATEKO 1KG;2405160;17.99;144631;0.0
BISC RECH NIKITO CHOCOLAT;2405161;2.5;144687;0.0
VINAGRE ALCOOL BELMONT 2L;2405162;9.9;144799;0.0
DESINF BUFALO LAVANDA BAC;2405163;5.99;144834;0.0
SABONETE FRANCIS LUXO BAM;2405164;4.35;144920;0.0
CREME CABELO ORIGEM AZEIT;2405165;13.9;1;0.0
CREME CABELO ORIGEM O INC;2405166;13.9;1;0.0
PALMITO PUPUNHA BELMONT R;2405167;19.49;144805;0.0
CAFE PILAO SOLUVEL TRADIC;2405168;5.65;144728;0.0
DESINF PINHO SOL LAVANDA;2405169;9.9;144834;0.0
FIO DENTAL COLGATE 50M;2405170;17.99;144890;0.0
LA DE ACO ASSOLAN 45G;2405171;2.95;144819;0.0
AMACIANTE YPE ACONCHEGO A;2405172;5.49;144845;0.0
SABONETE POM POM CAMOMILA;2405173;3.35;144920;0.0
SABAO BARRA YPE COCO 1KG;2405174;21.9;144848;0.0
REMOVEDOR BUFALO 1L;2405175;27.99;144841;0.0
BE COQ ASKOV BLACK FR SIL;2405176;19.9;144656;0.0
SABONETE POM POM GLICERIN;2405177;3.99;144920;0.0
CREME CABELO ORIGEM 2EM1;2405178;13.9;1;0.0
CAFE PILAO SOLUVEL COADO;2405179;6.49;144728;0.0
ASKOV BLUEBERRY 900ML;2405180;19.9;144656;0.0
BISC ZABET MOUSSE CHOCOLA;2405181;3.25;1;0.0
ARROZ TAIYO MAI 1KG;2405182;13.99;144629;0.0
BEB COQ ASKOV 900ML MARAC;2405183;19.9;144656;0.0
IOGURTE DANONE MORANGO 17;2405184;3.99;144480;0.0
BISC RECH ZABET MOUSSE LI;2405185;2.65;144687;0.0
CREME CABELO ORIGEM BABOS;2405186;13.9;1;0.0
DESINF PINHO SOL ORIGINAL;2405187;16.99;144834;0.0
ADOCANTE ADOCYL STEVIA 80;2405188;8.99;144703;0.0
LA DE ACO ASSOLAN 60G;2405189;1.79;144819;0.0
SHAMPOO DARLING CERAMIDAS;2405190;9.9;144870;0.0
DIGOS BRINQUEDO SORTIDO 2;2405191;9.9;144694;0.0
VINAGRE BELMONT COLORIDO;2405192;2.99;144799;0.0
CAFE SOLUVEL PILAO TRADIC;2405193;6.49;144728;0.0
CAFE PILAO EXTRAFORTE A V;2405194;18.99;144728;0.0
BISC ZABET LEITE 350G;2405195;6.99;1;0.0
ESC DENTAL COLGATE CLASSI;2405196;6.99;144889;0.0
FEIJAO CARIOCA RIVIERA 2K;2405197;19.95;144631;0.0
SABONETE FRANCIS LUXO CER;2405199;4.35;144920;0.0
CONDIC DARLING CERAMIDAS;2405200;12.99;144869;0.0
VINAGRE BELMONT TINTO 750;2405201;3.99;144799;0.0
BISC ZABET CREAM CRACKER;2405202;6.99;144688;0.0
ARROZ EMPORIO SAO JOAO 5K;2405203;32.9;144629;0.0
CREME CABELO ORIGEM ABACA;2405204;13.9;1;0.0
BEB COQ ASKOV LIMAO 900ML;2405205;19.9;144656;0.0
CREME CABELO ORIGEM OLEO;2405206;12.9;1;0.0
ARROZ EMPORIO SAO JOAO 2K;2405207;17.99;144629;0.0
ESCOVA DENTAL COLGATE CLA;2405208;8.99;144889;0.0
VINAGRE BALSAMICO BELMONT;2405209;12.9;144799;0.0
CREME TRAT ORIGEM OLEO DE;2405210;13.9;144873;0.0
CAFE CABOCLO TRADIC ALMOF;2405211;29.99;144728;0.0
BISC RECH NIKITO MORANGO;2405212;2.5;144687;0.0
FEIJAO EMPORIO SAO JOAO P;2405213;8.99;144631;0.0
DETERGENTE YPE NEUTRO 500;2405214;2.75;144818;0.0
REMOVEDOR BUFALO 500ML;2405215;13.9;144841;0.0
CONDIC PALMOLIVE KIDS CAB;2405216;19.99;144869;0.0
IOGURTE DANONE VIT FRUTAS;2405217;3.99;144480;0.0
CAFE PILAO DESCAFEINADO V;2405218;19.99;144728;0.0
FEIJAO BRANCO PATEKO 500G;2405219;9.49;144631;0.0
ARROZ EMPORIO SAO JOAO IN;2405220;9.9;144629;0.0
BISC ZABET MAIZENA 350G;2405221;7.49;144684;0.0
FEIJAO PATEKO FRADINHO 1K;2405222;8.99;144631;0.0
VINAGRE BELMONT LIMAO 750;2405223;6.45;144799;0.0
CREME CABELO ORIGEM KARIT;2405224;13.9;1;0.0
DETERGENTE YPE CLEAR 500M;2405225;2.75;144818;0.0
VINAGRE VINARO ALCOOL 750;2405226;2.49;144799;0.0
VINAGRE BELMONT MACA 750M;2405227;8.99;144799;0.0
CHANTILLY AMELIA 1L;2405228;22.9;144739;0.0
VODKA ASKOV LIMAO 275ML;2405229;6.49;144808;0.0
PALMITO PUPUNHA BELMONT I;2405230;22.9;144805;0.0
LA DE ACO ASSOLAN 60G;2405231;2.69;144819;0.0
SABONETE FRANCIS LUXO JAS;2405232;4.35;144920;0.0
DESINF BUFALO EUCALIPTO 2;2405233;5.99;144834;0.0
PAO INTEGRAL SAO DIMAS BE;2405234;6.99;144320;0.0
PALHA ESPECIAL ZAP AZUL;2405235;3.5;1;0.0
AMENDOIM TORRADO MANDUBIM;2405236;7.49;144856;0.0
DIGUINHO DIGOS 100G;2405237;6.99;144694;0.0
DIGOS AMENDOIM FRITO 150G;2405238;6.99;144856;0.0
PALHA ZAP;2405239;4.99;153557;0.0
DIGOS BOY BRINQUEDO 4,5G;2405240;6.99;144694;0.0
MULTIUSO AZULIM LIMAO 500;2405241;4.99;144840;0.0
AGUA MINERAL DAFLORA 1,5L;2405242;3.5;144638;0.0
COLA LIQ LEO LEO 90G;2405243;4.99;151982;0.0
DIGOS TOYS 100G;2405244;4.99;144694;0.0
PACOCA ROLHA EMBRULHADA M;2405245;24.99;144715;0.0
KIT QER SH+COND;2405246;49.9;144928;0.0
SUCO LIFE MARACUJA 1,7L;2405247;21.9;144348;0.0
CERVEJA ITAIPAVA GO DRAFT;2405248;3.99;144646;0.0
CERVEJA PETRA PREMIUM ESC;2405249;4.25;144646;0.0
PAO DE FORMA SAO DIMAS 50;2405250;6.49;144320;0.0
VELA MULTI FESTA ROSA N 6;2405251;4.99;144508;0.0
DIGOS AMENDOIM CHOCOLATE;2405252;8.99;144694;0.0
BOLO SAO DIMAS MOUSSE DE;2405253;23.9;144320;0.0
DIGOS MINHOCA GOMA AZEDIN;2405254;6.75;144694;0.0
REQUEIJAO CREMOSO DAVACA;2405255;8.99;144478;0.0
DIGOS GIRL BRINQUEDO 30G;2405256;5.79;144694;0.0
BEB MISTA CABARE ICE FR A;2405257;7.99;144808;0.0
CERVEJA BLACK PRINCESS PU;2405258;4.99;144647;0.0
CERVEJA CRYSTAL 12X350ML;2405259;30.0;144646;0.0
FAROFA TEMP VOVO 350G;2405260;9.9;144772;0.0
FACA CB BRANCO WESTERN DE;2405261;20.9;1;0.0
FRIGIDEIRA FRANCESA FORT;2405262;57.9;1;0.0
LAPISEIRA LEO LEO 07MM;2405263;3.5;1;0.0
SODA CAUSTICA KAVEIRA ESC;2405264;19.9;144821;0.0
ENERGETICO TNT MACA VERDE;2405265;7.99;144659;0.0
SUCO LIFE INTEGRAL CAJU 9;2405266;12.9;144348;0.0
ENERGETICO TNT DRINK ZERO;2405267;7.99;144659;0.0
SUCO LIFE LARANJA 2L;2405268;14.99;144348;0.0
SUCO LIFE LARANJA 1,7L;2405269;21.9;144348;0.0
CARNE SECA DIANTEIRO MARB;2405270;17.99;144443;0.0
ENERGY DRINK TNT ACAI GUA;2405271;7.99;144659;0.0
BEB MISTA CABARE ICE TANG;2405272;7.99;144808;0.0
DIGOS GOMOS FRUTAS 200G;2405273;6.49;144694;0.0
FORMA BRIGADEIRO MULTI FE;2405274;6.5;144508;0.0
LAVA ROUPAS CONC TUFF CLE;2405275;11.9;144852;0.0
IPANEMA DISNEY INFANTIL R;2405276;32.9;144493;0.0
HAVAIANAS TOP VERDE FRESC;2405277;28.9;144492;0.0
HAVAIANAS SLIM GLOSS BEGE;2405278;55.9;144492;0.0
HAVAIANAS ALOHA PRETO 39/;2405279;35.9;144492;0.0
IPANEMA SOLAR AD;2405280;22.99;144493;0.0
IPANEMA SOLAR SAND INF PT;2405281;33.9;144493;0.0
UVA PASSA ESCURA PEPOL 15;2405282;6.45;144693;0.0
HAVAIANAS TOP TIMES PRETO;2405283;64.9;144492;0.0
SABONETEIRA UNINJET;2405284;4.99;1;0.0
HAVAIANAS DUAL BCO/CINZA;2405285;67.9;144492;0.0
HAVAIANAS TOP VERDE FRESC;2405286;28.9;144492;0.0
PRENDEDOR DE MADEIRA AGUI;2405287;3.5;144356;0.0
LEITE PIRACANJUBA SEMI ZE;2405288;7.99;144632;0.0
HAVAIANAS SLIM SQUARE BCO;2405289;43.9;144492;0.0
DESINF CONC AZULIM DILUIV;2405290;9.9;144834;0.0
BALDE C/ALCA UNINJET 9L;2405291;24.9;144356;0.0
CERA AUTOMOTIVA INDY CRYL;2405292;17.99;144812;0.0
LEITE NINHO INTEGRAL ZERO;2405293;8.99;144632;0.0
CHOCOLATE TORTUGUITA NAPO;2405294;1.5;144699;0.0
CHOCOLATE TORTUGUITA LEIT;2405295;1.5;144699;0.0
ALVEJANTE S/CLORO TUFF 2L;2405296;17.99;144844;0.0
HAVAIANAS TOP PINK ELETRI;2405297;27.9;144492;0.0
HAVAIANAS SLIM GLOSS BEGE;2405298;55.9;144492;0.0
REP PONTAS FIXED COCO 30M;2405299;7.49;144873;0.0
TIRA LIMO AZULIM CLORO AT;2405300;5.95;144821;0.0
HAVAIANAS SLIM ROMANCE BC;2405301;44.9;144492;0.0
PAO CASEIRO SAO DIMAS 400;2405302;10.9;144320;0.0
CREME PENTEAR ELSEVE QUER;2405303;17.9;144872;0.0
HAVAIANAS SLIM GLITER NEO;2405304;79.99;144492;0.0
HAVAIANAS TOP VERMELHO CR;2405305;27.9;144492;0.0
PASTA BRILHO ALUMIL 500G;2405306;9.9;144820;0.0
CHOCOLATE TORTUGUITA 7BEL;2405307;1.5;144699;0.0
BELISCAO PAULISTA 220G;2405308;8.5;1;0.0
IPANEMA BELLE JARDIM AD;2405309;44.9;144493;0.0
HAVAIANAS SLIM NEON GLOW;2405310;67.9;144492;0.0
HAVAIANAS TOP VERMELHO CR;2405311;27.9;144492;0.0
SHAMPOO ELSEVE COLOR VIVE;2405313;17.9;144870;0.0
CONDIC ELSEVE REPARACAO T;2405314;18.9;144869;0.0
HAVAIANAS SLIM ANIMALS RO;2405315;47.9;144492;0.0
ASKOV ICE GIN TONICA 275M;2405317;5.99;144808;0.0
CORDA P/VARAL POLIFORT 10;2405318;3.5;144356;0.0
VODKA ASKOV FRUTAS VERMEL;2405319;6.49;144808;0.0
DESINF BUFALO JASMIM 2L;2405320;5.99;144834;0.0
PAO HAMBURGAO SAO DIMAS 3;2405321;10.9;144320;0.0
CERVEJA CRYSTAL BEER 300M;2405322;2.09;144646;0.0
AMENDOIM SALGADO MANDUBIM;2405323;7.49;144856;0.0
CHOCOTTONE SAO DIMAS 500G;2405324;14.9;144858;0.0
PANETTONE SAO DIMAS 500G;2405325;14.9;144858;0.0
ENERGETICO TNT TANGERINA;2405326;7.99;144659;0.0
BEB MISTA CABARE ICE FR V;2405327;7.99;144808;0.0
COLONIA INF MEU AMORZINHO;2405328;15.99;144910;0.0
GARFO REFEICAO MULTI FEST;2405329;10.49;144508;0.0
DIGOS CHICLETE DANNY BALL;2405330;5.99;144694;0.0
CAFE PILAO VACUO 500G;2405331;38.9;144728;0.0
HAVAIANAS SLIM GLOSS ROSA;2405332;55.9;144492;0.0
HAVAIANAS TOP DISNEY BCO/;2405333;37.9;144492;0.0
HAVAIANAS SLIM ORGANIC PT;2405334;49.99;144492;0.0
DESINF CONC AZULIM DILUIV;2405335;9.9;144834;0.0
HAVAIANAS TOP TIME BRANCO;2405336;64.9;144492;0.0
SABONETE ONLY PARIS 90G;2405337;2.59;144920;0.0
HAVAIANAS SLIM ANIMALS RS;2405338;49.99;144492;0.0
AROMATIZANTE INDY CRYL SC;2405339;8.49;144816;0.0
ERVILHA FRESCA PRATIGEL C;2405341;8.99;144173;0.0
LIMPADOR PERF AZULIM GRAT;2405342;5.99;144839;0.0
APARELHO BARBEAR BLUSHAVE;2405343;7.99;144898;0.0
HAVAIANAS COLOR ESSENTIA;2405344;34.9;144492;0.0
HAVAIANAS COLOR ESSENTIA;2405345;34.9;144492;0.0
GARRAFA SLEEVE DOGS 250ML;2405346;4.99;1;0.0
AROMATIZANTE INDY CRYL SA;2405347;8.49;144816;0.0
AMACIANTE CONC TUFF SPLEN;2405348;14.99;144845;0.0
HAVAIANAS SLIM ORGANIC AZ;2405349;49.99;144492;0.0
INSETICIDA AERO VOREL BA;2405350;15.99;144837;0.0
HAVAIANAS TOP TIMES BRANC;2405351;64.9;144492;0.0
PASTILHA ADESIVA AZULIM F;2405352;6.99;144836;0.0
LIMPADOR PERF AZULIM PAIX;2405353;5.99;144839;0.0
BORRIFADOR BOLINHA PLASDU;2405355;12.9;1;0.0
HAVAIANAS TOP SALMAO 43/4;2405356;28.9;144492;0.0
SODA CAUSTICA ESCAMA VORE;2405357;15.99;1;0.0
HAVAIANAS BRASIL BABY LOG;2405358;42.99;144492;0.0
SAPONACEO CREMOSO AZULIM;2405359;9.9;1;0.0
ESCOVA DENTAL BIANCO CLEA;2405360;7.99;144889;0.0
ANTIS ASSEPTGEL CLOREXIDI;2405361;9.9;1;0.0
HAVAIANAS SLIM ORGANIC RO;2405362;49.99;144492;0.0
LIMP PERF AZULIM CONC CAP;2405363;12.99;144839;0.0
ESPONJA LAVA LOUCAS AZULI;2405364;6.49;144819;0.0
ANTISSEPTICO ASSEPTGEL SP;2405365;5.49;1;0.0
REFRIG ITABOM LIMAO 2L;2405366;4.75;144679;0.0
OVOS REAL BCO GRANDE;2405367;13.49;144428;0.0
MULTIUSO AZULIM OXI 550ML;2405368;4.99;144840;0.0
ESPREMEDOR DE LEGUMES MET;2405369;11.9;1;0.0
REPELENTE AERO ONLY 150ML;2405370;13.49;1;0.0
HAVAIANAS COLOR ESSENTIA;2405371;34.9;144492;0.0
ESPREMEDOR ALHO 5UTILID;2405372;5.99;1;0.0
SABONETE ASSEPTGEL ORIGIN;2405373;3.89;144920;0.0
HAVAIANAS TOP TIMES BRANC;2405374;64.9;144492;0.0
HAVAIANAS FANTASIA POP BE;2405375;39.9;144492;0.0
FILTRADO DEL SOLE 660ML;2405376;18.9;144648;0.0
ROSQUINHAS COCO TICA 500G;2405377;9.9;144684;0.0
AMACIANTE YPE ACONCHEGO L;2405378;10.99;144845;0.0
SABONETE FLOR DE YPE AMEN;2405379;2.45;144920;0.0
SABAO EM BARRA YPE COCO 2;2405380;4.99;144848;0.0
ASKOV FR ROXAS 900ML;2405381;19.9;144656;0.0
CAFE CABOCLO EXTRAFORTE A;2405382;29.99;144728;0.0
SABONETE FLOR DE YPE AGUA;2405383;2.25;144920;0.0
SABAO BARRA YPE AZUL 1KG;2405384;14.99;144848;0.0
SABONETE POMPOM HIDRATANT;2405385;3.99;144920;0.0
SABAO EM PO TIXAN PRIMAVE;2405386;18.99;144846;0.0
QUEROSENE BUFALO EUCALIPT;2405387;15.99;144841;0.0
SABAO BARRA YPE NEUTRO 1K;2405388;11.99;144848;0.0
AMACIANTE YPE INTENSO 2L;2405389;11.99;144845;0.0
QUEROSENE BUFALO 1L;2405390;27.99;144841;0.0
ALVEJANTE BUFALO S/CLORO;2405391;17.99;144844;0.0
ADOCANTE LIQ ZERO CAL STE;2405392;12.9;144703;0.0
DETERGENTE YPE MACA 500ML;2405393;2.75;144818;0.0
SABONETE POMPOM AMENDOAS;2405394;3.99;144920;0.0
ACUCAR DEMERARA PATEKO 1K;2405395;5.49;144628;0.0
DESINF BUFALO PINHO TRAD;2405396;5.99;144834;0.0
SABONETE FLOR DE YPE ROSA;2405397;2.25;144920;0.0
BEBEZINHO PANCO RECH MORA;2405398;13.49;144320;0.0
SABONETE FLOR DE YPE LARA;2405399;2.25;144920;0.0
CAFE CABOCLO POUCH 500G;2405400;29.99;144728;0.0
DELICIOSOS SALGADINHOS PA;2405401;10.25;144688;0.0
SABAO BARRA YPE NEUTRO 90;2405402;12.99;144848;0.0
SABAO EM PO TIXAN YPE PRO;2405403;11.99;144846;0.0
DESINF BUFALO PINHO LAVAN;2405404;5.99;144834;0.0
VODKA ASKOV BLUEBERRY 275;2405405;6.49;144808;0.0
AMACIANTE YPE ACONCHEGO 2;2405406;11.99;144845;0.0
DETRG PO TIXAN YPE 1,6KG;2405407;18.9;144846;0.0
BISC PANCO AGUA E SAL 200;2405408;4.49;144688;0.0
CAFE CABOCLO A VACUO 500G;2405409;34.9;144728;0.0
SABAO EM BARRA YPE COCO 9;2405410;16.99;144848;0.0
ADOCANTE LIQ ZERO CAL 100;2405411;7.49;144703;0.0
SABAO EM PO TIXAN YPE MAC;2405412;18.99;144846;0.0
DETERGENTE YPE LIMAO 500M;2405413;2.75;144818;0.0
QUEROSENE BUFALO JASMIM 5;2405414;16.99;144841;0.0
ASKOV KIWY 900ML;2405415;19.9;144656;0.0
PANO MULTIUSO PERFEX C/5;2405416;7.99;1;0.0
BEBEZINHO PANCO CHOCOLATE;2405417;4.99;144320;0.0
ABS MILI NOTURNO SUAVE C/;2405418;24.9;144892;0.0
DETERGENTE LIMPOL LIMAO 5;2405419;2.45;144818;0.0
SHAMPOO PALMOLIVE PRETOS;2405420;12.99;144870;0.0
SAPOLIO RADIUM CLASSICO B;2405421;3.75;144854;0.0
BEBEZINHO PANCO CHOC SUIC;2405422;4.99;144320;0.0
WAFER PANCO GOLDEN BLACK;2405423;4.99;144691;0.0
SABONETE PALMOLIVE KARITE;2405424;5.49;144920;0.0
SABONETE PALMOLIVE FRAMBO;2405425;5.49;144920;0.0
AMACIANTE MON BIJOU NATUR;2405426;10.49;144845;0.0
SABONETE PROTEX COMPLETE;2405428;5.45;144920;0.0
SAPOLIO RADIUM CR LAVANDA;2405429;11.99;144854;0.0
AMACIANTE MON BIJOU FRESC;2405430;10.49;144845;0.0
COLA SUPER BONDER 3G;2405431;8.49;151982;0.0
SABONETE PROTEX BALANCE 8;2405432;5.45;144920;0.0
SHAMPOO PALMOLIVE NATURAL;2405433;19.99;144906;0.0
SABONETE PALMOLIVE AMENDO;2405434;5.49;144920;0.0
GARRAFA TERMICA TERMOLAR;2405435;135.9;144190;0.0
SABAO BARRA YPE MULTIATIV;2405436;12.99;144848;0.0
SABONETE PALMOLIVE JASMIM;2405437;3.49;144920;0.0
MOSTARDA HEINZ YELLOW C/M;2405438;17.99;144753;0.0
MAIONESE QUERO 495G;2405439;8.45;144752;0.0
SABONETE PROTEX CREAM 85G;2405440;5.45;144920;0.0
LIMP AJAX FRESH LEMON 500;2405441;11.99;144839;0.0
CORANTE GUARANY VERDE MUS;2405442;3.99;144849;0.0
QUEROSENE BUFALO LAVANDA;2405443;16.99;144841;0.0
CR DENTAL COLGATE TOTAL 1;2405444;10.99;144887;0.0
BOLO PANCO CHOCO BOY 300G;2405445;12.99;144320;0.0
SABAO BARRA YPE COCO/AVEI;2405446;4.99;144848;0.0
BISCOITO PANCO CRACKER IN;2405447;8.49;144686;0.0
MINI BOLO PANQUINHO CHOC/;2405448;4.99;144320;0.0
DESINF PINHO BRIL FLORES;2405449;8.99;144834;0.0
SABAO EM BARRA YPE NEUTRO;2405450;3.5;144848;0.0
SABONETE PROTEX AVEIA 85G;2405451;5.45;144920;0.0
SABAO EM PO TIXAN MACIEZ;2405452;6.99;144846;0.0
SHAMPOO PALMOLIVE FRIZZ R;2405453;12.99;144870;0.0
SABAO EM PO TIXAN PRIMAVE;2405454;6.99;144846;0.0
DESINFETANTE PINHO BRIL S;2405455;10.9;144834;0.0
WAFER PANCO CHOCOLATE 140;2405456;4.99;144691;0.0
MOLHO REF HEMMER SC 300G;2405457;2.65;1;0.0
HAVAIANAS TOP ATHLETIC CI;2405458;34.9;144492;0.0
HAVAIANAS SLIM GLOSS ROSA;2405459;55.9;144492;0.0
AZEITONAS VERDES SABOROSA;2405460;19.9;144801;0.0
AMACIANTE TUFF BABY ALOE;2405461;9.9;144845;0.0
MULTIUSO AZULIM ORIGINAL;2405462;4.99;144840;0.0
ALCOOL GEL ASSEPTGEL 70IN;2405463;29.9;144882;0.0
FARINHA MANDIOCA GROSSA S;2405464;7.59;144772;0.0
FAROFA PRONTA PEPOL PICAN;2405465;8.99;144772;0.0
LIMPA CERAMICAS AZULIM LA;2405466;9.9;144842;0.0
MOLHO DE PIMENTA PEPOL 15;2405467;4.99;144757;0.0
HAVAIANAS TOP ATHLETIC BC;2405468;34.9;144492;0.0
DESINF CONC AZULIM DILUIV;2405469;9.9;144834;0.0
BRILHA PNEU INDY CRYL 500;2405470;15.99;144813;0.0
PAPRICA DEFUMADA PEPOL 20;2405471;3.75;144770;0.0
HAVAIANAS KIDS SLIM PRINC;2405472;49.99;144492;0.0
IPANEMA BRASIL AD;2405473;34.99;144493;0.0
HAVAIANAS SLIM ANIMALS RO;2405474;47.9;144492;0.0
FAROFA PRONTA TRADIC PEPO;2405475;7.69;144772;0.0
REVITALIZADOR DE PNEUS IN;2405476;11.99;144813;0.0
LIMPADOR PERF AZULIM CARI;2405477;8.99;144839;0.0
HAVAIANAS KIDS SLIM PRINC;2405478;51.9;144492;0.0
HAVAIANAS TOP ATHLETIC BC;2405479;34.9;144492;0.0
OLEO CAPILAR KERATEX COCO;2405480;8.99;1;0.0
HAVAIANAS TOP TIMES PRETO;2405481;64.9;144492;0.0
HAVAIANAS TOP PINK ELETRI;2405482;27.9;144492;0.0
BEB LACTEA PIRACANJUBA WH;2405483;7.5;149391;0.0
AROMATIZANTE PAINEL INDY;2405484;19.9;144816;0.0
DESENGORDURANTE AZULIM 50;2405485;14.99;144821;0.0
OLEO CAPILAR KERATEX ARGA;2405486;8.99;1;0.0
PEDRA SANITARIA AZULIM EU;2405487;1.99;144836;0.0
SEMENTE GIRASSOL GRAUDO S;2405488;5.75;144489;0.0
CREME TRAT ELSEVE QUERA L;2405489;23.99;144873;0.0
HAVAIANAS TOP LILAS ESCUR;2405490;29.9;144492;0.0
IPANEMA SOLAR SLIDE AD;2405491;31.9;144493;0.0
TIRA LIMO AZULIM CLORO AT;2405492;11.99;144821;0.0
PAPRICA PICANTE PEPOL 20G;2405493;3.45;144770;0.0
HAVAIANAS TOP TIMES PRETO;2405494;64.9;144492;0.0
HAVAIANAS ALOHA PTO/PTO 3;2405495;36.99;144492;0.0
REP PONTAS FIXED TRADIC 3;2405496;7.49;144873;0.0
LIMPADOR PERF AZULIM CARI;2405497;5.99;144839;0.0
ESMALTE IMPALA ACALMA MEN;2405498;5.99;144924;0.0
HAVAIANAS TOP VERDE FRESC;2405499;28.9;144492;0.0
HAVAIANAS TOP ATHLETIC VD;2405500;34.9;144492;0.0
HAVAIANAS ALOHA ALURE 41/;2405501;35.9;144492;0.0
LIMPA VIDROS AZULIM 500ML;2405502;7.99;144838;0.0
HAVAIANAS TOP FERRUGEM/CO;2405503;27.9;144492;0.0
CHINELO IPANEMA TURMA DA;2405504;28.9;144493;0.0
HAVAIANAS TOP PINK ELETRI;2405505;27.9;144492;0.0
BICO MAMADEIRA SILICONE M;2405506;6.49;144328;0.0
IPANEMA CARTAGO DAKAR AD;2405507;45.9;144493;0.0
HAVAIANAS SURF BCO/MAR 39;2405508;58.9;144492;0.0
LEITE CONDENS PIRACANJUBA;2405509;7.69;144718;0.0
CERA LIQUIDA POLYLAR VERD;2405510;6.49;144842;0.0
REPARADOR PONTAS FIXED BA;2405511;7.49;144873;0.0
LAVA AUTOS INDY CRYL 500M;2405512;10.9;144813;0.0
ALVEJANTE TUFF S/CLORO 1L;2405513;8.99;144844;0.0
PASTA BRILHO ALUMIL COCO;2405514;9.49;1;0.0
FAROFA PRONTA PEPOL TRADI;2405515;8.99;144772;0.0
PEDRA SANITARIA AZULIM LA;2405516;1.99;144836;0.0
CHINELO IPANEMA TEMAS INF;2405517;28.9;144493;0.0
AMACIANTE YPE INTENSO 2L;2405518;11.99;144845;0.0
PANO FELPUDO MULTBOM 60X7;2405519;18.99;1;0.0
DETERGENTE YPE CLEAR CARE;2405520;2.75;144818;0.0
BENEGRIP COMPRIMIDOS;2405521;16.99;1;0.0
AMACIANTE YPE ACONCHEGO 2;2405522;11.99;144845;0.0
LAVA ROUPAS EM PO TIXAN G;2405523;11.99;144846;0.0
SABAO EM PO TIXAN YPE PRI;2405524;17.99;144846;0.0
SABAO EM PO TIXAN YPE MAC;2405525;10.99;144846;0.0
ASKOV FR VERMELHA 900ML;2405526;19.9;144656;0.0
SABONETE FRANCIS LUXO ROS;2405527;4.35;144920;0.0
ROSQUINHAS PANCO CHOCOLAT;2405528;13.49;144684;0.0
TIXAN 800G PRIMAVERA;2405529;10.99;144846;0.0
CAFE CABOCLO TRADIC VACUO;2405530;17.99;144728;0.0
AMACIANTE YPE CARINHO 2L;2405531;11.99;144845;0.0
ADOCANTE LIQ ZERO CAL 200;2405532;12.99;144703;0.0
PAO DE FORMA PANCO JUNIOR;2405533;8.49;144320;0.0
VODKA ASKOV MARACUJA 275;2405534;6.49;144808;0.0
PAO PANCO EGG SPONGE 250G;2405535;15.75;144320;0.0
QUEROSENE AZULIM 1L;2405536;24.99;144841;0.0
SACO ALVEJADO ESPECIAL MU;2405537;11.9;144291;0.0
GEL DENTAL BIANCO ADVANCE;2405671;8.99;144907;0.0
HAVAIANAS COLOR ESSENTIA;2405672;34.9;144492;0.0
MULTIUSO AZULIM FLORATA 5;2405673;4.99;144840;0.0
HAVAIANAS TOP AMARELO POP;2405674;28.9;144492;0.0
GIZ DE CERA FINO KOALA CU;2405675;1.99;1;0.0
HAVAIANAS TOP AMARELO POP;2405676;28.9;144492;0.0
CREME DENTAL BIANCO KIDS;2405677;6.99;144907;0.0
ALCOOL LIQ START ASSEPTGE;2405678;7.99;144882;0.0
ODORIZADOR GEL INDY CRYL;2405679;8.99;144816;0.0
LUSTRA MOVEIS AZULIM FLOR;2405680;7.99;144840;0.0
ESCOVA DENTAL BIANCO CLEA;2405681;15.99;144889;0.0
BISNAGA MOSTARDA PLASDURA;2405682;5.99;144753;0.0
SABONETE ONLY VIENA 90G;2405683;2.59;144920;0.0
ALCOOL GEL GELALCOOL STAR;2405684;9.49;1;0.0
HAVAIANAS SLIM ORGANIC PT;2405685;49.99;144492;0.0
AROMATIZANTE INDY CRYL SA;2405686;8.49;144816;0.0
PASTA DE BRILHO ALUMIL LI;2405687;9.49;1;0.0
ESPREMEDOR ALHO BIG;2405688;6.99;1;0.0
PASTILHA ADESIVA AZULIM C;2405689;6.59;144836;0.0
MAIONESE FUGINI SC 200G;2405690;2.75;144752;0.0
PENEIRA METAL FUBA 25CM;2405691;20.9;1;0.0
BOTINA SEGURANCA PRETO;2405692;67.9;144490;0.0
HAVAIANAS TOP TIMES AMAZO;2405693;64.9;144492;0.0
BISNAGA KETCHUP PLASDURAN;2405694;5.99;144751;0.0
HAVAIANAS SLIM ORGANIC AZ;2405695;49.99;144492;0.0
HAVAIANAS BRASIL LIGHT AZ;2405696;45.9;144492;0.0
LIMPA FORNOS E MICROONDAS;2405697;14.99;1;0.0
SABONETE ASSEPTGEL AMENDO;2405698;3.89;144920;0.0
LIMP PERF AZULIM PERFUMES;2405699;8.99;144839;0.0
HAVAIANAS BRASIL LIGHT BR;2405700;43.9;144492;0.0
MAIONESE FUGINI180G;2405701;2.25;144752;0.0
AMACIANTE TUFF CONC POEME;2405702;9.9;144845;0.0
SACO AZULAO MULTBOM 80X60;2405703;11.99;144291;0.0
AMACIANTE CONC TUFF LE JA;2405704;14.99;144845;0.0
HAVAIANAS SLIM ORGANIC AR;2405705;49.99;144492;0.0
MULTIUSO CREMOSO AZULIM L;2405706;8.99;144840;0.0
HAVAIANAS TOP DISNEY BCO/;2405707;45.9;144492;0.0
LIMPADOR CONC PERF AMBIEN;2405708;12.99;144839;0.0
SACO PLASTICO BRICOFLEX 3;2405709;7.99;1;0.0
POTE PREMIUM QUADRADO COL;2405710;12.5;1;0.0
MEXEDOR DE CAFE MULTI FES;2405711;6.49;144508;0.0
COLORIFICO DA VOVO 300G;2405712;10.99;149379;0.0
CHOCOLATE TORTUGUITA 15,5;2405713;1.5;144699;0.0
VELA SUPER GLITTER DOURAD;2405715;8.99;144508;0.0
ROLO ADESIVO TIRA PELOS C;2405716;9.9;1;0.0
VELA MULTI FESTA AZUL N 8;2405717;4.99;144508;0.0
ACAFRAO DA TERRA MULTI GO;2405718;5.75;144769;0.0
BALOES MULITI FESTA COLOR;2405719;14.99;144508;0.0
FUBA MIMOSO PEPOL 500G;2405720;1.39;144772;0.0
MASSA P/PIZZA SAO DIMAS 3;2405721;9.9;144320;0.0
BISNAGUINHA SAO DIMAS 350;2405723;6.49;144320;0.0
FILME PVC BRICOFLEX 30M;2405724;7.99;144510;0.0
CURRY MULTI GOSTO 30G;2405725;5.49;144769;0.0
VELA MULTI FESTA ROSA N 0;2405726;4.99;144508;0.0
HAMBURGUER BRASA BURGUER;2405727;1.99;144174;0.0
CERVEJA PILSEN WIENBIER 3;2405728;2.79;144646;0.0
TEMPERO P/FEIJAO PEPOL 20;2405729;3.75;149379;0.0
PAPRICA DOCE EM PO PEPOL;2405730;3.45;1;0.0
TEMPERO COMPLETO DA VOVO;2405731;3.99;1;0.0
POTE PREMIUM QUADRADO PLA;2405732;15.9;1;0.0
VELA MULTI FESTA ROSA N 7;2405733;4.99;144508;0.0
CANELA DA CHINA EM PO MUL;2405734;5.99;144769;0.0
BOLO DE COCO FLOCOS S DIM;2405735;23.9;144320;0.0
NOZ MOSCADA MOIDA MULTI G;2405736;3.25;144769;0.0
TEMPERO BAIANO MULTI GOST;2405737;4.99;144769;0.0
COLONIA INF MEU AMORZINHO;2405738;15.99;144910;0.0
MINI PAO DOCE CREME SAO D;2405740;10.9;144320;0.0
SUSPIRO CASEIRO SAO DIMAS;2405741;6.99;144320;0.0
CANELA EM PO MULTI GOSTO;2405742;2.25;144769;0.0
SACO P/LIXO LEVALIXO REFO;2405743;4.35;144510;0.0
VELA SUPER GLITTER DOURAD;2405744;8.99;144508;0.0
LING PERNIL SUINO REAL TR;2405745;17.49;144296;0.0
OREGANO MULTI GOSTO 10G;2405746;3.5;144769;0.0
FRSLDA DESC TURMA MONICA;2405747;39.99;144908;0.0
PIMENTA DO REINO PRETA MO;2405748;7.99;144769;0.0
DIPIRONA MAXALGINA 500MG;2405749;7.99;1;0.0
VELA SUPER GLITTER DOURAD;2405750;8.99;144508;0.0
PRATO LAMINADO MULTI FEST;2405751;5.99;144508;0.0
HAVAIANAS KIDS ATHLETIC M;2405752;35.9;144492;0.0
FINI TUBES MORANGO 80G;2405753;7.99;144694;0.0
HAVAIANAS KIDS TOP FASHIO;2405754;32.9;144492;0.0
FEIJAO BOTELHO 2KG;2405755;13.49;144631;0.0
HAVAIANAS KIDS TOP CARS L;2405756;44.9;144492;0.0
HAVAIANAS SLIM GLOSS MAR/;2405757;44.9;144492;0.0
HAVAIANAS KIDS FLORES BCO;2405758;39.9;144492;0.0
GARRAFA SLEEVE PRINCESAS;2405759;6.99;1;0.0
IPANEMA NO;2405760;19.9;144493;0.0
HAVAIANAS LOGOMANIA VER 4;2405761;48.9;144492;0.0
TILAPIA MULTI FISH 400G;2405762;28.9;144182;0.0
HAVAIANAS SIMPSONS BCO/AZ;2405764;49.9;144492;0.0
HAVAIANAS SLIM ROMANCE RO;2405765;45.9;144492;0.0
JARRA GRADUADA COLOR PLAS;2405766;11.99;1;0.0
FINI TUBES ACIDO MRG 80G;2405768;8.49;144694;0.0
HAVAIANAS LOGOMANIA VERM;2405769;48.9;144492;0.0
GARRAFA PET MINNIE 700ML;2405770;23.99;1;0.0
HAVAIANAS TOP ANIMALS ARE;2405771;42.9;144492;0.0
CHOCOLATE KINDER TRONKY 1;2405772;4.75;144699;0.0
HAVAIANAS SLIM PETS DOURA;2405773;28.9;144492;0.0
ESSENCIA NOGUEIRA TORUS 1;2405774;7.99;144834;0.0
BARRA CEREAL TRIO COCO/CH;2405775;2.5;144710;0.0
GOIABADA QUERO MAIS BARRA;2405776;10.9;144715;0.0
GOIABADA CASCAO QUERO MAI;2405777;9.49;144715;0.0
BANANA CRISTALIZADA QUERO;2405778;15.99;144715;0.0
IPANEMA RIDER STORM DEDO;2405779;35.99;144493;0.0
ESSENCIA NOGUEIRA FLORAL;2405780;7.99;144834;0.0
HAVAIANAS TOP LOGOMANIA B;2405781;44.9;144492;0.0
RIDER FEEL URBAN DEDO AD;2405782;31.99;144493;0.0
AMENDOIM TRD SLGD QUERO M;2405783;14.99;144715;0.0
FEIJAO BOTELHO 1KG;2405784;6.99;144631;0.0
SQUEEZE PLASDURAN PRETA G;2405785;12.99;144341;0.0
BARRA CEREAL TRIO BANANA/;2405786;2.99;144710;0.0
CORTADOR NHOQUE KEITA;2405787;24.9;1;0.0
DETERGENTE MINUANO NEUTRO;2405788;2.39;144818;0.0
CAIXA TERMICA 1,5L;2405789;2.5;144190;0.0
ESSENCIA NOGUEIRA ALFAZEM;2405790;7.99;144834;0.0
HAVIANAS KIDS TOP FASHION;2405791;32.9;1;0.0
CAIXA ISOPOR ISOTERM 8L;2405792;17.9;144190;0.0
BARRA CEREAL TRIO MORANGO;2405793;2.99;144710;0.0
ESSENCIA NOGUEIRA TALCO 1;2405794;7.99;144834;0.0
CHOCOTONE PAULISTA 450G;2405795;14.99;144858;0.0
CHOCOLATE ARCOR TORTUGUIT;2405796;1.5;144699;0.0
BISC.BAUDUCO WAFER MORANG;2405797;3.59;144691;0.0
CAPELETTI MEZZANI 4 QUEIJ;2405798;12.99;144318;0.0
ALGODAO APOLO BOLAS 50G;2405799;4.99;144883;0.0
LEITE JUSSARA INTEGRAL 1L;2405800;5.49;144632;0.0
FUBA MIMOSO XODOMILHO 500;2405801;2.49;144772;0.0
PIRULITO ARCOR BIG BIG MO;2405802;14.99;144694;0.0
RAVIOLI MEZZANI CARNE 400;2405803;13.99;144318;0.0
DOCE DE LEITE FRIMESA 400;2405804;12.9;144739;0.0
MANTEIGA EXTRA FRIMESA C/;2405805;12.79;144464;0.0
VINHO TINTO GOES SUAVE 87;2405806;19.9;144673;0.0
IOGURTE FRIMESA COCO 170G;2405807;2.49;1;0.0
CORANTE LIQ ARCOLOR AZUL;2405808;9.9;144849;0.0
BISC WAFER BAUDUCCO LIMAO;2405809;3.59;144691;0.0
AGUA OXIGENADA BEIRA ALTA;2405810;3.99;144923;0.0
ACHOCOLATADO FRIMESA CHOC;2405811;7.99;149391;0.0
REQUEIJAO FRIMESA 200G;2405812;9.99;144478;0.0
VINHO BRANCO GOES SUAVE 8;2405813;17.99;144673;0.0
AGUA MINERAL LEVITY C/GAS;2405814;2.99;144638;0.0
BALA BUTTER TOFFEES CHOCO;2405815;5.99;144694;0.0
SHAMPOO MONANGE LISOS TE;2405816;10.9;144870;0.0
RAVIOLI MEZZANI 4 QUEIJOS;2405817;12.99;144318;0.0
CORANTE LIQ ARCOLOR AMARE;2405818;9.9;144849;0.0
CONCENTRADO CAPILAR SKAFE;2405819;3.5;1;0.0
MASSA  MEZZANI TALHARIM;2405820;12.99;144318;0.0
AZEITONAS PRETAS MALAGUEN;2405821;7.49;144801;0.0
MACARRAO ORSI ESPAGUETE 5;2405823;2.79;144780;0.0
REMOVEDOR ESMALTES BEIRA;2405824;3.99;144924;0.0
BISC WAFER BAUDUCCO CHOC/;2405825;3.59;144691;0.0
COQUETEL DO BARRIL FR VER;2405826;5.99;1;0.0
BALA MASTIG CHITA ORIGINA;2405827;10.99;144694;0.0
HAMBURGUER FRIMESA BOVINO;2405828;21.9;144174;0.0
IOGURTE FRIMESA MORANGO 1;2405829;2.65;1;0.0
CHICLE HUEVITOS TORTUGUIT;2405830;2.5;144694;0.0
AGUA MINERAL NATURAL LEVI;2405831;2.99;144638;0.0
KIT SH + CONDIC MURIEL ME;2405832;13.9;144906;0.0
BALA BUTTER TOFFEES TRUFA;2405833;5.49;144694;0.0
BISC RECH HIPOPO DOCE DE;2405834;2.25;144687;0.0
CARAMELO EMBARE LEITE E C;2405835;15.9;144694;0.0
BALA EMBARE CARAMELO CHOC;2405836;29.9;144694;0.0
BEB LACTEA FRIMINHO CHOCO;2405837;1.75;149391;0.0
DETERGENTE LIMPOL JABUTIC;2405838;2.45;144818;0.0
ESPONJA LAVA LOUCAS AZULI;2405839;1.99;144819;0.0
CERVEJA ANTARCTICA LATA 3;2405840;3.5;144646;0.0
FEIJAO PRONTO QUERO 340G;2405842;8.45;144766;0.0
SABONETE PALMOLIVE OLEO A;2405843;3.49;144920;0.0
MINI BOLO PANQUINHO DOCE;2405844;4.99;144320;0.0
BOLO PANCO LARANJA 300G;2405845;12.99;144320;0.0
DESINF BUFALO FLORAL 2L;2405846;5.99;144834;0.0
CONDIC PALMOLIVE CERAMIDA;2405847;14.99;144869;0.0
MOSTARDA HEINZ 255G;2405848;17.45;144753;0.0
SABAO PO TIXAN YPE MACIEZ;2405849;18.9;144846;0.0
SHAMPOO PALMOLIVE LISOS R;2405850;12.99;144870;0.0
MINI BOLO PANQUINHO MORAN;2405851;4.99;144320;0.0
DESINF PINHO SOL LAVANDA;2405852;15.99;144834;0.0
SABONETE PALMOLIVE TOQUE;2405853;3.49;144920;0.0
PULVERIZADOR GIRAFA GRAD;2405854;8.99;144345;0.0
DETERGENTE YPE NEUTRO 5L;2405855;24.99;144818;0.0
LIMP AJAX FRESH BLUE 500M;2405856;11.99;144839;0.0
HASTES FLEXIVEIS MILI C/7;2405857;3.99;144893;0.0
SABONETE PALMOLIVE ALOE E;2405858;3.49;144920;0.0
GARRAFA TERMICA MUNDIAL P;2405860;54.9;144190;0.0
SABONETE PALMOLIVE LEITE/;2405861;3.49;144920;0.0
ENXAG BUCAL COLGATE PLAX;2405862;14.99;144888;0.0
KETCHUP TOMATO HEINZ 567G;2405863;17.99;144751;0.0
BISC PANCO LEITE 200G;2405864;4.49;144684;0.0
ABS SEMPRE LIVRE ADAPT ES;2405865;6.99;144892;0.0
ERVILHA QUERO 280G;2405866;3.95;144802;0.0
BISC PANCO COCO 400G;2405867;8.65;144684;0.0
SABONETE PALMOLIVE CAMELI;2405868;3.49;144920;0.0
GARRAFA TERMICA TERMOLAR;2405869;72.9;144190;0.0
SHAMPOO PALMOLIVE DETOX E;2405871;12.99;144870;0.0
LAVA ROUPAS OLA BEBE 500M;2405873;19.9;144852;0.0
CR DENTAL COLGATE TRIPLA;2405874;9.9;144887;0.0
SABAO EM BARRA YPE NATURA;2405875;3.45;144848;0.0
SHAMPOO PALMOLIVE BOOM HI;2405876;12.99;144870;0.0
DETERGENTE LIMPOL CRISTAL;2405877;2.45;144818;0.0
MOLHO TOMATE REF HEINZ SC;2405878;3.49;144746;0.0
COLA SUPER BONDER PRECISA;2405879;11.99;151982;0.0
SHAMPOO PALMOLIVE NUTRICA;2405880;12.99;144870;0.0
SAB PALMOLIVE MANT CACAU;2405881;1.59;144920;0.0
SABONETE PROTEX LIMPEZA P;2405882;5.45;144920;0.0
SABAO EM PO YPE POWER ACT;2405883;18.9;144846;0.0
FRALDA DESC MILI LOVECARE;2405884;19.99;144908;0.0
TOALHINHA UMEDECIDA MILI;2405885;16.99;144909;0.0
ACETONA BEIRA ALTA 90ML;2405886;3.99;144924;0.0
ESPETO INOX SIMPLES 70CM;2405888;12.9;1;0.0
IOGURTE ACTIVIA MORANGO 1;2405889;3.99;144480;0.0
BEB LACTEA DANETTE CHOCOL;2405890;3.25;149391;0.0
MASSA P/LASANHA ADRIA 500;2405891;11.99;144784;0.0
FRALDA DESC MILI LOVECARE;2405892;29.9;144908;0.0
COLHER SOBREMESA SIMONAGG;2405893;8.99;1;0.0
BEB LACTEA DANETTE CHOCOL;2405894;15.99;149391;0.0
DANONINHO P/LEVAR MORANGO;2405895;3.99;144480;0.0
HASTES FLEXIVEIS MILI POT;2405896;8.99;1;0.0
ESCUMADEIRA MONIZ INOX SI;2405897;12.99;144192;0.0
COLHER P/CHA SIMONAGGIO C;2405898;11.99;1;0.0
PAPEL HIG MILI BIANCO NT;2405899;36.99;144904;0.0
MILHO VERDE QUERO 280G;2405900;4.35;144804;0.0
VELA BRANCA QLZ N7 264G;2405901;15.99;144513;0.0
GARFO DE MESA SIMONAGGIO;2405902;10.9;1;0.0
MAIONESE HEINZ 215G;2405903;10.9;144752;0.0
FACA PEIXEIRA SIMONAGGIO;2405904;10.9;144394;0.0
FRALDA DESC MILI JUMBINHO;2405905;21.99;144908;0.0
MACARRAO ADRIA AVE MARIA;2405906;4.99;1;0.0
COLHER MESA SIMONAGGIO IN;2405907;12.9;144192;0.0
FACA CHURRASCO SIMANAGGIO;2405908;15.99;1;0.0
TOALHAS PAPEL MILI GRAN C;2405909;21.9;144509;0.0
FACA CARBONO SIMONAGGIO 5;2405910;13.99;144394;0.0
GARFO SIMONAGGIO SOBREMES;2405911;4.99;1;0.0
FACA PEIXEIRA SIMONAGGIO;2405912;18.99;144192;0.0
VELA QLZ AMARELA 5 200G;2405913;10.99;144513;0.0
ESPATULA P/BOLO MONIZ SIM;2405914;9.9;1;0.0
ESMALTE IMPALA CREMOSO CO;2405915;3.99;144924;0.0
DANONINHO PETIT SUISSE MR;2405916;9.2;144480;0.0
PAPEL HIG MILI SENSITIVE;2405917;31.9;144904;0.0
MACARRAO ADRIA SEMOLA ARG;2405918;4.99;1;0.0
MASSA LASANHA MEZZANI 500;2405919;12.99;144318;0.0
MACARRAO ADRIA SEMOLA PAR;2405920;4.75;1;0.0
HAVAIANAS TOP BRANCO 39/0;2405921;31.9;144492;0.0
FAQUEIRO SIMONAGGIO TROIA;2405922;29.9;1;0.0
SOBREMESA DANETTE CHOCOLA;2405923;6.99;144480;0.0
FACA CARBONO SIMONAGGIO 8;2405924;16.99;144394;0.0
COLHER DE ARROZ SIMONAGGI;2405925;9.9;1;0.0
SH PALMOLIVE ANTICASPA ME;2405926;19.9;144870;0.0
AMACIANTE YPE ACONCHEGO 5;2405927;28.9;144845;0.0
PALHA ACO BRILLO 25G N 2;2405928;2.99;144819;0.0
CONDIC PALMOLIVE MACIEZ 3;2405929;14.99;144869;0.0
QUEROSENE BUFALO 500ML;2405930;16.99;144841;0.0
AGUA TONICA ANTARCTICA 35;2405931;4.5;144675;0.0
DETERGENTE LIMPOL COCO 50;2405932;2.45;144818;0.0
CAPPUCCINO MELITTA TRADIC;2405933;16.9;144728;0.0
DETERGENTE LIMPOL MACA 50;2405934;2.45;144818;0.0
SABAO EM BARRA YPE NEUTRO;2405935;11.95;144848;0.0
DESINF BUFALO HERBAL 2L;2405936;5.99;144834;0.0
PALHA ACO BRILLO 25G N 1;2405937;2.99;144819;0.0
BEBEZINHO PANCO RECH CHOC;2405939;13.49;144320;0.0
SHAMPOO DARLING TILIA 350;2405940;9.9;144870;0.0
LA DE ACO Q LUSTRO 60G;2405941;1.75;144819;0.0
MINI BOLO PANQUINHO CHOCO;2405942;4.99;144320;0.0
CONDIC PALMOLIVE PRETOS 3;2405943;14.99;144869;0.0
DESINF BUFALO OCEAN 2L;2405944;5.99;144834;0.0
MINI BOLO PANQUINHO BAUNI;2405945;4.99;144320;0.0
ESPONJA MAGICA AZULIM C/2;2405946;11.9;144819;0.0
REFRIG ITABOM COLA 2L;2405947;4.75;144679;0.0
CREME DENTAL BIANCO EXTRA;2405948;3.99;144887;0.0
MARTELO CABO MADEIRA GD;2405949;5.99;1;0.0
TOALHAS UMEDECIDAS MEU CA;2405950;9.9;144909;0.0
AMACIANTE CONC TUFF ROSE;2405951;9.9;144845;0.0
MULTIUSO AZULIM LAVANDA 5;2405953;4.99;144840;0.0
PANO MICROFIBRA MULTBOM 5;2405954;21.99;1;0.0
AROMATIZANTE INDY CRYL SA;2405955;8.49;144816;0.0
INSETICIDA AERO VOREL MAT;2405956;19.9;144837;0.0
HAVAIANAS COLOR ESSENTIA;2405957;34.9;144492;0.0
SACO XADREZ MEGA MULTBOM;2405958;11.99;144291;0.0
ALVEJANTE S/CLORO TUFF BR;2405959;18.9;144844;0.0
ALCOOL DESINF AZULIM ZERO;2405960;10.99;144832;0.0
GARRAFA SLEEVE CIRCO 250M;2405961;5.99;1;0.0
AMACIANTE CONC TUFF POEME;2405962;15.99;144845;0.0
BATATA PALHA FRITISCO 150;2405963;9.49;144857;0.0
HAVAIANAS SLIM ORGANIC RO;2405964;49.99;144492;0.0
TABUA PLASTICO SIMONAGGIO;2405965;21.9;1;0.0
KETCHUP HEINZ 397G;2405966;14.99;144751;0.0
SELETA DE LEGUMES QUERO 2;2405967;4.65;144806;0.0
BISC VITARELLA MAIZENA 35;2405968;6.79;144684;0.0
MACARRAO BASILAR FURADINH;2405970;3.49;144792;0.0
DANONINHO PETIT SUISSE MU;2405971;9.2;144480;0.0
IOGURTE ACTIVIA AMEIXA 17;2405972;4.69;144480;0.0
PASTEL APERITIVO MEZZANI;2405973;12.9;144318;0.0
ESMALTE IMPALA SEGREDOS 7;2405974;5.49;144924;0.0
IOGURTE ACTIVIA AMEIXA 15;2405975;3.49;144480;0.0
FRALDA DESC MILI US JUMBO;2405976;28.9;144908;0.0
AGUA OXIGENADA BEIRA ALTA;2405977;3.99;144923;0.0
IOGURTE ACTIVIA AVEIA 170;2405978;3.99;144480;0.0
AGUA OXIGENADA BEIRA ALTA;2405979;3.99;144923;0.0
MACARRAO ADRIA SEMOLA CON;2405980;3.99;1;0.0
VELA VOTIVA QLZ SANTA TER;2405981;16.9;144513;0.0
ABS MILI NOTURNO SUAVE C/;2405982;12.9;144892;0.0
MACARRAO BASILAR SEMOLADO;2405983;3.49;144792;0.0
HAVAIANAS TOP BRANCA 37/8;2405984;31.9;144492;0.0
OLEO DE BANANA BEIRA ALTA;2405985;7.49;1;0.0
BUCHA VEGETAL JF PEDACO C;2405986;6.25;144923;0.0
ABS MILI NOTURNO SUAVE C/;2405987;7.99;144892;0.0
ABS MILI PROTECAO TOTAL S;2405988;4.45;144892;0.0
MACARRAO ADRIA ESPAGUETE;2405989;4.99;1;0.0
MARMITA TERMICA SIMPLES T;2405990;46.9;144190;0.0
IOGURTE DANONINHO BANANA/;2405991;1.95;144480;0.0
HAVAIANAS TOP BRANCO 35/6;2405992;31.9;144492;0.0
IOGURTE DANONINHO MRG 100;2405993;3.25;144480;0.0
FRALDA DESC MILI JUMBINHO;2405994;21.99;144908;0.0
DESINF PINHO SOL ORIGINAL;2405995;9.9;144834;0.0
FRALDA DESC MILI LOVECARE;2405996;29.9;144908;0.0
FRALDA DESC MILI JUMBINHO;2405999;21.99;144908;0.0
FRALDA DESC MILI JUMBINHO;2406000;21.99;144908;0.0
IOGURTE ACTIVIA MORANGO 1;2406001;4.69;144480;0.0
MACARRAO ADRIA ESPIRAL 50;2406002;4.99;1;0.0
MACARRAO BASILAR ESPAGUET;2406003;3.49;144792;0.0
CONJ GARFO SIMONAGGIO INO;2406004;12.9;144192;0.0
NHOQUE DE BATATA MEZZANI;2406005;13.99;144318;0.0
DESINF PINHO SOL LIMAO 50;2406006;9.9;144834;0.0
ABS MILI DIA E NOITE SUAV;2406007;19.9;144892;0.0
HAVAIANAS KIDS FLORES BCO;2406009;39.9;144492;0.0
CONCHA MONIZ INOX SIMONAG;2406010;14.99;144192;0.0
ABS MILI PROT TOTAL SUAVE;2406011;8.49;144892;0.0
MAIONESE HEINZ 390G;2406012;18.99;144752;0.0
VELA VOTIVA QLZ N SRA RAI;2406013;16.9;144513;0.0
MACARRAO BASILAR GRAVATA;2406014;3.49;144792;0.0
MAC ADRIA 500G CABELO ANJ;2406016;4.75;144780;0.0
VELA VOTIVA QLZ SNTO ANTO;2406017;16.9;144513;0.0
ABS MILI DIA E NOITE SUAV;2406018;10.9;144892;0.0
CHAIRA SIMONAGGIO 8";2406019;19.99;1;0.0
VELA QLZ VERMELHA 5 200G;2406020;10.99;144513;0.0
PETIT SUISSE DANONINHO MR;2406021;2.99;144480;0.0
PAPEL HIG MILI SENSITIVE;2406022;15.99;144904;0.0
CONDIC DARLING TILIA 350M;2406024;12.99;144869;0.0
AGUA OXIGENADA BEIRA ALTA;2406025;3.99;144923;0.0
MACARRAO ADRIA LETRINHAS;2406026;3.99;1;0.0
ABS MILI PROTECAO TOTAL C;2406027;4.65;144892;0.0
VELA BRANCA QLZ N8 280G;2406028;14.99;144513;0.0
FRALDA DESC MILI JUMBINHO;2406029;21.99;144908;0.0
AGUA MINERAL BONAFONT 1,5;2406030;2.99;144638;0.0
BASE IMPALA FORCA EXTREMA;2406032;7.49;144924;0.0
ESMALTE IMPALA GLITTER NA;2406033;7.49;144924;0.0
ESMALTE IMPALA IMENSIDAO;2406034;4.5;144924;0.0
ESMALTE IMPALA PEROLADO D;2406035;5.49;144924;0.0
PROTETOR DE CERDAS SANIFI;2406036;6.99;1;0.0
BISC WAFER BAUDUCO CHOCOL;2406037;3.59;144691;0.0
ESMALTE IMPALA JP SAMBAQU;2406038;6.49;144924;0.0
ESMALTE IMPALA CREMOSO VI;2406039;5.49;144924;0.0
ESMALTE IMPALA SERENA 7,5;2406041;5.49;144924;0.0
CERVEJA ANTARCTICA SUB ZE;2406042;3.75;144646;0.0
ESMALTE IMPALA GLITTER DI;2406043;6.5;144924;0.0
ESMALTE IMPALA ANA CASTEL;2406045;5.99;144924;0.0
ESMALTE IMPALA CREMOSO VI;2406046;5.49;144924;0.0
ESMALTE IMPALA PEROLADO S;2406047;5.49;144924;0.0
AMACIANTE CANDURA CLASSIC;2406048;20.9;144845;0.0
ESMALTE IMPALA AM LAVANDA;2406049;6.49;144924;0.0
BALA BUTTER TOFFEES LEITE;2406050;5.99;144694;0.0
CAPELETTI MEZZANI FRANGO;2406052;12.99;144318;0.0
ESCOVA DENTAL SANIFILL IN;2406053;17.9;144889;0.0
BALA BUTTER TOFFEES MARAC;2406054;5.99;144694;0.0
GARRAFA SLEEVE MICKEY 250;2406055;6.99;1;0.0
HAVAIANAS SLIM DISNEY ROS;2406056;52.9;144492;0.0
HAVAIANAS SLIM GLOSS TERR;2406057;44.9;144492;0.0
BANANADA QUERO MAIS 300G;2406058;12.99;144715;0.0
HAVAIANAS SLIM LOGO POP U;2406059;37.9;144492;0.0
CARTAGO ARIZONA DEDO AD;2406060;55.9;144493;0.0
HAVAIANAS FANTASIA POP VE;2406061;39.9;144492;0.0
TORRONE QUERO MAIS 180G;2406062;7.99;144715;0.0
IPANEMA TRENDY AD;2406063;25.9;144493;0.0
ESSENCIA NOGUEIRA CEREJA/;2406064;7.99;144834;0.0
CAIXA ISOPOR C/ALCA 13L;2406065;28.9;144190;0.0
CAIXA ISOPOR ISOTERM 5L;2406066;11.99;144190;0.0
SABONETE ALBANY LEITE DE;2406068;2.49;144920;0.0
HAVAIANAS TOP ANIMALS ROS;2406070;42.9;144492;0.0
ESMALTE IMPALA LUA PEROLA;2406071;5.49;144924;0.0
ESMALTE IMPALA NETFLIX DI;2406072;5.49;144924;0.0
SHAMPOO MONANGE RESTAURA;2406073;10.9;144870;0.0
ESMALTE IMPALA GLITTER VI;2406074;6.5;144924;0.0
SOS NATU HAIR MANUTENCAO;2406075;12.99;144873;0.0
ESMALTE IMPALA CREMOSO TO;2406076;5.49;144924;0.0
PORTA ESCOVA DENTAL SANIF;2406077;11.9;1;0.0
VELA BRANCA QLZ VOTIVA IM;2406078;16.9;144513;0.0
ESMALTE IMPALA QUERER 7,5;2406079;5.49;144924;0.0
VELA VOTIVA QLZ SAO JOSE;2406080;16.9;144513;0.0
ESMALTE IMPALA CREMOSO BR;2406081;5.49;144924;0.0
CORANTE LIQ ARCOLOR ROSA;2406082;9.9;144849;0.0
ESMALTE IMPALA PEROLADO A;2406083;5.49;144924;0.0
TOALHAS DE PAPEL MILI C/2;2406084;7.95;144509;0.0
CHICLE PLUTONITA ATOMIC M;2406085;1.5;144694;0.0
ESMALTE IMPALA OLIVA 7,5M;2406086;3.99;144924;0.0
HAVAIANAS TOP PRETO 25/6;2406087;27.9;144492;0.0
LENCOS PAPEL KISS C/50;2406088;5.49;144894;0.0
MASSA MEZZANI TAGLIATE;2406089;10.9;144318;0.0
ESMALTE IMPALA CREMOSO PR;2406090;5.49;144924;0.0
ESMALTE IMPALA TRANSP BET;2406091;5.49;144924;0.0
VELA VOTIVA QLZ SAO JORGE;2406092;18.9;144513;0.0
ESCOVA DENTAL SANIFILL IN;2406093;10.9;144889;0.0
PAPEL HIG PERSONAL VIP FD;2406094;22.9;144904;0.0
ESMALTE IMPALA SOSSEGO 7,;2406095;5.49;144924;0.0
ESMALTE IMPALA LAGUNA 7,5;2406096;3.99;144924;0.0
ESMALTE IMPALA VERNIZ VER;2406097;7.49;144924;0.0
LEITE DE COLONIA ORIGINAL;2406098;6.49;144914;0.0
ESMALTE IMPALA RETRO DANC;2406100;4.95;144924;0.0
VELA BRANCA QLZ N4 152G;2406101;8.99;144513;0.0
ESMALTE IMPALA JUPAES DOM;2406102;6.49;144924;0.0
VELA VOTIVA QLZ SANTA EDW;2406103;16.9;144513;0.0
ESMALTE IMPALA TRANSP LEV;2406104;5.49;144924;0.0
ESMALTE IMPALA ANA CASTEL;2406105;5.99;144924;0.0
PIRULITO 7BELO FRAMBOESA;2406107;14.99;144694;0.0
BALA BUTTER TOFFEES CHOKK;2406108;5.49;144694;0.0
RAVIOLI MEZANI FRANGO 400;2406109;11.99;144318;0.0
ESMALTE IMPALA NETFLIX NO;2406110;5.49;144924;0.0
ALGODAO APOLO 50G;2406111;5.49;144883;0.0
VELA BRANCA QLZ VOTIVA IM;2406112;16.9;144513;0.0
HAVAIANAS TOP ANIMALS ROS;2406113;42.9;144492;0.0
REFRIG GUARANA IDEAL 2L;2406115;5.95;144679;0.0
HAVAIANAS BRASIL PINK ELE;2406116;49.9;144492;0.0
SABONETE ALBANY AMENDOA D;2406117;2.49;144920;0.0
HAVAIANAS KIDS TOP FASHIO;2406118;32.9;144492;0.0
SABONETE ALBANY MACADAMIA;2406119;2.49;144920;0.0
HAVAIANAS SLIM ANIMALS AR;2406120;49.9;144492;0.0
HAVAIANAS SLIM DISNEY DOU;2406122;49.9;144492;0.0
CORTADOR LEGUMES KEITA DU;2406123;19.99;1;0.0
RASTEIRA GRENDHA TODO DIA;2406124;22.9;1;0.0
DESCASCADOR E FATIADOR 5E;2406126;11.9;1;0.0
HAVAIANAS SLIM PETS DOURA;2406127;49.99;144492;0.0
HAVAIANAS LOGOMANIA VERM;2406128;48.9;144492;0.0
PAPEL HIG MILI BIANCO PER;2406129;32.9;144904;0.0
VELA QLZ PRETA 200G;2406130;10.99;144513;0.0
CORANTE LIQ ARCOLOR VERME;2406131;9.9;144849;0.0
VELA QLZ AZUL N 5 200G;2406132;10.99;144513;0.0
PAPEL HIG MILI SENSITIVE;2406133;24.99;144904;0.0
ESMALTE IMPALA PEROLADO N;2406135;5.49;144924;0.0
FIO DENTAL SANIFILL INFIN;2406136;14.99;144890;0.0
ESMALTE IMPALA TRANSP TOP;2406138;5.49;144924;0.0
VELA BRANCA QLZ VOTIVA FI;2406139;12.9;144513;0.0
ESMALTE IMPALA CREMOSO TE;2406140;5.49;144924;0.0
VELA VOTIVA QLZ N SRA DES;2406141;18.9;144513;0.0
ESMALTE IMPALA CREMOSO MA;2406142;4.99;144924;0.0
CONDIC MONANGE HIDRATA CO;2406143;13.99;144869;0.0
ESMALTE IMPALA EXTRA BRIL;2406144;7.99;144924;0.0
AMACIANTE CANDURA PURO CA;2406145;21.99;144845;0.0
ADESIVO SILICONE MULTIUSO;2406146;18.99;144514;0.0
ESMALTE IMPALA CRREMOSO A;2406147;5.49;144924;0.0
ESMALTE IMPALA PEROLADO P;2406148;5.49;144924;0.0
ESMALTE IMPALA CREMOSO GA;2406149;4.99;144924;0.0
VELA VOTIVA QLZ SAO CRIST;2406150;16.9;144513;0.0
ESMALTE IMPALA LA CASA DE;2406151;5.49;144924;0.0
LENCO PAPEL KISS BOLSO C/;2406152;2.99;144894;0.0
CONDIC MONANGE LISOS TE Q;2406153;13.99;144869;0.0
PROTETOR DIARIO MILI SUAV;2406154;5.49;1;0.0
PAPEL TOALHA SNOB BRANCA;2406155;6.99;144509;0.0
XICARA CAFE DECORADA SF P;2406156;4.5;1;0.0
TOALHA PAPEL SNOB BRANCA;2406157;6.49;144509;0.0
VELA BRANCA QLZ VOTIVA IM;2406159;16.9;144513;0.0
BATATA CG MCCAIN TRADIC 7;2406160;19.9;144173;0.0
ESMALTE IMPALA CREMOSO BE;2406161;5.49;144924;0.0
VELA VOTIVA QLZ SANTA LUZ;2406162;16.9;144513;0.0
ESMALTE IMPALA DELIADO 7,;2406163;5.49;144924;0.0
AGUA SANITARIA CANDURA 1L;2406164;3.59;144853;0.0
ESMALTE IMPALA CREMOSO MA;2406165;5.49;144924;0.0
HAVAIANAS KIDS ATHLETIC M;2406166;35.9;144492;0.0
CESTO TELADO C/TAMPA 30L;2406167;31.9;144341;0.0
CANUDO BIODEGRADAVEL OURO;2406168;2.99;1;0.0
HAVAIANAS TOP BASIC CINZA;2406169;46.9;144492;0.0
HAVAIANAS TOP ANIMALS BCO;2406170;38.9;144492;0.0
HAVAIANAS KIDSATHLETIC NO;2406171;39.9;144492;0.0
HAVAIANAS SLIM TERRA ROXA;2406172;45.9;144492;0.0
SABONETE ALBANY HOMEM MUL;2406173;2.49;144920;0.0
HAVAIANAS KIDS CARS LARAN;2406175;44.9;144492;0.0
MASSA P/PASTEL LOTT CUMBU;2406176;9.49;144318;0.0
PRENDEDOR ROUPA PRIMAVERA;2406177;3.5;144356;0.0
DOCE LEITE QUERO MAIS PDC;2406178;8.99;144715;0.0
VINHO BELOTO TINTO SUAVE;2406179;16.99;144673;0.0
MASSA FRESCA LOTT 500G;2406180;10.99;144318;0.0
HAVAIANAS SLIM PALETTE GL;2406181;51.9;144492;0.0
HAVAIANAS SLIM ANIMALS AR;2406182;49.9;144492;0.0
HAVAIANAS KIDS ATHLETIC N;2406183;39.9;144492;0.0
BARRA CEREAL TRIO MOUSSE;2406184;2.99;144710;0.0
IPANEMA RIDER BARCELONA F;2406185;41.9;144493;0.0
DETERGENTE MINUANO MACA 5;2406186;2.39;144818;0.0
CORTADOR BATATA PALITO KE;2406187;24.9;1;0.0
IPANEMA GLITTER AD;2406188;34.99;144493;0.0
IPANEMA LOL SURPRISE MOME;2406189;27.99;144493;0.0
HAVAIANAS TOP ANIMALS ROS;2406190;42.9;144492;0.0
GOIABADA QUERO MAIS 300G;2406191;5.45;144715;0.0
ESMALTE IMPALA PEROLADO I;2406192;5.49;144924;0.0
CHICLE PLUTONITA ZUMBIS;2406193;1.5;144694;0.0
ESMALTE IMPALA CREMOSO NU;2406194;5.49;144924;0.0
CAFE BOM DIA TRADIC 50G;2406195;19.45;144728;0.0
ESMALTE IMPALA TRANS TOP;2406196;5.49;144924;0.0
MACARRAO BASILAR BAVETI 4;2406197;3.49;144792;0.0
MANTEIGA MATILAT TB S/SAL;2406198;15.99;144464;0.0
BEB LACTEA SHEFA ACHOCOLA;2406199;1.79;149391;0.0
POTY LIMAO 2L;2406200;6.99;144679;0.0
REFRIG ROLLER WAVE 2L;2406201;8.49;144679;0.0
CONJ GARFO TREVISO CB VER;2406202;6.99;1;0.0
SUCO POTY UVA 1L;2406203;3.99;1;0.0
REFRIG ROLLER 600ML;2406204;4.99;144676;0.0
CONDIC TRA LA LA KIDS NUT;2406205;16.99;144906;0.0
CONJ GARFO SIMONAGGIO VER;2406207;13.99;1;0.0
CONDIC MONANGE DETOX TERA;2406209;13.99;144869;0.0
GARFO MESA SIMONAGGIO CB;2406210;27.9;1;0.0
QUEIJO RALADO MATILAT PAR;2406211;6.49;144790;0.0
DESOD AERO MONANGE DETOX;2406213;11.9;144876;0.0
CONJ FACA CB MADEIRA SIMO;2406214;17.9;144394;0.0
BEB LACTEA VITAMINA C/FRU;2406215;6.5;149391;0.0
AGUA TONICA POTY 350ML;2406216;4.5;144675;0.0
AZEITONAS VERDES RIVOLI 2;2406217;10.9;144801;0.0
CREME DE LEITE GLORIA TP;2406218;3.99;144719;0.0
REFRIG POTY GUARANA 600ML;2406220;4.5;144676;0.0
IOGURTE MATILAT PEDACUDO;2406221;8.99;144484;0.0
LUVAS LATEX SANRO PLUS G;2406222;8.99;1;0.0
BEB LACTEA SHEFA C/AVEIA;2406223;8.45;149391;0.0
AGUA TONICA POTY 202 269M;2406224;4.99;144675;0.0
SAL REF IODADO GARCA 1KG;2406225;3.49;144798;0.0
IOGURTE MATILAT BICAMADAS;2406226;3.25;144484;0.0
POTY GUARANA ZERO 2L;2406227;6.99;144679;0.0
FACA PEIXEIRA SIMONAGGIO;2406228;16.9;144394;0.0
KETCHUP VAL TRADICIONAL 2;2406230;3.79;144751;0.0
PE DE MOCA PINGO BOM 52G;2406231;1.75;144715;0.0
ESSENCIA NOGUEIRA JASMIM;2406233;7.99;144834;0.0
DROPS MENTOS 37,5G MINT;2406234;2.99;144694;0.0
FACA MESA SIMONAGGIO LABI;2406235;27.9;144394;0.0
AGUA DE COCO D ELZA 1L;2406236;13.99;144637;0.0
PACOCA PINGO BOM 60G;2406237;1.75;144715;0.0
CREME YAMASTEROL BABOSA 2;2406238;10.99;144869;0.0
MACARRAO BASILAR FININHO;2406240;3.49;144792;0.0
LEITE SHEFA DESNATADO GAR;2406241;6.99;144632;0.0
SUCO POTY FRUIT UVA 200ML;2406242;1.99;1;0.0
MACARRAO BASILAR AVE MARI;2406244;3.49;144792;0.0
REFRIG POTY LIMAO 200ML;2406245;1.99;144676;0.0
BEBIDA LACTEA SHEFA CHOCO;2406246;7.99;149391;0.0
FACA CARBONO SIMONAGGIO 7;2406247;15.9;144394;0.0
LOCAO HIDRATANTE PAIXAO B;2406249;10.9;144913;0.0
IOGURTE MATILAT FRUTAS VE;2406250;11.49;144484;0.0
IOGURTE NATURAL INTEGRAL;2406251;2.99;144484;0.0
ESPETO INOX DUPLO SIMONAG;2406252;26.99;1;0.0
REFRIG ROLLER ZERO 2L;2406253;8.49;144679;0.0
MACARRAO BASILAR PADRE NO;2406255;3.49;144792;0.0
PE DE MOCA MOCOFORTE 150G;2406256;5.99;144715;0.0
DESINF SANOL TALCO 2L;2406257;7.49;144834;0.0
LEITE D ELZA ZERO LACTOSE;2406258;7.99;144632;0.0
LEITE SHEFA INTEGRAL GARR;2406259;6.49;144632;0.0
POTY GUARANA 350ML;2406260;3.5;144675;0.0
OLEO CORPORAL PAIXAO INSP;2406261;16.9;1;0.0
YAMASTEROL BRANCO 200G;2406263;6.99;144869;0.0
ENERGETICO N POWER 2L;2406265;6.99;144659;0.0
CREME YAMASTEROL QUERATIN;2406266;6.99;144869;0.0
MACARRAO BASILAR PARAFUSO;2406267;3.49;144792;0.0
LEITE FERMENTADO MATILAT;2406268;2.75;144484;0.0
LEITE EM PO GLORIA INT IN;2406269;18.99;144724;0.0
CONDIC MONANGE CACHOS QUE;2406270;13.99;144869;0.0
IOGURTE MATILAT MORANGO 8;2406271;11.49;144484;0.0
CARAMELOS EMBARE LEITE/CO;2406272;16.99;144694;0.0
CONDIC TRA LA LA HIDRAKID;2406273;16.99;144906;0.0
ISO ACTIVE MORANGO 500ML;2406274;4.99;1;0.0
MANTEIGA MATILAT TB C/SAL;2406275;15.99;144464;0.0
CONDIC MONANGE RESTAURA Q;2406276;13.99;144869;0.0
ROLLER 350ML LT;2406277;3.99;144675;0.0
COLHER MESA SIMONAGGIO C/;2406278;27.9;1;0.0
SHAMPOO TRALALA KIDS 480M;2406279;13.99;144906;0.0
REFRIG POTY LARANJA 200ML;2406280;1.75;144676;0.0
CAIXA ISOPOR ISOTERM 28L;2406281;53.9;144190;0.0
IPANEMA RIDER STREET SLID;2406283;45.99;144493;0.0
DOCE DE MOCOTO QUERO MAIS;2406284;13.49;144715;0.0
DETERGENTE MINUANO LIMAO;2406285;2.39;144818;0.0
PALMITO ACAI PIRIQUITO IN;2406286;16.9;144805;0.0
SHAMPOO SALON LINE MEU LI;2406287;16.99;144870;0.0
SORVETE MERLI MORANGO 2L;2406288;29.9;144498;0.0
SORVETE MERLI ACAI NATURA;2406290;9.9;149393;0.0
CONDIC SALON LINE SOS CAC;2406291;21.9;144869;0.0
IPANEMA CARTAGO MAIORCA E;2406292;61.9;144493;0.0
SALGADINHO KELECK PRESUNT;2406293;1.75;144855;0.0
PIMENTA MALAGUETA 200G;2406294;16.99;1;0.0
SORVETE MERLI YOG GREGO C;2406295;18.5;144498;0.0
MACARRAO GALLA GOURMET 40;2406296;5.25;1;0.0
GOIABADA VAL 1,01KG;2406297;13.49;144715;0.0
CAVALINHA MIRA MAR 800G;2406299;12.99;144182;0.0
CONFEITO DINOSSAURO PULA;2406300;14.99;144694;0.0
PICOLE MERLI AMENDOIN 60G;2406301;2.5;144498;0.0
AGUA MINERAL CRIS AGUA 20;2406302;0.39;144638;0.0
PALMITO PIRIQUITO PUPUNHA;2406303;16.9;144805;0.0
VELA FONTE ESTRELADA;2406304;13.99;144508;0.0
PALMITO PUPUNHA TUIM RODE;2406305;15.9;144805;0.0
SODA CAUSTICA INDAIA 1KG;2406306;17.99;1;0.0
ESSENCIA NOGUEIRA BROTO B;2406307;7.99;144834;0.0
SORVETE MERLI ITUZINHO MO;2406308;3.9;144498;0.0
TABUA CARNE MADEIRA STOLF;2406309;32.9;1;0.0
AVEIA YOKI FLOCOS FINOS 2;2406310;2.75;144707;0.0
CONFEITO PINTINHO PULA PU;2406311;12.9;144694;0.0
PEIXE SALGADO MANJUBINHA;2406312;17.99;144182;0.0
SORVETE MERLI CHOCOLATE D;2406313;3.9;144498;0.0
SORVETE MERLI BRIGAD 1,8L;2406314;29.9;144498;0.0
SORVETE MERLI CHOCOTELLA;2406315;24.9;144498;0.0
APARELHO ELETRICO SBP PAS;2406316;29.99;1;0.0
PALMITO ACAI PIRIQUITO RO;2406317;17.9;144805;0.0
SHAMPOO DIVAS CACHOS ATIV;2406318;18.9;144870;0.0
KETCHUP VAL TRADICIONAL 4;2406319;5.99;144751;0.0
FILE DE PEITO AURORA;2406320;8.0;1;0.0
SORVETE MERLI ZERO ACUCAR;2406321;19.9;144498;0.0
SALGADINHO KELECK BACON 5;2406322;1.75;144855;0.0
COLHER DE PAU STOLF 39CM;2406323;7.99;1;0.0
SABAO EM PO INVICTO COCO;2406324;9.99;144846;0.0
CONJ GARFO CB MADEIRA SIM;2406325;17.9;144342;0.0
HIDRATANTE MONANGE EXTRAT;2406326;10.9;144913;0.0
REFRIG ROLLER 3L;2406327;12.99;144679;0.0
IOGURTE MATILAT COCO 800G;2406328;8.99;144484;0.0
MANTEIGA MATILAT EXTRA C/;2406329;16.99;144464;0.0
ALCOOL ETILICO KLARINHA 7;2406330;11.9;1;0.0
GARFO MESA SIMONAGGIO C/6;2406331;15.9;1;0.0
ENERGETICO PUSH 269ML;2406332;5.99;144659;0.0
IOGURTE MATILAT MAMAO/LAR;2406333;2.65;144484;0.0
LEITE MATILAT INTEGRAL 1L;2406336;4.49;144632;0.0
IOGURTE MATILAT FRUTAS VE;2406337;2.85;144484;0.0
SARDINHA PALMEIRA TOMATE;2406338;5.99;144767;0.0
CONJ COLHER CB MADEIRA SI;2406339;17.9;144342;0.0
REFRIG POTY UVA 2L;2406340;6.99;144679;0.0
AZEITONAS RIVOLI S/CAROCO;2406341;10.9;144801;0.0
FACA P/COZINHA SIMONAGGIO;2406342;17.9;144394;0.0
DESOD AERO MONANGE PROT S;2406343;11.9;144876;0.0
GARFO TRINCHANTE INOX MON;2406344;7.99;144192;0.0
POTY CITRUS 350ML;2406345;3.0;144675;0.0
AZEITONA RIVOLI C/PIMENTA;2406346;15.99;144801;0.0
REQUEIJAO CREMOSO MATILAT;2406347;7.99;144478;0.0
COLHER P/CAFE SIMONAGGIO;2406348;9.9;1;0.0
CONDIC TRA LA LA CACHOS 4;2406350;16.99;144906;0.0
COLHER PARA CAFEZINHO MON;2406351;6.99;1;0.0
ALIMENTO SOJA SHEFA UVA 1;2406352;5.99;144636;0.0
FACA CARBONO SIMONAGGIO 6;2406353;14.9;144394;0.0
PEGADOR DE MASSAS SIMONAG;2406354;16.9;1;0.0
IOUGUTE MATILAT AMEIXA 80;2406355;8.99;144484;0.0
CONDIC MONANGE BOOST CRES;2406356;13.99;144869;0.0
BALA MENTOS FRUTAS 37,5;2406357;2.99;144694;0.0
CONFEITO PONEI C/LUZ 12G;2406358;23.9;144694;0.0
SORVETE MERLI NINHO TRUFA;2406359;29.9;144498;0.0
PALMITO ACAI PIRIQUITO PI;2406360;13.99;144805;0.0
CREME P/PENTEAR SALON LIN;2406361;16.9;144872;0.0
CREME AVELA NUTELLA 350G;2406363;31.99;144739;0.0
PIMENTA DO REINO A GOSTO;2406364;4.45;144770;0.0
IPANEMA POLLY AZUL/ROSA;2406365;25.99;144493;0.0
SORVETE MERLI CREME PERFE;2406366;24.9;144498;0.0
SORVETE MERLI MILHO VERDE;2406367;27.9;144498;0.0
SODA CAUSTICA INDAIA 1KG;2406368;17.99;144833;0.0
FILE DE SALMAO MIRAMAR 80;2406369;89.9;144182;0.0
SORVETE MERLI FLOCOS CHOC;2406370;18.5;144498;0.0
HAVAIANAS TOP TURQUESA 39;2406371;31.9;144492;0.0
CONDIC SALON LINE MEU LIS;2406372;19.9;144869;0.0
BRINQUEDOS JC;2406373;25.99;144069;0.0
DOCE COM LEITE AMOR DE MI;2406375;3.5;144715;0.0
PIPOCA DOCE OZ 150G;2406376;4.5;151996;0.0
MOLHO TOMATE REF VAL SC 3;2406377;1.59;144746;0.0
SORVETE MERLI YOG C/AMORA;2406378;18.5;144498;0.0
PICOLE MERLI BRIGADEIRO 7;2406379;4.9;144498;0.0
SORVETE MERLI ACAI BANANA;2406380;24.9;149393;0.0
ATIVADOR CACHOS SALON LIN;2406381;19.9;144868;0.0
GOIABADA VAL 400G;2406382;5.99;144715;0.0
HAVAIANAS TOP BRANCO 41/2;2406383;31.9;144492;0.0
MOLHO P/CHURRASCO TCHETTO;2406384;11.9;1;0.0
REFRESCO PO FISCO SALADA;2406385;1.15;144930;0.0
OLEO SOJA VILA VELHA 900M;2406386;5.99;144633;0.0
CAPELETTI MEZZANI CARNE 4;2406387;13.99;144318;0.0
REQUEIJAO FRIMESA LIGHT 1;2406388;10.9;144478;0.0
GORDURA VEGETAL COAMO 500;2406389;16.9;1;0.0
SHAMPOO MONANGE HIDRATA 3;2406390;10.9;144870;0.0
PETIT SUISSE FRIMINHO MOR;2406391;7.16;1;0.0
ACHOC CHOCOLATTO 700G;2406392;17.9;144727;0.0
BISC RECH HIPOPO BAUNILHA;2406393;2.25;144687;0.0
MACARRAO DA MAMMA ESPAGUE;2406394;3.35;1;0.0
HAVAIANAS TOP BRANCO 31/2;2406395;29.9;144492;0.0
BALA MASTIG 7BELO IOGURTE;2406396;5.49;144694;0.0
AGUA COLONIA BABY MURIEL;2406397;14.9;144910;0.0
COQUETEL DO BARRIL PESSEG;2406398;6.75;1;0.0
XICARA CHA DECORADA SF PO;2406399;7.5;1;0.0
BALA BUTTER TOFFEES CHOKK;2406400;5.49;144694;0.0
CARAMELOS EMBARE ORIGINAL;2406401;16.99;144694;0.0
BISC RECH HIPOPO DOCE DE;2406403;1.99;144687;0.0
DESOD SPRAY RASTRO 90ML;2406404;9.49;144879;0.0
HAVAIANAS TOP SALMAO 39/0;2406405;28.9;144492;0.0
DISCOS DE ALGODAO APOLO 3;2406406;7.49;144883;0.0
AGUA SANITARIA KLARINHA 1;2406408;3.49;144853;0.0
HAVAIANAS TOP PRETO 23/4;2406409;27.9;144492;0.0
MACARRAO C/OVOS ORSI PENN;2406410;2.75;144780;0.0
HAVAIANAS TOP BRANCA 43/4;2406411;31.9;144492;0.0
CORANTE LIQ ARCOLOR VERDE;2406413;9.9;144849;0.0
BISC RECH HIPOPO CHOCOLAT;2406414;1.39;144687;0.0
MASCARA TRAT NATU HAIR NU;2406415;16.9;144873;0.0
VINHO TINTO SUAVE QUINTA;2406416;13.99;144673;0.0
HAVAIANAS TOP BRANCO 33/4;2406417;31.9;144492;0.0
MACARRAO C/OVOS ORSI ESPA;2406418;2.75;144780;0.0
BALA BUTTER TOFFEES COCO;2406419;5.99;144694;0.0
BALA MASTIG ARCOR 7BELO F;2406420;10.99;144694;0.0
BISC RECH HIPOPO CHOCOLAT;2406421;1.99;144687;0.0
CHAMPIGNON MALAGUENA 160G;2406422;4.99;1;0.0
PASTEL APERITIVO MEZZANI;2406423;12.9;144318;0.0
SOBREMESA LACTEA FRIMESA;2406424;3.99;1;0.0
BALA MASTIG 7BELO FRAMBOE;2406425;5.49;144694;0.0
BALA BUTTER TOFFEES CHOKK;2406426;5.49;144694;0.0
BISC RECH TRELOSO MORANGO;2406428;1.29;144687;0.0
BISC VITARELLA DELICITA O;2406429;8.95;1;0.0
CAMARAO 7B MIRA MAR 400G;2406430;26.9;144182;0.0
OVINHO SLIME STILEKA 100G;2406431;10.99;1;0.0
CREME DE AVELA NUTELLA 35;2406432;29.9;144739;0.0
GOIABADA CREMOSA VAL TOP;2406433;7.99;144717;0.0
SORVETE MERLI MARAC 1,8L;2406434;29.9;144498;0.0
ESSENCIA NOGUEIRA CASA LI;2406435;7.99;144839;0.0
GOIABADA CASCAO VAL 400G;2406436;6.99;144715;0.0
SORVETE MERLI PALITO ACAI;2406437;2.5;144498;0.0
SORVETE MERLI ABACAXI1,8L;2406438;29.9;144498;0.0
SORVETE MERLI TORTA HOLAN;2406439;29.9;144498;0.0
SORVETE PALITO MERLI PALH;2406440;3.0;144498;0.0
TOALHAS UMEDEC PERSONALID;2406441;10.9;144909;0.0
SORVETE MERLI CHOCOLATE T;2406442;18.5;144498;0.0
BRINQUEDO JC MINHA COZINH;2406443;22.99;144069;0.0
SALGADINHO KELECK CHEDDAR;2406444;1.75;144855;0.0
CANECAO REF MEGA FLON CER;2406446;39.9;1;0.0
SUCO CONCENT SERIGY CAJU;2406447;3.49;144666;0.0
GELATINA GRIFFUS DIVAS CA;2406448;27.9;144868;0.0
SORVETE MERLI PICOLE LIMA;2406449;2.5;144498;0.0
SORVETE MERLI CREME AMARE;2406450;24.9;144498;0.0
SORVETE MERLI ACAI COM ME;2406451;21.5;149393;0.0
SORVETE MERLI MORANGO REC;2406452;18.5;144498;0.0
MOLHO P/CHURRASCO TCHETTO;2406453;5.99;1;0.0
PICOLE MERLI MINI SAIA 60;2406454;2.5;144498;0.0
SORVETE MERLI ACAI MORANG;2406455;21.5;149393;0.0
PALMITO PIRIQUITO PUPUNHA;2406456;24.9;144805;0.0
FILE DE TILAPIA MIRA MAR;2406457;52.9;144182;0.0
FRUTA CONG MAPE MORANGOS;2406458;26.9;1;0.0
VITAMINA NESTON MAMAO 400;2406459;17.9;1;0.0
DOCE DE GOIABA CREMOSO VA;2406460;7.99;1;0.0
PALMITO PIRIQUITO 300G;2406461;24.9;144805;0.0
AZEITE VIRGEM BLEND LISBO;2406462;25.99;144775;0.0
MOLHO PIMENTA TCHETTO CAS;2406463;12.99;144757;0.0
REFIL P/RODO ALUMINIO 200;2406464;2.99;144836;0.0
SALGADINHO KELECK REQUEIJ;2406465;1.75;144855;0.0
ESSENCIA NOGUEIRA MARINE;2406466;7.99;144834;0.0
SORVETE MERLI MERLININHO;2406467;29.9;144498;0.0
MOLHO P. TCHETTO CASEIRO;2406468;5.99;144757;0.0
CANECAO MEGA ALUMINIO N 1;2406469;15.9;144166;0.0
PALHA DE ACO RELUZ N 0 22;2406471;2.99;144819;0.0
LEITE EM PO FRIMESA INTEG;2406472;20.9;144725;0.0
MASCARA CAPILAR BELKIT MA;2406473;12.9;144873;0.0
SH S LINE 300ML T. CACHOS;2406474;20.9;144870;0.0
CR PENTEAR BEL KIT BANHO;2406475;12.99;144872;0.0
ATIVADOR CACHOS SALON LIN;2406476;19.99;144868;0.0
LOCAO HIDRATANTE BEL KIT;2406477;15.99;144913;0.0
MOLHO SWEET CHILI BLUE DR;2406478;12.9;1;0.0
MASCARA HIDRAT BEL KIT CO;2406479;13.99;144873;0.0
PALHA DE ACO RELUZ N 1 22;2406480;2.99;144819;0.0
OLEO CAPILAR EX SET BABOS;2406481;10.99;1;0.0
CREME P/PENTEAR SALON LIN;2406482;16.9;144872;0.0
BEB LACTEA ITALAC CHOC 1L;2406483;9.95;149391;0.0
DES ROLL ON CORPO A CORPO;2406484;8.99;144878;0.0
CONDIC BEL KIT MANDIOCA Q;2406485;9.99;144869;0.0
LEAVE IN BEL KIT DESMAIA;2406486;12.49;1;0.0
COTONETE COTTON LINE C/75;2406487;2.99;144893;0.0
REPARADOR PONTAS OLEO ARG;2406488;28.99;1;0.0
ESPATULA VAZADA KEHOME SI;2406489;22.9;1;0.0
CUSCUZEIRO N16 MEGA ALUMI;2406490;46.9;144166;0.0
ALGODAO COTTON LINE SANFO;2406491;3.49;144883;0.0
SABONETE LA FLORE FLOR MA;2406492;5.95;144920;0.0
SABONETE LA FRUTA UVA ROX;2406494;5.95;144920;0.0
SHAMPOO CLEAR CASPA SPORT;2406495;23.9;144870;0.0
CORANTE GUARANY VERMELHO;2406496;4.99;144849;0.0
PAO DE FORMA NUTRELLA 14G;2406497;16.9;144320;0.0
PAO DE ALHO MEZZANI TRADI;2406499;11.49;144318;0.0
BALA BUTTER TOFFEES AVELA;2406500;5.49;144694;0.0
KIT SH + CONDIC MURIEL BA;2406501;13.9;144906;0.0
COQ DO BARRIL BLUEBERRY 5;2406502;6.75;1;0.0
POLPA FRIMESA MORANGO/COC;2406503;5.25;1;0.0
REMOVEDOR BEIRA ALTA ZERO;2406504;5.49;144924;0.0
POLPA FRIMESA MORANGO 540;2406505;5.7;1;0.0
CARAMELOS EMBARE MORANGO;2406506;15.9;144694;0.0
BISC VITARELLA CREAM CRAC;2406507;5.69;144688;0.0
PIRULITO ARCOR BIG BIG TU;2406508;14.99;144694;0.0
REFRIG ANTARCTICA GUARANA;2406509;3.99;144676;0.0
ALGODAO HIDROFILO APOLO 2;2406510;2.95;144883;0.0
HAMBURGUER BOVINO FRIMESA;2406511;3.49;144174;0.0
LEITE COND FRIMESA TP 395;2406512;7.99;144718;0.0
BISC VITARELLA DELICITA C;2406513;9.49;144684;0.0
COQUETEL DO BARRIL MARACU;2406514;5.99;1;0.0
IOGURTE MATILAT MORANGO 8;2406516;7.49;144484;0.0
MOLHO PREDILECTA BARBECUE;2406517;5.45;144746;0.0
DOCE LEITE OLIVEIRA 80G;2406518;2.5;144717;0.0
ESMALTE IMPALA CREMOSO PI;2406520;5.49;144924;0.0
OLEO CORPORAL PAIXAO IRRE;2406521;16.9;1;0.0
ACHOC EM PO PREDILECTA SC;2406522;5.95;144727;0.0
ROLLER 2L;2406523;7.99;144679;0.0
BASE SEDA IMPALA 7,5ML;2406524;5.49;144924;0.0
BISC QUERO QUERO TRADIC 4;2406525;7.99;1;0.0
ALHO TRITURADO BARRETO 20;2406526;5.99;144794;0.0
LEITE SHEFA SEMIDESNATADO;2406527;5.99;144632;0.0
MACARRAO CASEIRO SACCIALI;2406528;10.9;1;0.0
KETCHUP PREDILECTA 200G;2406529;4.45;144751;0.0
COBERTURA P/SORVETE PREDI;2406530;8.99;1;0.0
LEITE INTEGRAL TIROL 1L;2406531;3.99;144632;0.0
SOPAO CARNE C/LEGUMES PRE;2406532;5.39;144783;0.0
GOIABADA PREDILECTA 1,01K;2406533;14.99;144715;0.0
BEB LACTEA  VITAMINA C/FR;2406534;1.99;149391;0.0
MASCARA BEL KIT REALCE CO;2406535;14.9;144873;0.0
MOLHO REF PREDILECTA 340G;2406536;2.95;144746;0.0
LIMPA VIDROS AUTOCRAFT 50;2406537;10.99;1;0.0
GELATINA PREDILECTA CEREJ;2406538;1.75;144734;0.0
OVOS SAO FRANCISCO BRANCO;2406540;12.9;144428;0.0
TAPIOCA TAPIOLIFE 320G;2406542;4.99;1;0.0
SHAMPOO MONANGE DETOX 325;2406543;10.9;144870;0.0
ESMALTE IMPALA PEROLADO L;2406544;4.99;144924;0.0
ESMALTE IMPALA CREMOSO ZA;2406545;5.49;144924;0.0
REFRESCO SHEFINHA LARANJA;2406546;1.25;1;0.0
POLPA MATILAT MORANGO E C;2406547;5.55;144484;0.0
CERA PASTA PROAUTO TRAD 2;2406548;22.9;144812;0.0
AZEITONA VERDE PREDILECTA;2406549;14.99;144801;0.0
IOGURTE MATILAT FRT VERME;2406550;7.49;144484;0.0
MANTEIGA MATILAT EXTRA S/;2406551;15.99;144464;0.0
IOGURTE MATILAT COCO 180G;2406552;2.35;144484;0.0
BISC RECH HIPOPO BAUNILHA;2406553;1.99;144687;0.0
ESMALTE IMPALA TRANSP TAN;2406554;3.99;144924;0.0
GELATINA PREDILECTA LIMAO;2406555;1.75;144734;0.0
MAC CAS SACCIALI TALHARIM;2406556;9.49;144779;0.0
AZEITONAS PREDILECTA RECH;2406558;8.99;144801;0.0
REQUEIJAO CREMOSO MATILAT;2406560;10.99;144478;0.0
IOGURTE MATILAT MORANGO 1;2406561;2.85;144484;0.0
TAPIOCA AKIO POUCH 560G;2406562;11.99;1;0.0
LUVA LATEX SANRO PLUS M;2406563;8.99;144345;0.0
REQUEIJAO CREMOSO MATILAT;2406564;10.49;144478;0.0
PESSEGO PREDILECTA EM CAL;2406565;21.9;144714;0.0
GELATINA PREDILECTA MORAN;2406566;1.75;144734;0.0
AZEITONA PREDILECTA RECHE;2406567;13.49;144801;0.0
LOCAO HIDRATANTE PAIXAO A;2406568;10.9;144913;0.0
LUVAS LATEX SANRO PLUS P;2406569;8.99;144836;0.0
LEITE FERMENTADO MATILAT;2406571;9.95;144484;0.0
BISC LE PETIT CREAM CRACK;2406573;11.9;144688;0.0
MOLHO TOMATE REF PREDILEC;2406574;1.79;144746;0.0
MARMELADA PREDILECTA 350G;2406575;12.99;1;0.0
SHAMPOO MONANGE BOOST 325;2406576;10.9;144870;0.0
SHAMPOO MONANGE QUIMICA 3;2406578;10.9;144870;0.0
SAL GROSSO GARCA GRILL 1K;2406579;3.99;144798;0.0
QUEIJO PETIT SUISSE MATIL;2406580;8.0;144484;0.0
REQUEIJAO CREMOSO MATILAT;2406582;22.9;144478;0.0
BALA MAST FRUITTELLA MORA;2406583;2.5;144694;0.0
IOGURTE NATURAL MATILAT D;2406584;2.59;144484;0.0
CACAROLA REF MEGA FLON N;2406585;45.9;1;0.0
SHAMPOO BEL KIT COCO 350M;2406586;9.99;144870;0.0
GEL EX SET AZUL FORTE 250;2406588;8.99;145727;0.0
BISCOITO POLVILHO CASSINI;2406589;4.5;144855;0.0
MASCARA SALON LINE TURBIN;2406590;20.9;144873;0.0
GELATINA SALON LINE TO DE;2406591;27.9;144868;0.0
LEITE EM PO ITALAC INTEGR;2406592;19.9;144725;0.0
LEITE COCO BOM COCO 200ML;2406593;2.99;144863;0.0
SAB LIQ KI BELLA MACA VER;2406594;7.99;144919;0.0
FINALIZADOR BEL KIT UNICO;2406595;21.9;1;0.0
ALCOOL ETILICO LIQ UZU 70;2406597;6.99;1;0.0
SPRAY USO OBRIGATORIO BEL;2406598;29.99;1;0.0
SABONETE DOVE CREMOSO ORI;2406599;5.99;144920;0.0
ACHOC PO ITALAC MORANGO 4;2406601;10.9;144727;0.0
MASCARA SALON LINE AZEITE;2406602;20.9;144873;0.0
CREME DENTAL CLOSE UP DEN;2406603;3.99;144887;0.0
ALGODAO DISCOS COTTON LIN;2406604;8.99;144883;0.0
ATIVADOR CACHOS SALON LIN;2406605;20.99;144868;0.0
SAB LIQ TOK BOTHANICO ERV;2406606;13.9;144919;0.0
SABONETE LIQ KIZZ FR VERM;2406608;15.9;144919;0.0
MINI CANECA CERAMICA YAZI;2406610;13.99;1;0.0
SABONETE LIQ INTIMO KIZZ;2406611;11.99;144918;0.0
SACOS P/LIXO LEVALIXO PIA;2406612;5.95;144510;0.0
SABONETE LA FRUTA MORANGO;2406613;5.95;144920;0.0
CONDIC SALON LINE MEU LIS;2406614;19.9;144869;0.0
LEITE ITALAC INTEGRAL 1L;2406615;5.49;144632;0.0
GEL EX SET AZUL FORTE 230;2406616;7.99;145727;0.0
CONDIC BEL KIT VINAGRE MA;2406617;9.99;144869;0.0
ABS COTTON LINE SUAVE C/A;2406618;4.49;144892;0.0
SAB LIQ TOK BOTHANICO ORQ;2406619;13.9;144920;0.0
SHAMPOO BEL KIT APALUZA 4;2406620;9.99;144870;0.0
DES ROLL ON CORPO A CORPO;2406621;8.99;144878;0.0
AGUA DE COLONIA BEBE VIDA;2406623;24.9;144910;0.0
SACO P/LIXO LEVALIXO REFO;2406624;3.45;144510;0.0
SABONETE LA FLORE FLOR DE;2406625;5.95;144920;0.0
SAB LIQ KI BELLA PITANGA;2406627;7.99;144919;0.0
CREME LEITE ITALAC TP 200;2406628;4.25;144719;0.0
SABONETE DOVE ESFOLIACAO;2406629;5.99;144920;0.0
EXTENSAO ILUMI 3TOMADAS 3;2406630;37.9;1;0.0
SABONETE LIQ KIZZ ERVA DO;2406631;15.9;144919;0.0
IOGURTE MATILAT AMEIXA 16;2406633;2.35;144484;0.0
CONDIC BEL KIT APALUZA 40;2406634;9.99;144869;0.0
SACO P/LIXO LEVALIXO REFO;2406635;3.45;144510;0.0
FRIGIDEIRA MEGA FLON MEGA;2406637;38.9;144166;0.0
SERUM CAPILAR BEL KIT ROS;2406638;29.9;1;0.0
MASCARA HIDRAT BEL KIT BA;2406639;13.99;144873;0.0
MASCARA SALON LINE MEU LI;2406640;21.99;144873;0.0
CONDIC BEL KIT COCO 350ML;2406642;9.99;144869;0.0
LEITE PO ITALAC INTEGRAL;2406643;19.9;144725;0.0
CONDIC BEL KIT OLEO RICIN;2406644;9.99;144869;0.0
ACENDEDOR P/FOGAO LUME;2406645;11.99;144506;0.0
SHAMPOO BEL KIT UNICORNIO;2406646;9.99;144870;0.0
AGUA MICELAR BEL KIT SKIN;2406647;20.9;1;0.0
CONDIC BEBE VIDA DAVENE 2;2406648;15.9;144906;0.0
SHAMPOO SALON LINE MEU LI;2406649;16.99;144870;0.0
CERVEJA PILSEN WIENBIER 7;2406650;10.99;144646;0.0
SHAMPOO BEL KIT BANHO DE;2406651;9.99;144870;0.0
SABONETE LIQ KI BELLA ROS;2406652;13.99;144919;0.0
MASCARA SALON LINE QUERAT;2406653;20.9;144873;0.0
LEITE ITALAC INTEGRAL 1L;2406654;5.69;144632;0.0
BEB LACTEA ITALAC CHOC 20;2406655;1.99;149391;0.0
DES ROLL ON CORPO A CORPO;2406656;8.99;144878;0.0
ABS COTTON LINE COB SUAVE;2406657;3.49;144892;0.0
GEL EX SET INCOLOR FORTE;2406658;8.99;145727;0.0
JARRA ABA MEGA;2406660;35.9;1;0.0
DES ROLL ON EX SET PASSIO;2406661;7.49;144878;0.0
CR PENTEAR BEL KIT OLEO D;2406662;12.99;144872;0.0
MASCARA BEL KIT MATIZADOR;2406663;15.99;144873;0.0
SABONETE LIQ KI BELLA LIM;2406664;13.99;144919;0.0
SABONETE LA FRUTA MANDARI;2406666;5.95;144920;0.0
SHAMPOO SALON LINE TO DE;2406667;21.9;144870;0.0
MASCARA BEL KIT PREMIUM R;2406668;14.9;144873;0.0
SHAMPOO BEL KIT DESMAIA C;2406669;9.99;144870;0.0
GEL EX SET INCOLOR FORTE;2406670;6.99;145727;0.0
SHAMPOO BEL KIT REALCE CO;2406671;9.99;144870;0.0
SHAMPOO BEL KIT OLEO DE R;2406672;9.99;144870;0.0
BEB LACTEA SHEFA ACHOCOLA;2406673;1.5;149391;0.0
MOLHO TOM SACCIALI 530G;2406674;8.99;144746;0.0
POTY GUARANA 2L;2406675;6.99;144679;0.0
CHOCOLATE EM PO PREDILECT;2406676;8.99;1;0.0
KETCHUP PREDILECTA ST UP;2406677;4.99;144751;0.0
BEB LACTEA SHEFA MORANGO;2406678;1.5;149391;0.0
ESMALTE TRATAMENTO IMPALA;2406679;5.49;144924;0.0
CEREJA PREDILECTA EM CALD;2406680;21.9;144714;0.0
OLEO SECANTE IMPALA 7,5ML;2406681;5.49;1;0.0
IOGURTE MATILAT MRG/COCO;2406682;5.4;144484;0.0
DOCE LEITE OLIVEIRA 30G;2406684;1.0;144717;0.0
PASSATA RUSTICA SACCIALI;2406685;13.99;144746;0.0
KETCHUP PREDILECTA PICANH;2406686;9.9;144751;0.0
HIDRATANTE PAIXAO FRAMBOE;2406687;10.9;144913;0.0
BASE UNHAS FRACAS IMPALA;2406688;5.49;144924;0.0
ESMALTE IMPALA CREMOSO PR;2406689;4.99;144924;0.0
ESMALTE IMPALA PEROLADO P;2406690;5.49;144924;0.0
MAIONESE PREDILECTA TOP D;2406691;8.49;144752;0.0
LAVA AUTOS AUTOCRAFT 500M;2406692;11.99;144813;0.0
AZEITONA PREDILECTA S/CAR;2406694;13.99;144801;0.0
AMEIXA EM CALDA PREDILECT;2406695;9.9;144714;0.0
MOSTARDA PREDILECTA 180G;2406696;5.49;144753;0.0
GOIABADA PREDILECTA GOURM;2406697;10.9;144715;0.0
ALIMENTO SOJA SHEFA MORAN;2406698;5.99;144636;0.0
CONDIC MONANGE QUIMICA SE;2406699;13.99;144869;0.0
GOIABADA PREDILECTA 300G;2406700;4.95;144715;0.0
POTY LARANJA 2L;2406701;6.99;144679;0.0
MAIONESE PREDILECTA 500G;2406702;11.99;144752;0.0
SHAMPOO MONANGE CACHOS 32;2406703;10.9;144870;0.0
EXTRATO TOMATE PREDILECTA;2406704;2.99;144745;0.0
TAPIOCA AKIO 500G;2406705;8.99;1;0.0
CREME DE AVELA PREDILECTA;2406706;11.49;1;0.0
ALHO FRITO CROCANTE BARRE;2406707;6.99;144770;0.0
POLPA MATILAT MORANGO 540;2406708;7.35;144484;0.0
MOLHO REF PREDILECTA PREM;2406709;13.99;144746;0.0
EXTRATO TOMATE PREDILECTA;2406710;1.99;144745;0.0
QUEIJO PARMESAO MATILAT R;2406712;7.49;144790;0.0
LEITE SHEFA ZERO LACTOSE;2406713;6.49;144632;0.0
AZEITONAS PREDILECTA S/CA;2406714;7.99;144801;0.0
IOGURTE MATILAT SALADA FR;2406715;10.9;144484;0.0
PAPEL HIG MILI BIANCO NT;2406716;32.9;144904;0.0
ALIMENTO COM SOJA SHEFA O;2406717;6.99;144636;0.0
COGUMELO INTEIRO RIVOLI C;2406718;6.49;1;0.0
ESMALTE IMPALA ACALANTO 7;2406719;5.49;144924;0.0
ESMALTE IMPALA 7,5ML FLOR;2406721;4.5;144924;0.0
SARDINHA PALMEIRA OLEO 12;2406722;5.99;144767;0.0
BEBIDA DE FRUTAS SHEFA GO;2406723;1.5;1;0.0
MACARRAO BASILAR SEMOLA F;2406724;4.89;1;0.0
EXTENSAO ELETRICA PRATIK;2406725;15.99;1;0.0
SALGADINHO FABITOS BACON;2406726;5.99;144855;0.0
CREME YAMASTEROL ARGAN 20;2406727;6.99;144869;0.0
KIT SALGADINHO FABITOS 6X;2406728;8.99;144855;0.0
LEITE SHEFA DESNATADO 1L;2406729;6.99;144632;0.0
MACARRAO BASILAR SEMOLADO;2406730;3.65;144792;0.0
MACARRAO BASILAR SEMOLADO;2406731;4.49;144792;0.0
VELA BRANCA QLZ VOTIVA IM;2406732;18.9;144513;0.0
ESMALTE IMPALA MEU BEM 7,;2406733;4.5;144924;0.0
ESCOVA DENTAL SANIFILL PO;2406734;6.99;144889;0.0
ESMALTE IMPALA INTENSO 7,;2406735;5.49;144924;0.0
VELA BRANCA QLZ VOTIVA IM;2406736;18.9;144513;0.0
DOCE DE LEITE OLIVEIRA XU;2406737;1.75;144717;0.0
SALSICHA VINAGRETE XAVIER;2406738;15.99;144317;0.0
PAPEL HIG MILI BIANCO NT;2406739;24.9;144904;0.0
ESMALTE IMPALA EQUILIBRIO;2406740;4.5;144924;0.0
AGUA SANITARIA VAREK PLUS;2406741;3.49;144853;0.0
VELA BRANCA QLZ VOTIVA IM;2406744;16.9;144513;0.0
ESMALTE IMPALA ACONCHEGO;2406745;3.99;144924;0.0
SARDINHA PESCADOR OLEO 12;2406746;5.99;144767;0.0
PAPEL HIG MILI BIANCO NT;2406747;8.45;144904;0.0
PAPEL HIG MILI SENSITIVE;2406748;24.99;144904;0.0
SALGADINHO FABITOS QUEIJO;2406749;3.5;144855;0.0
ESMALTE IMPALA CREMOSO CO;2406750;5.49;144924;0.0
BATATA CG MC CAIN SMILES;2406751;13.99;144173;0.0
SALGADINHO FABITOS CEBOLA;2406752;3.5;144855;0.0
DESINF SANOL ORIGINAL 2L;2406753;7.49;144834;0.0
MACARRAO BASILAR SEMOLADO;2406754;3.99;144792;0.0
EXTENSAO ELETRICA PRQTIK;2406756;42.9;1;0.0
SAL REFINADO LEBRE 1KG;2406757;3.49;144798;0.0
PIPOCA DOCE VOVOZINHA 150;2406758;4.99;151996;0.0
ESMALTE IMPALA ANA CASTEL;2406759;5.99;144924;0.0
ESMALTE IMPALA CURTIR O P;2406760;4.99;144924;0.0
VELA BRANCA QLZ N5 200G;2406761;11.9;144513;0.0
PAPEL HIG MILI BIANCO PER;2406762;8.45;144904;0.0
SALGADINHO FABITOS BACON;2406764;2.99;144855;0.0
SALGADINHOS FABITOS BACON;2406765;3.5;144855;0.0
EXTENSAO ELETRICA PRATIK;2406766;22.9;1;0.0
CREME LEITE SHEFA TP 200G;2406767;3.79;144719;0.0
ESMALTE IMPALA CASCO CAVA;2406768;7.99;144924;0.0
ANEIS DE CEBOLA PICKERS 1;2406769;35.9;1;0.0
MACARRAO BASILAR SEMOLADO;2406770;3.99;144792;0.0
VELA BRANCA QLZ VOTIVA GR;2406771;18.9;144513;0.0
BISC RECH NIKITO CHOC/MOR;2406772;2.65;144687;0.0
ESMALTE IMPALA ACALMA MEN;2406773;5.99;144924;0.0
VELA BRANCA QLZ VOTIVA CO;2406774;18.9;144513;0.0
ESMALTE IMPALA CREMOSO XO;2406775;5.49;144924;0.0
CONDIC TRA LA LA KIDS TRA;2406777;16.99;144906;0.0
FRALDA DESC ENLACE BABY M;2406778;35.9;144908;0.0
VELA QLZ CITRONELA 120G;2406779;10.9;144513;0.0
BISC RECH NIKITO CHOCOLAT;2406781;2.5;144687;0.0
PIPOCA DOCE VOVOZINHA 60G;2406782;2.99;151996;0.0
ESMALTE IMPALA CREMOSO NO;2406783;5.49;144924;0.0
ESMALTE IMPALA JP QUE BEL;2406785;6.99;144924;0.0
SHAMPOO TRA LA LA HIDRAKI;2406786;13.99;144906;0.0
ESMALTE IMPALA LA CASA DE;2406787;5.49;144924;0.0
BEBIDA DE FRUTA SHEFA MOR;2406788;1.5;1;0.0
LEITE SHEFA SEMIDESNATADO;2406790;7.99;144632;0.0
CREME YAMASTEROL 320G;2406791;12.49;144869;0.0
AZEITONA RIVOLI VERDE 100;2406792;3.49;144801;0.0
ESMALTE IMPALA ANA CASTEL;2406793;5.99;144924;0.0
BANANINHA CREMOSA OLIVEIR;2406794;2.5;1;0.0
ESMALTE IMPALA DADIVA 7,5;2406795;4.99;144924;0.0
DESINF SANOL LAVANDA 2L;2406796;7.49;144834;0.0
VELA BRANCA QLZ VOTIVA SA;2406797;16.9;144513;0.0
AGUA SANITARIA VAREK ROSA;2406799;19.9;144853;0.0
ESMALTE IMPALA CREMOSO SU;2406800;4.99;144924;0.0
MACARRAO BASILAR SEMOLA E;2406801;4.89;1;0.0
ESMALTE IMPALA A MUSICA N;2406802;4.5;144924;0.0
PAPEL HIG MILI BIANCO PER;2406803;24.9;144904;0.0
AZEITONA RIVOLI VERDE 500;2406804;16.49;144801;0.0
AZEITONAS VERDES RIVOLI F;2406805;11.99;144801;0.0
DESINF SANOL OCEAN 2L;2406806;7.49;144834;0.0
ESMALTE IMPALA TUTU 7,5ML;2406807;5.49;144924;0.0
ESMALTE IMPALA LA CASA DE;2406808;5.49;144924;0.0
MACARRAO BASILAR SEMOLADO;2406810;3.99;144792;0.0
MACARRAO BASILAR SEMOLADO;2406811;4.45;144792;0.0
SALGADINHO FABITOS PIZZA;2406812;3.5;144855;0.0
VELA BRANCA QLZ N2 120G;2406814;6.99;144513;0.0
LEITE SHEFA INTEGRAL 1L;2406815;5.99;144632;0.0
ESMALTE IMPALA VERNIZ PON;2406816;6.99;144924;0.0
BASE DOS SONHOS IMPALA 7,;2406817;5.99;144924;0.0
VELA BRANCA QLZ N3 136G;2406818;7.99;144513;0.0
SHAMPOO TRA LA LA KIDS 2;2406819;15.9;144906;0.0
ESMALTE IMPALA CREMOSO AT;2406820;5.49;144924;0.0
ESMALTE IMPALAGLITTER  CO;2406821;8.49;144924;0.0
BISCOITO POLVILHO FABITOS;2406822;5.99;144855;0.0
ESMALTE IMPALA 7,5ML TEU;2406823;4.5;144924;0.0
REFRESCO SHEFINHA MORANGO;2406824;1.25;1;0.0
PAPEL HIG MILI 4X60M;2406825;2.99;144904;0.0
VELAS Q LUZ 10,5G;2406826;3.99;144513;0.0
VELA BRANCA QLZ VOTIVA IM;2406828;18.9;144513;0.0
DESENGORDURANTE DIABO VER;2406829;10.9;144821;0.0
BATATA PALHA EXTRA FINA F;2406830;6.99;144857;0.0
LIMPADOR MULTI USO TRIEX;2406831;3.69;144839;0.0
DETERGENTE TRIEX CLEAR 50;2406832;1.99;144818;0.0
CERA ROUXINOL INCOLOR 750;2406833;5.99;144842;0.0
CURRY MULTI GOSTO 15G;2406834;2.99;144769;0.0
BISC PRODASA AGUA E SAL 4;2406835;5.99;144688;0.0
PEDRA SANITARIA TRIEX EUC;2406836;3.45;144836;0.0
CHOCOLATE SUPREME BALL BR;2406837;1.99;144699;0.0
DESINF AERO LYSOCLIN 400M;2406838;28.9;144834;0.0
LAVA ROUPAS TRIEX MAXGREE;2406840;9.49;144852;0.0
CHOCOLATE SUPREME BALL AO;2406842;1.99;144699;0.0
SALGADINHO FABITOS PRESUN;2406843;1.99;144855;0.0
CHOCOLATE SUPREME BALL MI;2406844;1.99;144699;0.0
DESINF TRIEX PERFUMES EUC;2406845;15.99;144834;0.0
LIMPADOR PERF TRIEX LEMBR;2406846;4.99;144839;0.0
NAFTALINA TRIEX 25G;2406847;2.99;144836;0.0
SALGADINHO FABITOS PIZZA;2406848;2.99;144855;0.0
SUCO FRUPIC LIMONADA 1L;2406849;3.5;144665;0.0
REFRESCO PO FRISCO MANGA;2406850;1.15;144930;0.0
SABONETE PHEBO PATCHOULY;2406851;5.39;144920;0.0
SABONETE PHEBO LAVANDA 90;2406852;5.39;144920;0.0
DESINF TRIEX PINHO 500ML;2406853;2.99;144834;0.0
VELA TRIEX VOTIVA 250G;2406854;16.99;144513;0.0
REFRESCO PO FRISCO ABACAX;2406857;1.15;144930;0.0
LIMPADOR PERF TRIEX ACONC;2406858;9.9;144839;0.0
LIMPADOR PERF TRIEX FRESC;2406859;4.99;144839;0.0
TIRA MANCHAS TRIEX MULTIU;2406860;24.99;144851;0.0
SALGADINHO FABITOS BACON;2406861;1.99;144855;0.0
AMACIANTE TRIEX MAX PURPL;2406862;15.99;144845;0.0
DESINF TRIEX PERFUMES DA;2406863;6.5;144834;0.0
VELAS TRIEX N°8 208G;2406864;11.9;144513;0.0
AGUA SANITARIA TRIEX 5L;2406865;12.99;144853;0.0
LIMPADOR MULTI USO TRIEX;2406866;3.69;144839;0.0
VELAS TRIEX N°4 160G;2406867;8.99;144513;0.0
REFRESCO PO FRISCO UVA 25;2406868;1.15;144930;0.0
PEDRA SANITARIA TRIEX ARO;2406869;3.45;144836;0.0
POLVILHO GRANADO TRADICIO;2406870;15.9;1;0.0
SUCO FRUPIC FRUTAS CITRIC;2406871;2.25;144665;0.0
DETERGENTE TRIEX MACA 500;2406872;1.99;144818;0.0
REFRESCO PO FRISCO LIMAO;2406873;1.15;144930;0.0
SALGADINHO FABITOS BACON;2406874;3.99;144855;0.0
LIMPA VIDROS TRIEX 500ML;2406875;4.35;144838;0.0
CORANTE 3X VERDE 60ML;2406876;3.49;144849;0.0
ALVEJANTE TRIEX S/CLORO W;2406877;12.99;144844;0.0
LIMPADOR PERF TRIEX DESEJ;2406878;4.99;144839;0.0
LAVA ROUPAS TRIEX 800G;2406879;4.99;144846;0.0
COLHER SOBREMESA MULTI FE;2406880;7.49;144508;0.0
BANDEJA LAMINADA MULTI FE;2406881;7.5;144508;0.0
ROSCA DE COCO SAO DIMAS 4;2406882;11.9;144320;0.0
MASSA P/LASANHA MASSA DA;2406883;9.9;144318;0.0
MINI BRINQ MULTI FESTA LI;2406884;3.99;144508;0.0
BALAO SUPER MULTI FESTA A;2406885;14.9;144694;0.0
PACOCA ROLHA MANDUBIM ZER;2406886;1.0;144715;0.0
BALOES CANUDOS P/MODELAR;2406887;6.95;144508;0.0
FRALDA DESC T MONICA ECON;2406888;39.99;144908;0.0
MINI PIZZA MASSA DA FEIRA;2406889;13.9;144318;0.0
LINGUICA TOSCANA REAL TRA;2406890;15.9;144296;0.0
BOMBOM BON O BON BEIJINHO;2406892;47.9;144696;0.0
MASSA P/PASTEL MASSA DA F;2406893;8.49;144318;0.0
PAPRICA DEFUMADA MULTI GO;2406894;5.99;144769;0.0
BOLO DE LARANJA S DIMAS 3;2406895;19.9;144320;0.0
MINI PAO HAMBURGUER S DIM;2406897;8.49;144320;0.0
PIZZA DE FRIGIDEIRA MASSA;2406898;10.49;144318;0.0
MASSA P/PIZZA MASSA DA FE;2406899;9.99;144318;0.0
VELA MULTI FESTA ROSA N 8;2406900;4.99;144508;0.0
VELA MULTI FESTA AZUL N2;2406901;4.99;144508;0.0
PACOCA ROLHA MANDUBIM 500;2406902;14.99;144715;0.0
BOLO DE FUBA SAO DIMAS 35;2406903;19.9;144320;0.0
PAO SOVADO SAO DIMAS 500G;2406904;12.99;144320;0.0
PAPEL ALUMINIO BRICOFLEX;2406905;3.75;144505;0.0
POTE PREMIUM RET COLOR PL;2406906;19.9;1;0.0
CHOCOLATE ARCOR TORTUGUIT;2406907;1.5;144699;0.0
CHOCOLATE TORTUGUITA BRAN;2406908;1.5;144699;0.0
FRALDA DESC T MONICA ECON;2406909;39.9;144908;0.0
VELA MULTI FESTA AZUL N 6;2406911;4.99;144508;0.0
TALCO PERF MEU AMORZINHO;2406913;14.9;144910;0.0
VELA SUPER GLITTER DOURAD;2406914;8.99;144508;0.0
CHOPP DE VINHO 58 WIENBIE;2406915;19.9;144649;0.0
PACOCA ROLHA MANDUBIM 210;2406916;7.99;144715;0.0
POTE PREMIUM REDONDO PLAS;2406917;12.9;1;0.0
PAPEL AUMINIO BRICOFLEX 3;2406918;6.45;144505;0.0
GARFO DESC MULI TFEST MAX;2406919;13.99;144508;0.0
VELA SUPER GLITTER DOURAD;2406920;8.99;144508;0.0
PAPRICA PICANTE MULTI GOS;2406921;5.99;144769;0.0
KIT QER SH+COND;2406922;49.9;144928;0.0
VELA MULTI FESTA AZUL N 0;2406923;4.99;144508;0.0
POLVILHO GRANADO SPORT 10;2406924;16.99;1;0.0
SACO P/GELINHO MULTI FEST;2406925;3.5;144508;0.0
REFRIG JABOTI ABACAXI 2L;2406926;5.99;144679;0.0
JG P/PATE MARTINOX C/4;2406928;12.9;144192;0.0
POEME CHOCOLATE BRANCO 40;2406930;1.5;1;0.0
LIMPA PISOS TRIEX 1L;2406931;7.99;144842;0.0
REFRESCO PO FRISCO GOIABA;2406932;1.15;144930;0.0
DESINF LYSOCLIN BRUTO ORI;2406933;5.99;144834;0.0
POEME CHOCOLATE AO LEITE;2406934;1.5;1;0.0
BATATA FABITOS CHURRASCO;2406935;3.99;144855;0.0
SUCO FRUPIC UVA C/MACA 1L;2406936;3.5;144665;0.0
LIMPADOR MULTI USO TRIEX;2406937;3.69;144839;0.0
PEDRA SANITARIA TRIEX ROS;2406938;3.45;144836;0.0
ACUCAR DEMERARA GLOBO 1KG;2406939;5.99;144628;0.0
MILHO P/PIPOCA PREMIUM DO;2406940;7.99;144773;0.0
BISCOITO POLVILHO FABITOS;2406941;5.99;144855;0.0
LIMPADOR MULTI USO TRIEX;2406942;3.69;144839;0.0
PANOS EM MICROFIBRA LUXCA;2406944;24.9;144836;0.0
ACUCAR CRISTAL GLOBO 2KG;2406945;9.49;144628;0.0
SABONETE PHEBO FRESCOR MA;2406946;5.39;144920;0.0
REFRIG JABOTI TUBAINA 2L;2406947;5.99;144679;0.0
GEL ATIVO SANITARIO TRIEX;2406948;4.49;144836;0.0
SABAO BARRA TRIEX FRESH 1;2406949;10.75;144848;0.0
BATATA FABITOS 40G ORIG;2406950;3.99;144855;0.0
AMACIANTE TRIEX MAX GREEN;2406951;6.49;144845;0.0
REFRESCO PO FRISCO TANGER;2406952;1.15;144930;0.0
CERA ROUXINOL VERMELHA 75;2406953;5.99;144842;0.0
REFRIG JABOTI MACA 2L;2406954;5.99;144679;0.0
REFRESCO PO FRISCO MORANG;2406955;1.15;144930;0.0
REFRESCO PO FRISCO LARANJ;2406957;1.15;144930;0.0
PIPOCA DOCE VOVOZINHA 18G;2406958;0.75;151996;0.0
REFRIG JABOTI COLA 2L;2406960;5.99;144679;0.0
REFRESCO PO FRISCO MARACU;2406961;1.15;144930;0.0
LIMPADOR PERF TRIEX DESEJ;2406962;9.9;144839;0.0
AGUA SANITARIA TRIEX CLOR;2406963;5.99;144853;0.0
BISC PRODASA MAIZENA 400G;2406964;5.75;144684;0.0
LAVA ROUPAS TRIEX 800G;2406965;4.99;144846;0.0
LIMPADOR PERF TRIEX SENSA;2406966;6.99;144839;0.0
ACUCAR EXTRA FINO GLOBO 1;2406968;4.99;144628;0.0
SABAO BARRA TRIEX AZUL 1K;2406969;10.75;144848;0.0
SAB PHEBO RAIZ DO ORIENTE;2406970;5.39;144920;0.0
LIMP PERF TRIEX DESEJO 2L;2406972;11.99;144839;0.0
CORANTE 3X VERMELHO 60ML;2406973;3.49;144849;0.0
BANDEJA LAMINADA MULTI FE;2406974;11.99;144508;0.0
VELA MULTI FESTA ROSA N 2;2406975;4.99;144508;0.0
BELISCAO C/GOIABADA SAO D;2406977;8.99;144320;0.0
FRALDA DESC T MONICA ECON;2406978;39.9;144908;0.0
MASSA P/PASTEL MASSA DA F;2406979;15.9;144318;0.0
SUSPIRO CASEIRO SAO DIMAS;2406981;6.99;144320;0.0
COENTRO EM PO MULTI GOSTO;2406982;1.75;144769;0.0
LEMON PEPPER MULTI GOSTO;2406984;3.95;144769;0.0
VINAGRETE MULTI GOSTO 15G;2406985;2.95;144769;0.0
HAMBURGUER BRASA BURGUER;2406986;3.49;144174;0.0
POTE PREMIUM RET PLATUTTI;2406987;25.9;1;0.0
PAPEL MANTEIGA ROYALPACK;2406988;7.99;1;0.0
ROSCA COCO SAO DIMAS 500G;2406989;11.9;144320;0.0
VELA MULTI FESTA ROSA N 4;2406990;4.99;144508;0.0
PAPEL MANTEIGA BRICOFLEX;2406991;6.99;1;0.0
PAO DE LEITE SAO DIMAS 28;2406992;7.99;144320;0.0
BISC RECH FOFINHO CHOC 11;2406993;1.0;144687;0.0
CREME PENTEAR SALON LINE;2406994;38.9;144872;0.0
LIXA P/UNHAS KATY COLORS;2406996;5.49;1;0.0
LEITE NINHO NESTLE INTEGR;2406997;6.95;144632;0.0
LEITE SILICONIZADO FASHIO;2406998;14.99;1;0.0
LEITE NINHO INTEGRAL 1L;2407000;7.85;144632;0.0
CREME DE LEITE PIRACANJUB;2407001;4.39;144719;0.0
LEITE MOLICO DESNATADO 1L;2407002;7.99;144632;0.0
ESCOVA CAB KATY MADEIRA R;2407003;14.99;155381;0.0
CREME PENTEAR ELSEVE REPA;2407004;15.9;144872;0.0
CONDIC ELSEVE REPARACAO T;2407005;19.9;144869;0.0
OLEO CAPILAR KERATEX RICI;2407007;8.99;1;0.0
SHAMPOO ELSEVE REP TOTAL;2407008;17.9;144870;0.0
CANJICA AMARELA SILVA BAH;2407009;5.49;144773;0.0
PENTE KATY CABO FINO;2407010;2.99;1;0.0
LEITE EM PO INTEGRAL PIRA;2407011;19.9;144725;0.0
REP PONTAS FIXED ARGAN 30;2407012;7.49;144873;0.0
ESCOVA DENTAL BLU MEDIA 3;2407013;5.99;144889;0.0
PRENDEDOR PLASTICO AGUIA;2407014;3.99;144356;0.0
COPO DESC FACILITA   PRON;2407016;2.49;144510;0.0
MASCARA SALON LINE MEU LI;2407017;26.9;144873;0.0
BEB LACTEA PIRACANJUBA WH;2407018;7.5;149391;0.0
AGUA MINERAL NATURAL LIND;2407019;0.99;144638;0.0
LIXA PE KATY PLASTICA CON;2407020;6.99;144924;0.0
HAVAIANAS SLIM GLOSS MUSG;2407021;51.9;144492;0.0
HAVAIANAS TOP ATLHETIC VD;2407023;34.9;144492;0.0
FRALDA DESC PERSONALIDADE;2407024;36.99;144908;0.0
PEDRA SANITARIA TRIEX 25G;2407025;3.49;144836;0.0
ESCOVA P/MAMADEIRA MAMITA;2407028;11.99;144328;0.0
GEL ATIVO SANITARIO TRIEX;2407030;4.49;144836;0.0
CORANTE 3X PRETO 50ML;2407031;3.49;144849;0.0
SABAO EM PO TRIEX SC 1KG;2407032;4.49;144846;0.0
COQ ALCOOLICO 7COLINAS 88;2407033;6.99;1;0.0
LIMPA PEDRAS TRIEX 2L;2407034;13.99;144842;0.0
REFRIG JABOTI COLA 600ML;2407035;2.99;144676;0.0
SABAO BARRA TRIEX PREMIUM;2407037;12.99;144848;0.0
LIMPA FORNO DIABO VERDE S;2407038;27.9;144821;0.0
SALGADINHO FABITOS QUEIJO;2407039;1.99;144855;0.0
SUCO FRUPIC LARANJA/ACERO;2407040;3.5;144665;0.0
BISC RECH PRODASA CHOC/CO;2407041;2.25;144687;0.0
DESINF TRIEX PRIMAVERA 50;2407042;2.99;144834;0.0
DESINF TRIEX LAVANDAS DO;2407044;6.5;144834;0.0
SALGADINHO FABITOS QUEIJO;2407045;2.9;144855;0.0
BISC RECH NIKITO MORANGO;2407046;2.5;144687;0.0
LIMPADOR PERF TRIEX FRESC;2407047;7.49;144839;0.0
SABONETE PHEBO ODOR ROSAS;2407048;5.39;144920;0.0
MACARRAO BASILAR SEMOLADO;2407050;3.99;144792;0.0
MACARRAO BASILAR SEMOLADO;2407052;3.99;144792;0.0
AGUA SANITARIA TRIEX 1L;2407053;3.49;144853;0.0
AGUA SANITARIA VAREK PLUS;2407054;6.99;144853;0.0
REFRESCO PO FRISCO GUARAN;2407056;1.15;144930;0.0
DES SPRAY PHEBO FRESCOR M;2407058;6.95;144879;0.0
VELAS TRIEX N°2 80G;2407059;4.35;144513;0.0
SNACKS FABITOS PIMENTA ME;2407060;4.75;144855;0.0
DESENTUPIDOR DIABO VERDE;2407061;21.9;144836;0.0
BISC RECH NIKITO DOCE DE;2407063;2.65;144687;0.0
AMACIANTE TRIEX AMARELO 2;2407064;6.49;144845;0.0
AGUA SANITARIA VAREK 2L;2407065;7.99;144853;0.0
DESINF TRIEX AROMAS NOITE;2407066;6.5;144834;0.0
REFRIG JABOTI GUARANA 2L;2407067;5.99;144679;0.0
DESINF TRIEX ORQUIDEAS AZ;2407068;6.5;144834;0.0
AGUA SANITARIA VAREK PLUS;2407069;17.99;144853;0.0
AROMATIZANTE TRIEX  LAVAN;2407070;6.99;144836;0.0
DESENGORDURANTE TRIEX 500;2407071;4.99;144821;0.0
SALGADINHO FABITOS CEBOLA;2407072;2.99;144855;0.0
SALGADINHO FABITOS BACON;2407073;8.99;144855;0.0
REFRIG JABOTI LARANJA 2L;2407074;5.99;144679;0.0
GEL ATIVO SANITARIO TRIEX;2407075;4.49;144836;0.0
LEITE LIDER ZERO LACTOSE;2407076;6.99;144632;0.0
BISCOITO POLVILHO FABITOS;2407077;3.5;144855;0.0
KIT SH E CONDIC SALON LIN;2407078;23.9;144906;0.0
LEITE NINHO ZERO LACTOSE;2407079;8.49;144632;0.0
SHAMPOO ELSEVE ARGININA R;2407080;15.9;144870;0.0
ESCOVA CAB KATY OVAL FLAM;2407081;22.9;155381;0.0
OLEO CAPILAR KERATEX JABO;2407082;8.99;1;0.0
ATIVADOR CACHOS SALON LIN;2407083;24.9;144868;0.0
PENTE KATY MADEIRA ANTIES;2407084;7.99;1;0.0
CREME TRAT ELSEVE ARGININ;2407085;23.99;144873;0.0
SHAMPOO ELSEVE QUERA LISO;2407086;15.9;144870;0.0
AMEIXA SECA PEPOL 100G;2407087;9.99;1;0.0
LEITE SILICONIZADO FASHIO;2407088;11.9;1;0.0
ESCOVA CAB KATY MASSAGEM;2407089;3.5;155381;0.0
MASCARA SALON LINE LOIRO;2407090;26.9;144873;0.0
ROLO P/MASSA 43CM MADLAR;2407091;14.9;1;0.0
SABONETE LIQ FASHION ERVA;2407092;14.9;144919;0.0
ESCOVA CAB KATY FLEX RETA;2407093;10.9;155381;0.0
KIT SH CONDIC SALON LINE;2407094;23.9;144928;0.0
ESCOVA DENTAL BLU UNID;2407095;5.99;144889;0.0
OLEO CAPILAR KERATEX BABO;2407096;8.99;1;0.0
SHAMPOO SALON LINE MEU LI;2407097;16.99;144870;0.0
BEB LACTEA PIRAKIDS CHOCO;2407098;1.89;149391;0.0
ESCOVA CABELO KATY OVAL V;2407099;10.9;155381;0.0
ALHO CEBOLA E SALSA PEPOL;2407100;3.75;144770;0.0
MASC SALON LINE MEU LISO;2407101;19.9;1;0.0
ACUCAR CRISTAL SANTA ISAB;2407102;19.99;144628;0.0
CONDIC ELSEVE QUERA LISO;2407103;19.9;144869;0.0
ESCOVA DENTAL PANDA;2407104;5.99;144889;0.0
PENTE KATY CABO;2407105;3.99;1;0.0
GELATINA SALON LINE TO DE;2407106;28.9;144868;0.0
FAROFA PRONTA MANDIOCA PE;2407107;5.25;144772;0.0
CR PENTEAR SALON LINE CAC;2407108;38.9;144872;0.0
TOALHAS UMEDECIDAS MARIGO;2407110;13.99;144909;0.0
PIMENTA MALAGUETA PRACOR;2407111;16.99;1;0.0
SAL AMONIACO S BAHIA 40G;2407112;3.49;144770;0.0
COMINHO C/PIMENTA S BAHIA;2407113;4.49;144770;0.0
ESCOVA CABELO KATY FLEX R;2407114;10.99;155381;0.0
PENTE KATYCABO LONGO GLIT;2407115;4.99;1;0.0
ESCOVA DENTAL BLU MACIA 3;2407116;5.99;144889;0.0
MASCARA SALON LINE MEU LI;2407117;21.97;144873;0.0
PORTA ESCOVA DE DENTE KAT;2407118;3.99;1;0.0
BISC MARILAN MAIZENA 400G;2407119;5.35;144684;0.0
BISC MABEL AGUA E SAL 300;2407121;5.99;144688;0.0
ROSQUINHAS MABEL COCO 350;2407122;5.25;144684;0.0
CHA VERDE YAI T MONICA ME;2407123;3.5;144640;0.0
BEB ALCOOLICA COROTE MELA;2407124;5.49;1;0.0
ROSEIRA MINI P15;2407125;35.0;144626;0.0
DETERGENTE TRIEX NEUTRO 5;2407126;1.99;144818;0.0
REQUEIJAO CLARA MILK BISN;2407127;7.49;144478;0.0
EXTENSAO ELETRICA PRATIK;2407128;22.9;1;0.0
BEB ALCOOLICA COROTE MARA;2407129;5.49;1;0.0
LIMPA ALUMINIO TRIEX AZUL;2407130;3.99;144820;0.0
SALGADINHO FABITOS PRESUN;2407131;2.99;144855;0.0
LIMPA PNEUS AUTOCRAFT 500;2407132;10.99;1;0.0
BISC RECH PRODASA MRG/CHO;2407133;2.25;144687;0.0
AROMATIZANTE TRIEX FLORAL;2407134;6.99;144836;0.0
REFRIG JABOTI UVA 2L;2407135;5.99;144679;0.0
LAVA AUTO C/CERA PROAUTO;2407136;18.9;144813;0.0
SUCULENTAS P06;2407137;1.99;144626;0.0
FLOR DE MAIO P11;2407138;19.99;144626;0.0
SABAO DE COCO TRIEX 200G;2407139;3.99;144848;0.0
BISC LE PETIT MAIZENA 400;2407140;6.79;144684;0.0
SUCULENTA P11;2407141;10.0;144626;0.0
LIMP PERF TRIEX DESEJO 1L;2407142;6.99;144839;0.0
GEL ATIVO SANITARIO TRIEX;2407143;4.49;144836;0.0
PEDRA SANITARIA TRIEX FRU;2407144;3.45;144836;0.0
DESINF TRIEX FLORES PRIMA;2407145;6.5;144834;0.0
DESINF TRIEX LAVANDAS DO;2407146;15.99;144834;0.0
SILICONE PROAUTO SEC RAPI;2407147;11.99;144815;0.0
DETERGENTE TRIEX LIMAO 50;2407148;1.99;144818;0.0
AGUA SANITARIA VAREK 1L;2407149;3.99;144853;0.0
DETERGENTE TRIEX NEUTRO 5;2407150;18.99;144818;0.0
SABONETE PHEBO AMAZONIAN;2407151;5.39;144920;0.0
SABONETE PHEBO NATURELLE;2407152;5.39;144920;0.0
SALGADINHO FABITOS CHURRA;2407153;2.99;144855;0.0
DOCE DE LEITE OLIVEIRA XU;2407154;1.0;1;0.0
FLOCAO MILHO DONA CLARA 5;2407155;3.45;144772;0.0
LIMPA ALUMINIO TRIEX VERD;2407156;3.99;144820;0.0
SABAO BARRA TRIEX NEUTRO;2407157;10.75;144848;0.0
SUCO FRUPIC LIMONADA 450M;2407158;2.25;144665;0.0
SECADOR PRINCESA CROMADO;2407159;74.9;1;0.0
BATATA FABITOS CEBOLA E S;2407160;3.99;144855;0.0
REFRIG JABOTI LIMAO 2L;2407161;5.99;144679;0.0
LEITE LIDER INTEGRAL 1L;2407162;6.35;144632;0.0
AMIDO DE MILHO KIMINO 200;2407163;4.5;144732;0.0
BISCOITO POLVILHO FABITOS;2407164;9.5;144855;0.0
MACARRAO BASILAR SEMOLADO;2407165;3.99;144792;0.0
BISC RECH PRODASA CHOCOLA;2407166;2.25;144687;0.0
GEL MASSAGEM FASHION PEIX;2407167;11.99;1;0.0
BEB LACTEA PIRAKIDS CHOCO;2407168;10.9;149391;0.0
BICARBONATO DE SODIO PEPO;2407169;13.99;144770;0.0
CREME PENTEAR SALON LINE;2407170;38.9;144872;0.0
CONDIC SALON LINE MEU LIS;2407171;15.9;144869;0.0
SABONETE LIQ FASHION ALGO;2407172;14.9;144919;0.0
SHAMPOO SALON LINE MEU LI;2407173;23.9;144870;0.0
NAVALHA DE ACABAMENTO BAR;2407174;11.99;1;0.0
EXTENSAO ELETRICA MEGATRO;2407175;16.99;1;0.0
KIT SH CONDIC SALON LINE;2407176;23.9;144928;0.0
ATIVADOR CACHOS SALON LIN;2407177;19.49;144868;0.0
CREME TRAT ELSEVE REPARAC;2407178;23.99;144873;0.0
SHAMPOO SALON LINE SOS CA;2407179;21.9;144906;0.0
CREME LEITE PIRACANJUBA 0;2407180;4.99;144719;0.0
ESCOVA DENTAL MEDIA 35;2407181;5.99;144889;0.0
LEITE EM PO INTEGRAL INST;2407182;19.99;144725;0.0
CONDIC SALON LINE TO DE C;2407183;21.9;144869;0.0
TOALHA UMED PRIMEIRO BABY;2407184;10.99;144909;0.0
OLEO CAPILAR KERATEX COCO;2407185;8.99;1;0.0
GELATINA SALON LINE TO DE;2407186;27.9;144868;0.0
KIT SH CONDIC SALON LINE;2407187;23.9;144928;0.0
MASCARA SALON LINE SOS CA;2407188;20.9;144873;0.0
GELATINA SALON LINE TO DE;2407189;27.9;144868;0.0
COPO DESC MASSIMO BRC 50M;2407190;3.5;144510;0.0
LEMON PEPPER PEPOL 30G;2407191;3.75;144770;0.0
PRATO FUNDO VIDRO AMBER L;2407192;8.99;1;0.0
CHA VERDE YAI T MONICA FR;2407193;3.5;144640;0.0
CONSERVADORA OVAL ARIPLAS;2407194;12.99;1;0.0
ESCOVA DENTAL BLU INFANTI;2407195;5.99;144889;0.0
CR PENTEAR SALON LINE SOS;2407196;16.9;144872;0.0
SHAMPOO ELSEVE REPARACAO;2407197;13.99;144870;0.0
LEITE NINHO LEVINHO 1L;2407198;7.99;144632;0.0
CONDIC ELSEVE ARGININA RE;2407199;19.9;144869;0.0
CONDIC FASHION PURE BLOND;2407200;13.99;144869;0.0
BORRACHA SILICONE S/CLOCK;2407201;6.99;144514;0.0
BALDE BELMONT 18L;2407202;14.99;144356;0.0
SUCO FRUPIC LARANJA/ACERO;2407203;2.25;144665;0.0
SUPORTE P/BOTIJAO NIQUELA;2407204;38.9;1;0.0
CERVEJA PURO MALTE AMSTEL;2407206;4.75;144647;0.0
REFRESCO PO FRISCO CAJU 2;2407207;1.15;144930;0.0
AROMATIZ AMB TRIEX CAPIM;2407208;6.99;144836;0.0
MACARRAO BASILAR SEMOLADO;2407209;3.99;144792;0.0
EXTENSAO ELETRICA PRATIK;2407210;15.99;1;0.0
BISC LE PETIT LEITE 800G;2407211;11.9;1;0.0
GEL ATIVO SANITARIO TRIEX;2407212;4.49;144836;0.0
SNACKS FABITOS BOLINHA BA;2407213;4.99;144855;0.0
DESINF TRIEX 5L FLORES P;2407214;15.99;144834;0.0
EXTENSAO ELETRICA PRATIK;2407216;42.9;1;0.0
LIMPADOR PERF TRIEX SENSA;2407217;4.99;144839;0.0
SALGADINHO FABITOS CHURRA;2407218;3.5;144855;0.0
BISC LE PETIT MAIZENA 800;2407219;11.9;144684;0.0
REFRIG JABOTI GUARANA VD;2407220;1.49;144676;0.0
LIMPADOR PERFUMADO TRIEX;2407221;4.99;144839;0.0
REFRESCO PO FRISCO LARANJ;2407222;1.15;144930;0.0
BISC RECH NIKITO CHOCOLAT;2407223;0.9;144687;0.0
BEB ALCOOLICA ICE COROTE;2407224;6.99;144808;0.0
SUCO FRUPIC FRUTAS CITRIC;2407225;3.5;144665;0.0
LIMPADOR PERF TRIEX FRESC;2407226;9.9;144839;0.0
SUCO FRUPIC UVA 450ML;2407227;2.25;144665;0.0
SNACKS FABITOS PIMENTA CA;2407228;4.99;144855;0.0
GRELHA CROMADA NIQUELART;2407229;84.9;1;0.0
LIMPADOR PERFUMADO TRIEX;2407230;7.49;144839;0.0
DESINF TRIEX EUCALIPTO 50;2407231;2.99;144834;0.0
CONJ POTES PLASUTIL CONEC;2407232;17.9;1;0.0
ARROZ SOLITO PARBOILIZADO;2407233;22.9;144629;0.0
REFRESCO PO FRISCO MANGA;2407234;1.49;144930;0.0
POTE PIPOCA DECOR RETRO 2;2407235;16.9;1;0.0
FEIJAO CARIOCA SOLITO 2KG;2407236;21.99;144631;0.0
COPO PLASUTIL HULK 320ML;2407237;7.99;1;0.0
BISCOITO TUCS QUEIJO 100G;2407238;1.99;144688;0.0
AGUARDENTE VELHO BARREIRO;2407239;21.9;144651;0.0
FAROFA SOLITO TRADICIONAL;2407240;4.99;144772;0.0
LIMPA ALUMINIO LIMPEX 500;2407241;3.99;144820;0.0
AMACIANTE TRIEX MAX BLUE;2407242;6.49;144845;0.0
BISCOITO TUCS CHURRASCO 1;2407243;1.99;144688;0.0
LUSTRA MOVEIS PEROBA LAVA;2407244;7.99;144840;0.0
CHOCOLATE GRANULADO DORI;2407245;2.99;144739;0.0
HAVAIANAS SLIM GLOSS MUSG;2407246;51.9;144492;0.0
CERA BRILHO FACIL INCOLOR;2407247;16.29;144842;0.0
ACHOC CHOCOLATTO 560G;2407248;14.9;144727;0.0
REFRESCO PO FRISCO MORANG;2407249;1.15;144930;0.0
LEITE EM PO ITAMBE INTEGR;2407251;19.9;149704;0.0
ESPONJA LAVA LOUCAS TRIEX;2407252;5.49;144819;0.0
LEITE EM PO ITAMBE INTEGR;2407253;19.69;149704;0.0
ACUCAR CRISTAL GLOBO 5KG;2407254;20.9;144628;0.0
SABAO PASTA ASSOLAN NEUTR;2407255;11.9;144821;0.0
CANECA TRIO URSA PLASUTIL;2407256;15.9;1;0.0
AGUARDENTE VELHO BARREIRO;2407257;19.9;144651;0.0
GARRAFA RETRO 500ML PLASU;2407258;10.99;1;0.0
DESOD CREME HERBISSIMO SE;2407259;6.49;144877;0.0
CHICLE TERROR ZONE FRAMBO;2407260;0.5;144694;0.0
BISC PETYAN COCO 350G;2407261;6.35;1;0.0
BISC TORUGUITA FORMATO CH;2407262;2.5;1;0.0
ACUCAR REFINADO GLOBO 1KG;2407263;4.65;144628;0.0
BISC TRIUNFO OTRTINI TRUF;2407264;2.79;1;0.0
CERVEJA KAISER LATA 350ML;2407265;3.45;144646;0.0
CERVEJA BAVARIA LT 473ML;2407266;3.75;144646;0.0
LAVA ROUPAS TRIEX 800G;2407267;4.99;144846;0.0
CONFEITO DISQUETI CHOCOLA;2407268;1.99;144694;0.0
CHOCOLATE GRANULADO DORI;2407269;4.5;144739;0.0
OLEO DE PEROBA KING 100ML;2407270;9.9;144840;0.0
IOGURTE ITAMBE MORANGO 1,;2407271;18.9;149704;0.0
PIRULITO MAST DORI YOGURT;2407272;0.5;144694;0.0
CERVEJA AMSTEL LAGER LT 2;2407273;3.25;144645;0.0
AMACIANTE TRIEX MAX BLUE;2407274;15.99;144845;0.0
DESOD AERO GIOVANNA BABY;2407275;14.9;144876;0.0
CAFE EVOLUTTO EXTRAFORTE;2407276;28.99;144728;0.0
POTE ROSCA DEC SAL GROSSO;2407277;16.99;1;0.0
ALVEJANTE TRIEX S/CLORO 2;2407278;12.99;144844;0.0
LIMP PERF TRIEX FRESCOR 2;2407279;11.99;144839;0.0
PO DESCOLORANTE CARE LISS;2407280;11.99;144923;0.0
BISC TORTUGUITA FORMATO M;2407281;2.5;1;0.0
CARNE SECA DIANTEIRA PAIN;2407282;29.99;144443;0.0
CAFE SOLUVEL 3CORACOES EX;2407283;6.99;144728;0.0
LAVA ROUPAS TRIEX MAXBLUE;2407284;9.49;144852;0.0
FEIJAO CARIOCA SOLITO PRE;2407285;23.99;144631;0.0
LIMP PERF TRIEX ACONCHEGO;2407286;11.99;144839;0.0
CERVEJA PURO MALTE HEINEK;2407287;3.99;144647;0.0
ACUCAR CRISTAL GLOBO 1KG;2407288;4.45;144628;0.0
REFRESCO PO FRISCO TANGER;2407289;1.49;144930;0.0
LUSTRA MOVEIS PEROBA LAVA;2407290;7.99;144840;0.0
REFRESCO PO FRISCO LRJ/AC;2407291;1.49;144930;0.0
CAFE EVOLUTTO TRADIC VACU;2407292;28.99;144728;0.0
AGUA SANITARIA TRIEX 2L;2407293;5.99;144853;0.0
AMACIANTE TRIEX MAX PINK;2407294;6.49;144845;0.0
DESINF TRIEX AROMAS PINHO;2407295;6.5;144834;0.0
DESOD AERO GIOVANNA BABY;2407296;15.9;144876;0.0
RODINHO PLASUTIL 16CM;2407297;5.99;1;0.0
PAO FORMA WICKBOLD DO FOR;2407298;13.49;144320;0.0
CORANTE 3X AMARELO 60ML;2407299;3.49;144849;0.0
LUSTRA MOVEIS TRIEX JASMI;2407300;5.75;144840;0.0
CREME LEITE ITAMBE 300G;2407301;8.49;144719;0.0
DES CREME HERBISSIMO LAVA;2407302;6.49;144877;0.0
CORANTE 3X AZUL 60ML;2407303;3.49;144849;0.0
KIT GIOVANNA BABY 1HIDRAT;2407304;31.99;1;0.0
COPO PLASUTIL MINNIE 320M;2407305;7.99;1;0.0
DESINF TRIEX PERFUMES EUC;2407306;6.5;144834;0.0
CAPPUCCINO 3CORACOES AVEL;2407307;19.9;144728;0.0
CERVEJA HEINEKEN LATA 350;2407308;5.75;144645;0.0
CORDA DE VARAL AÇO GINA;2407309;4.5;144356;0.0
BISCOITO TUCS PIZZA 100G;2407310;1.99;144688;0.0
COCO RALADO INDIANO 50G;2407311;1.99;144864;0.0
DESINF TRIEX LAVANDAS DO;2407312;2.99;144834;0.0
BEB LACTEA 3CORACOES PING;2407313;7.95;149391;0.0
BISCOITO TUCS BACON 100G;2407314;1.99;144688;0.0
CHICLE CRIATURA OVO CROCO;2407315;0.5;144694;0.0
BISCOITO TUCS TRADICIONAL;2407316;1.99;144688;0.0
PAPEL HIG SUBLIME FD LV12;2407317;21.9;144904;0.0
FEIJAO CARIOCA SOLITO 1KG;2407318;11.99;144631;0.0
LUSTRA MOVEIS TRIEX LAVAN;2407319;5.75;144840;0.0
LAVA ROUPAS TRIEX MULTIAC;2407320;7.99;144846;0.0
DESOD CREME HERBISSIMO AC;2407321;6.49;144877;0.0
AMACIANTE TRIEX MAX PURPL;2407322;6.49;144845;0.0
BALA DURA DORI HORTELA MI;2407323;3.99;144694;0.0
REFRESCO PO FRISCO CAJU 1;2407324;1.49;144930;0.0
VINAGRE CASTELO COLORIDO;2407325;3.75;144799;0.0
COPO SHAKE CANUDO COROA F;2407326;18.99;1;0.0
CAFE 3CORACOES VACUO EXTR;2407327;36.9;144728;0.0
VINAGRE CASTELO MACA 750M;2407328;10.9;144799;0.0
REFRESCO PO FRISCO LARANJ;2407329;1.49;144930;0.0
FINI HARRY POTTER CHAPEU;2407330;8.49;144694;0.0
HAVAIANAS TOP LILAS ESCUR;2407332;29.9;144492;0.0
BARBEADOR METAL HOME MORE;2407333;6.99;1;0.0
HAVAIANAS TOP LILAS ESCUR;2407334;27.9;144492;0.0
HAVAIANAS TOP TIMES AMAZO;2407335;64.9;144492;0.0
POP LITO BEIJINHO PINTA L;2407336;2.5;1;0.0
DIGOS YOYO 100G;2407337;4.5;144694;0.0
FINI HARRY POTTER EDWIGES;2407338;7.99;144694;0.0
IPANEMA ELLA AD RSA;2407339;32.9;144493;0.0
DESOD ROLL ON MONANGE LAV;2407340;7.99;144878;0.0
FITA METRICA KIMARC;2407341;5.99;144514;0.0
HAVAIANAS TOP ATHLETIC VD;2407343;34.9;144492;0.0
HAVAIANAS SLIM ANIMALS PT;2407344;47.9;144492;0.0
SAL REFINADO FINO SAL 1KG;2407345;2.35;144798;0.0
HAVAIANAS TOP ATHLETIC CI;2407346;47.9;144492;0.0
HAVAIANAS TOP ATHLETIC CI;2407347;34.9;144492;0.0
HAVAIANAS TOP LOGOMANIA B;2407349;44.9;144492;0.0
DESOD AERO BOZZANO EXTREM;2407350;12.9;144876;0.0
FITA CREPE ADERE KIMARC 1;2407351;12.99;144514;0.0
RETROZES KIT 4CORES KIMAR;2407352;11.99;144514;0.0
HAVAIANAS COLOR ESSENTIA;2407353;34.9;144492;0.0
CREME SKALA MAIS CRESPINH;2407354;10.99;144871;0.0
DESOD CREME HERBISSIMO TR;2407355;6.49;144877;0.0
DESOD AERO GIOVANNA BABY;2407356;15.9;144876;0.0
AGUA SANITARIA TRIEX CLOR;2407357;3.95;144853;0.0
PAO FORMA WICKBOLD CHIA/M;2407358;13.75;144320;0.0
LOURO FOLHAS SIAMAR 7G;2407359;2.45;144770;0.0
CHIA EM GRAOS SIAMAR 80G;2407360;4.99;144770;0.0
PAO FORMA WICKBOLD INTEGR;2407361;14.99;144320;0.0
CRAVO DA INDIA EM PO SIAM;2407362;3.75;144770;0.0
CHOCOLATE BEL MORANGUETE;2407363;1.99;144699;0.0
PIMENTA CALABRESA SIAMAR;2407364;13.9;144770;0.0
GELATINA SIAMAR FRAMBOESA;2407365;2.25;144734;0.0
TEMP TOQUE SABOR SIAMAR C;2407366;3.99;149379;0.0
SAL DO HIMALAIA MOIDO SIA;2407368;9.9;144798;0.0
AMENDOIM BRANCO SIAMAR 50;2407369;9.95;144773;0.0
FARINHA PANKO SIAMAR 200G;2407370;8.99;144772;0.0
FAROFA MILHO TEMP SIAMAR;2407371;6.49;144772;0.0
ERVA DOCE SIAMAR 20G;2407372;3.25;144770;0.0
GELATINA SIAMAR MORANGO 3;2407373;2.25;144734;0.0
PAO DE FORMA WICKBOLD INT;2407375;10.99;144320;0.0
FEIJAO BRANCO SIAMAR 500G;2407376;11.99;144631;0.0
LENTILHA SIAMAR 500G;2407377;12.49;144773;0.0
QUEIJO RALADO PARMESAO TE;2407378;5.49;144790;0.0
KETCHUP SIAMAR TRADICIONA;2407379;6.99;144751;0.0
FAROFA CASEIRA SIAMAR CRO;2407380;6.45;144772;0.0
PIMENTA REINO C/COMINHO S;2407381;3.49;144770;0.0
SAL DE PARRILLA C/CHIMICH;2407382;7.49;144798;0.0
BISC MABEL MAIZENA 400G;2407383;8.45;144684;0.0
MACARRAO DA ROZ PADRE NOS;2407384;3.49;1;0.0
CANELA EM CASCAS SIAMAR 2;2407385;4.99;144770;0.0
TEMP TOQUE SABOR SIAMAR S;2407386;3.99;149379;0.0
MANJERICAO SIAMAR 10G;2407387;1.99;144770;0.0
PAO FORMA WICKBOLD MACA/C;2407388;15.79;144320;0.0
COENTRO EM PO SIAMAR 20G;2407389;1.99;144770;0.0
GRANOLA CASEIRA SIAMAR 25;2407390;12.99;144773;0.0
TEMP TOQUE SABOR SIAMAR L;2407391;3.99;149379;0.0
PIMENTA DO REINO SIAMAR 4;2407393;8.49;144770;0.0
ALHO GRANULADO SIAMAR 30G;2407394;3.99;144770;0.0
PAO FORMA WICKBOLD DO FOR;2407395;12.99;144320;0.0
GELATINA SIAMAR TUTTI FRU;2407396;2.25;144734;0.0
TEMP COMP SIAMAR C/PIMENT;2407397;4.35;144794;0.0
SEMENTE LINHACA TRITURADA;2407398;4.99;1;0.0
MACARRAO DA ROZ ESPIRAL 5;2407399;3.45;1;0.0
GELATINA SIAMAR CEREJA 30;2407400;2.25;144734;0.0
BATATA PALHA SIAMAR EXTRA;2407401;8.49;144857;0.0
FUBA MIMOSO SIAMAR 500G;2407402;3.95;144772;0.0
KETCHUP SIAMAR 980G;2407403;12.9;144751;0.0
MOLHO P/CHURRASCO SIAMAR;2407404;5.95;1;0.0
GELATINA SIAMAR UVA ZERO;2407405;2.5;144709;0.0
SAL DE PARRILLA GOURMET S;2407406;6.99;144798;0.0
CHA SIAMAR HIBISCO 10G;2407408;3.99;144730;0.0
PIPOCA P/MICRO SIAMAR NAT;2407410;4.49;144773;0.0
TEMPERO P/AVES SIAMAR 25G;2407411;3.25;144730;0.0
OLEO DE COCO 200ML;2407413;17.5;1;0.0
CANJICA SIAMAR BRANCA 500;2407414;6.99;144773;0.0
BICARBONATO SODIO SIAMAR;2407415;2.75;144770;0.0
FARINHA MANDIOCA SIAMAR B;2407416;3.99;144772;0.0
GERGELIM SIAMAR 200G;2407417;14.9;144773;0.0
MOLHO PIMENTA CASEIRINHO;2407418;8.99;144757;0.0
TEMPERO P/CARNES SIAMAR 2;2407419;3.45;144730;0.0
KETCHUP SIAMAR PICANTE 35;2407420;6.99;144751;0.0
COLORIFICO SIAMAR 50G;2407421;2.99;149379;0.0
FARINHA MANDIOCA TORRADA;2407422;4.79;144772;0.0
PATE DE PIMENTA BIQUINHO;2407423;10.9;144765;0.0
COCO RALADO SIAMAR 100G;2407424;4.99;144864;0.0
PROTEINA TEXT DE SOJA SIA;2407425;9.99;1;0.0
CHANTILLY SIAMAR 50G;2407426;4.99;144739;0.0
MASSA ALHO SIAMAR C/SAL 3;2407427;6.99;1;0.0
BISC MABEL AGUA E SAL 400;2407428;7.69;144688;0.0
CHA DE HORTELA SIAMAR 30G;2407429;3.99;144730;0.0
CANELA CHINA EM PO SIAMAR;2407430;4.99;144770;0.0
ALHO TRITURADO SIAMAR 200;2407431;13.49;144794;0.0
TEMPERO BAIANO SIAMAR 30G;2407432;2.75;144730;0.0
AMIDO DE MILHO SIAMAR CX;2407433;5.99;144732;0.0
HAVAIANAS SLIM GLOSS CINZ;2407434;55.9;144492;0.0
GRAO DE BICO SIAMAR 500G;2407435;11.99;144773;0.0
CANJICA SIAMAR AMARELA 50;2407436;4.49;144773;0.0
PAPRICA DEFUMADA SIAMAR 2;2407437;3.75;144770;0.0
CREME DE CEBOLA SIAMAR 65;2407438;3.49;144770;0.0
CRAVO DA INDIA SIAMAR 10G;2407439;3.99;144770;0.0
FERMENTO EM PO SIAMAR 100;2407440;4.79;144733;0.0
TAPIOCA PRONTA SIAMAR 1KG;2407441;11.99;144738;0.0
POLVILHO AZEDO SIAMAR 500;2407442;9.49;144772;0.0
LEITE COCO SIAMAR 200ML;2407443;5.99;144863;0.0
LEITE HERCULES SEMIDESNAT;2407444;5.49;144632;0.0
TA PRONTO WICKBOLD 270G;2407445;11.9;1;0.0
GRANOLA SIAMAR BANANA+CAN;2407446;11.99;144773;0.0
PIPOCA P/MICRO SIAMAR BAC;2407447;4.49;144773;0.0
TEMP TOQUE SABOR SIAMAR C;2407448;3.99;149379;0.0
PAO DE FORMA WICKBOLD CAS;2407449;15.75;144320;0.0
MILHO PIPOCA SIAMAR 400G;2407450;5.49;144773;0.0
CHEIRO VERDE SIAMAR 7G;2407451;1.99;144770;0.0
PAO FORMA WICKBOLD ESTAR;2407452;10.99;144320;0.0
PAPRICA DOCE SIAMAR 20G;2407453;3.45;144770;0.0
MILHO PIPOCA SIAMAR 400G;2407454;6.99;144773;0.0
AVEIA EM FLOCOS FINOS SIA;2407455;4.65;144729;0.0
PAO DE FORMA WICKBOLD 450;2407456;8.79;144320;0.0
POLVILHO DOCE SIAMAR 500G;2407457;6.99;144772;0.0
MACARRAO DA ROZ AVE MARIA;2407458;3.45;1;0.0
MOLHO PIMENTA SIAMAR EXTR;2407459;7.99;144757;0.0
TEMP TOQUE SABOR SIAMAR A;2407461;3.99;149379;0.0
FAROFA PRONTA SIAMAR 400G;2407462;7.49;144772;0.0
CHIMICHURRI SIAMAR 15G;2407463;2.99;144770;0.0
CHIMICHURRI SIAMAR LINHA;2407464;21.9;1;0.0
GELATINA SIAMAR UVA 30G;2407465;2.25;144734;0.0
MOLHOKENKO BARBECUE 180ML;2407466;7.49;1;0.0
PO P/FLAN BRETZKE CHOCOLA;2407467;1.99;1;0.0
ACHOC PO MUKY MORANGO 400;2407468;7.99;144727;0.0
BISC MABEL AMANTEIGADO CH;2407469;9.49;144684;0.0
BALA MASTIG ERLAN MENTINH;2407471;8.99;144694;0.0
ALICATE CUTICULA MERHEJE;2407472;9.95;144924;0.0
WAFER MINUETO BRIGADEIRO;2407473;3.99;144691;0.0
AMACIANTE BABY SOFT INFIN;2407474;8.99;144845;0.0
MOLHO DE ALHO KENKO 150ML;2407475;6.75;144755;0.0
BISC MABEL AMANTEIGADO CO;2407476;9.9;144684;0.0
CAPPUCCINO 3CORACOES CLAS;2407477;21.9;144728;0.0
HAVAIANAS SLIM ANIMALS AZ;2407478;47.9;144492;0.0
HAVAIANAS SLIM SQUARE PTO;2407479;45.9;144492;0.0
TAMPA PLASTICA P/PIA C/2;2407480;2.99;144514;0.0
HAVAIANAS SLIM GLITER NEO;2407481;79.99;144492;0.0
TESOURA MULTI USO 8" KIMA;2407482;18.99;144514;0.0
HAVAIANAS TOP LILAS ESCUR;2407483;27.9;144492;0.0
HAVAIANAS SLIM GLOSS CINZ;2407484;55.9;144492;0.0
CHA VERDE YAI T MONICA LI;2407485;3.5;144640;0.0
IPANEMA SOLAR SANDALIA AD;2407486;33.9;144493;0.0
HAVAIANAS TOP MIX BRANCO;2407487;32.99;144492;0.0
HAVAIANAS ALOHA ALURE 39/;2407488;35.9;144492;0.0
RALO P/PIA TELINHA INOX K;2407489;6.99;144514;0.0
HAVAIANAS ALOHA PRETO 41/;2407491;35.9;144492;0.0
HAVAIANAS TOP FERRUGEM/CO;2407492;28.9;144492;0.0
HAVAIANAS COLOR ESSENTIA;2407493;34.9;144492;0.0
KIT CAFE UNITERMI GARRAFA;2407494;75.9;1;0.0
CONCENTRADO CAPILAR SKAFE;2407495;3.5;1;0.0
IPANEMA CARTAGO ALABAMA D;2407496;53.9;144493;0.0
HAVAIANAS TOP DISNEY BCO/;2407497;45.9;144492;0.0
FILTRO PERMANENTE MEIRY 1;2407498;8.99;1;0.0
HAVAIANAS TOP TIMES BRANC;2407499;64.9;144492;0.0
HAVAIANAS TOP DISNEY BCO/;2407500;45.9;144492;0.0
DESOD SPRAY TRES MARCHAND;2407502;9.49;144879;0.0
FINI HARRY POTTER OCULOS;2407503;7.99;144694;0.0
ADOCANTE CAFE MATAO C/STE;2407504;11.99;144703;0.0
IPANEMA CARTAGO DETROIT D;2407505;53.9;144493;0.0
HAVAIANAS TOP PINK ELETRI;2407506;27.9;144492;0.0
HAVAIANAS SLIM ROMANCE AZ;2407507;44.9;144492;0.0
ACESSORIOS VICTORIA;2407508;2.99;155381;0.0
IPANEMA RIDER DEDO FUTEBO;2407509;38.9;144493;0.0
HAVAIANAS SLIM NEON GLOW;2407510;67.9;144492;0.0
IPANEMA RIDER STREET BRAS;2407511;34.99;144493;0.0
SOJA EM GRAOS SIAMAR 500G;2407512;8.49;144773;0.0
CONECTOR PORCELANA TRIPOL;2407513;9.99;144514;0.0
IPANEMA ELLA AD;2407514;28.9;144493;0.0
HAVAIANAS KIDS SLIM PRINC;2407515;51.9;144492;0.0
HAVAIANAS TOP TIMES PRETO;2407516;64.9;144492;0.0
FITA ADESIVA 20M KIMARC;2407517;4.49;144514;0.0
CHUVEIRINHO P/TORNEIRA KI;2407518;5.99;144514;0.0
POP LITO PRINCESAS EC/EXP;2407519;2.5;144694;0.0
BISC MARILAN PIT STOP PIZ;2407520;5.25;144688;0.0
HAVAIANAS COLOR ESSENTIA;2407521;34.9;144492;0.0
FRALDA DESC HUGGIES TRIPL;2407522;32.9;144908;0.0
WAFER MINUETO PARATI MEGA;2407523;3.69;144691;0.0
BALA MASTIG ERLAN SORTIDA;2407524;8.99;144694;0.0
MISTURA BOLO D BENTA BAUN;2407525;6.99;144736;0.0
CHUVA DE PRATA DOCES MOME;2407526;22.99;1;0.0
MISTURA BOLO D BENTA 450G;2407527;8.79;144736;0.0
CAPPUCCINO 3CORACOES CHOC;2407528;19.9;144728;0.0
BALA MASTIG ERLAN GUTTY M;2407529;8.99;144694;0.0
ACHOC MUKY CHOCOLATE SC 3;2407530;6.49;144727;0.0
AMACIANTE BABY SOFT CARIN;2407531;21.99;144845;0.0
FERMENTO BIOLOGICO SECO F;2407532;1.5;144733;0.0
BISC PIT STOP RECH MISTO;2407533;5.35;144687;0.0
ABS INTIMUS GEL NOTURNO S;2407534;10.9;144892;0.0
SAKURA SHOYU TRADICIONAL;2407535;5.99;144758;0.0
TORRONE MONTEVERGINE CAST;2407536;2.5;1;0.0
MOLHO PIMENTA VERMELHA KE;2407537;5.99;144757;0.0
ROSQUINHAS MABEL NATA 350;2407538;4.99;144684;0.0
SABAO EM PO BABY SOFT SC;2407539;16.99;144846;0.0
BALA MASTIG ERLANMENTINHA;2407540;8.99;144694;0.0
LASANHA FORNO DE MINAS QU;2407541;12.99;144437;0.0
MISTURA BOLO D BENTA BRIG;2407543;7.99;144736;0.0
FRALDA DESC HUGGIES SUPRE;2407544;36.9;144908;0.0
FOSFORO FIAT LUX EXTRA LO;2407545;4.99;144506;0.0
CAFE MORRO GRANDE TODO AR;2407546;31.45;144728;0.0
TORRONE MONTEVERGINE 90G;2407547;4.99;144715;0.0
BALA MASTIG ERLAN MACA VE;2407548;8.99;144694;0.0
BISC MABEL AMANTEIGADO LE;2407549;7.99;144684;0.0
ROSQUINHAS MABEL COCO 300;2407550;4.99;144684;0.0
BISC MABEL AMANTEIGADO CH;2407551;9.9;144684;0.0
PILHA RAYOVAC AMARELINHA;2407552;9.9;144522;0.0
PANELA PRESSAO CLOCK POLI;2407553;139.9;1;0.0
FRALDA DESC HUGGIES SUPRE;2407554;36.9;144908;0.0
BISC COOKIES MARILAN ORIG;2407555;4.25;144683;0.0
MISTURA BOLO D BENTA FEST;2407556;6.99;144736;0.0
BISC MABEL CREAM CRACKER;2407557;6.99;144688;0.0
ACHOC MUKY MORANGO SC 300;2407558;6.49;144727;0.0
WAFER PARATI MINUETO CHOC;2407559;3.69;144691;0.0
ROLINHO WAFER MINUETO BRI;2407560;4.5;144691;0.0
ROSQUINHA MABEL RETRO COC;2407561;7.99;144684;0.0
WAFER MARILAN LIMAO 115G;2407564;4.35;144691;0.0
HAVAIANAS DUAL BCO/CINZA;2407565;67.9;144492;0.0
HAVAIANAS TOP ATHLETIC CO;2407566;34.9;144492;0.0
HAVAIANAS SLIM SQUARE BRA;2407567;43.9;144492;0.0
HAVAIANAS COLOR ESSENTIA;2407568;34.9;144492;0.0
PIRULITO GIRA GIRA FRUTAS;2407570;6.99;144694;0.0
REPELENTE SPRAY MOSKITOFF;2407571;14.99;144927;0.0
HAVAIANAS SLIM SQUARE PTO;2407572;45.9;144492;0.0
HAVAIANAS KIDS SLIM PRINC;2407573;51.9;144492;0.0
RALO CROMADO P/VALV AMERI;2407574;5.99;144514;0.0
IPANEMA TURMA DA MONICA B;2407575;28.9;144493;0.0
MACARRAO PAULISTA ESPAGUE;2407576;2.29;1;0.0
CORTADOR DE UNHAS 3  HM 0;2407577;6.99;1;0.0
HAVAIANAS SLIM NEON GLOW;2407579;67.9;144492;0.0
HAVAIANAS COLOR ESSENTIA;2407580;34.9;144492;0.0
HAVAIANAS SLIM SQUARE ROS;2407581;45.9;144492;0.0
ZOIO GOMA KIDS ZONE 12G;2407582;5.5;144694;0.0
EXTENSAO ELETRICA MEGATRO;2407583;24.9;1;0.0
DIGOS DELIDIGOS 200G;2407585;5.99;144694;0.0
HAVAIANAS TOP VERDE FRESC;2407586;28.9;144492;0.0
CHICLE TIRA POP 15G;2407587;2.99;144694;0.0
CHA VERDE YAI T MONICA JA;2407589;3.5;144640;0.0
NUTRIBEM PESCOCO DE FRANG;2407590;9.9;144309;0.0
HAVAIANAS BRASIL LIG BCO;2407591;49.9;144492;0.0
HAVAIANAS SLIM ROMANCE AZ;2407592;44.9;144492;0.0
HAVAIANAS TOP VERDE FRESC;2407593;28.9;144492;0.0
HAVAIANAS TOP ATHLETIC CI;2407594;47.9;144492;0.0
HAVAIANAS TOP ATHLETIC BC;2407595;34.9;144492;0.0
COADOR CAFE PANO COACAFE;2407596;7.99;1;0.0
TOALHAS UMED TROPOLINO L1;2407597;11.9;144909;0.0
IPANEMA BABY;2407598;27.99;144493;0.0
SHAMPOO SEDA BOMBA ARGAN;2407599;11.75;144870;0.0
HAVAIANAS COLOR ESSENTIA;2407600;34.9;144492;0.0
CONDIC SEDA BABOSA OLEOS;2407601;13.99;144869;0.0
AMACIANTE COMFORT EXPLOSA;2407603;24.9;144845;0.0
CONDIC SEDA ANTI FRIZZ 32;2407604;11.99;144869;0.0
SHAMPOO TRESEMME CACHOS D;2407605;24.99;144870;0.0
HAVAIANAS SLIM ORGANIC AR;2407606;49.99;144492;0.0
SHAMPOO  CLEAR FLOR CEREJ;2407607;17.99;144870;0.0
SHAMPOO TRESEMME LISO KER;2407608;22.9;144870;0.0
SHAMPOO CLEAR A CASPA ICE;2407609;17.99;144870;0.0
DESOD AERO MONANGE LAVAND;2407610;11.9;144876;0.0
GEL DENTAL CLOSE UP ALOE;2407611;5.99;144887;0.0
SHAMPOO SEDA BOOM LIBERAD;2407612;11.75;144870;0.0
HAVAIANAS TOP ROSE GOLD 2;2407613;28.9;144492;0.0
SADIA HOT POCKET X BURGUE;2407614;10.9;144437;0.0
HAVAIANAS TOP ROSE GOLD 2;2407615;27.9;144492;0.0
SHAMPOO CLEAR ANTICASPA C;2407616;17.99;144870;0.0
FUSILLI CARBONARA C/BACON;2407617;11.99;144437;0.0
ARROZINA MAIZENA TRADICIO;2407618;4.99;144737;0.0
SHAMPOO SEDA ABACATE KARI;2407619;11.75;144870;0.0
SHAMPOO TRESEMME CRESC MA;2407620;22.9;144870;0.0
HAVAIANAS SLIM ANIMALS RS;2407621;49.99;144492;0.0
SABONETE LUX ROSAS FRANCE;2407622;3.25;144920;0.0
GEL LIQUIFRESH CLOSE UP R;2407623;7.99;144887;0.0
HOT POCKET SADIA X CHEDDA;2407624;10.9;144437;0.0
SHAMPOO DOVE RITUAL REPAR;2407625;15.49;144870;0.0
CONDIC SEDA BOMBA NUTRICA;2407626;13.99;144869;0.0
SHAMPOO SEDA POS DANOS 32;2407627;11.75;144870;0.0
SHAMPOO CLEAR A CASPA HID;2407628;17.99;144870;0.0
SABONETE LUX FLOR DE VERB;2407629;4.39;144920;0.0
DESOD AERO DOVE GO FRESH;2407630;21.9;144876;0.0
SHAMPOO SEDA LIMPEZA MICE;2407631;11.75;144870;0.0
SABONETE LUX ROSAS FRANCE;2407632;4.39;144920;0.0
CONDIC TRESEMME LISO KERA;2407633;21.9;144869;0.0
AMACIANTE CONC COMFORT AZ;2407634;12.95;144845;0.0
SABONETE DOVE ANTIBACTERI;2407635;5.99;144920;0.0
HAVAIANAS COLOR ESSENTIA;2407636;34.9;144492;0.0
TACA CHAMPANHE NADIR 186M;2407638;7.99;144394;0.0
HAVAIANAS SLIM ORGANIC RO;2407639;49.99;144492;0.0
SHAMPOO DOVE NUTRICAO OLE;2407641;24.99;144870;0.0
ATUM COQUEIRO SOLIDO 170G;2407642;13.99;144762;0.0
LAVA ROUPAS LIQ OMO REFIL;2407643;15.99;144852;0.0
CREMOGEMA MAIZENA TRADICI;2407644;5.49;1;0.0
DESINF CLORO GEL VIM ORIG;2407645;16.9;144834;0.0
HAVAIANAS COLOR ESSENTIA;2407646;34.9;144492;0.0
CONDIC DOVE RITUAL REPARA;2407647;22.9;144869;0.0
SHAMPOO CLEAR CASPA CONTR;2407648;17.99;144870;0.0
CONDIC DOVE HIDRATACAO IN;2407649;18.99;144869;0.0
PRATO FUNDO PRIMAVERA 22,;2407650;6.99;1;0.0
HAVAIANAS TOP TURQUESA 31;2407653;27.9;144492;0.0
PAO DE LEITE NINHO CASA D;2407655;6.95;144320;0.0
CONDIC DOVE HIDRA LISO 40;2407657;29.9;144869;0.0
SABONETE LUX BUQUE JASMIM;2407658;3.25;144920;0.0
SHAMPOO TRESEMME RECONST;2407659;22.9;144870;0.0
TACA BARONE NADIR 385ML;2407661;15.99;144394;0.0
MAC N CHEESE SADIA CHEDDA;2407662;11.99;144437;0.0
COPO NADIR LONG DRINK MAN;2407663;5.99;144394;0.0
COPO NADIR LAGER 200ML;2407664;7.99;144394;0.0
HAVAIANAS KIDS FLORES AMA;2407665;39.9;144492;0.0
HAVAIANAS TOP VERDE FOLHA;2407666;27.9;144492;0.0
CONJ COPO NADIR AMAZON C/;2407667;15.99;144394;0.0
DESOD AERO DOVE CUIDADO T;2407668;19.9;144876;0.0
CONDIC TRESEMME ULTRA VIO;2407669;23.9;144869;0.0
LASANHEIRA NADIR SEMPRE C;2407670;69.9;144394;0.0
PAPEL HIG NEVE DECORADO 4;2407671;5.39;144904;0.0
SHAMPOO DOVE OLEO MICELAR;2407672;15.49;144870;0.0
FUSILLI MOLHO BCO BROC/BA;2407673;13.9;144437;0.0
SHAMPOO TRESEMME HIDRAT P;2407674;22.9;144870;0.0
POSTA DE TILAPIA AURORA 4;2407675;18.9;1;0.0
HAVAIANAS COLOR ESSENTIA;2407676;34.9;144492;0.0
HAVAIANAS COLOR ESSENTIA;2407677;34.9;144492;0.0
HAVAIANAS SLIMORGANIC PTO;2407678;49.99;144492;0.0
HAVAIANAS TOP ROSE GOLD 3;2407679;28.9;144492;0.0
DESOD AERO REXONA FRUTAS;2407680;17.99;144876;0.0
SABAO PO OMO SANITIZA/HIG;2407681;24.99;144846;0.0
HAVAIANAS TOP TURQUESA 29;2407682;27.9;144492;0.0
SHAMPOO SEDA BABOSA OLEOS;2407683;11.75;144870;0.0
AMAC COMFORT CONC OLEOS 5;2407684;12.95;144845;0.0
SAB LUX SUAVE DESEJO AMOR;2407685;1.35;144920;0.0
CONJ COPO CRISTALINO SM Z;2407686;18.99;1;0.0
CONDIC SEDA HIDRAT MICELA;2407687;13.99;144869;0.0
SHAMPOO SEDA BAMBU E BIOT;2407688;11.75;144870;0.0
SHAMPOO DOVE RITUAL CRESC;2407689;24.99;144870;0.0
PULVERIZADOR PLASUTIL 580;2407690;11.99;1;0.0
CHEETOS MIX DE QUEIJOS 11;2407691;11.99;144855;0.0
JIBOIA VERDE C21;2407692;36.0;144626;0.0
CAFE EVOLUTTO EXTRAFORTE;2407693;28.99;144728;0.0
BEB ALCOOLICA ICE COROTE;2407694;6.99;144808;0.0
SECADOR BARONESA NIQUELAR;2407695;65.9;1;0.0
ELMA CHIPS LAYS SALT VINE;2407696;9.99;144855;0.0
RODO PLASUTIL 13CM;2407697;4.99;144836;0.0
SAMAMBAIA AMERICANA;2407699;25.0;144626;0.0
LEITE CONDENSADO ITAMBE 3;2407700;10.99;144718;0.0
CHEETOS ELMA CHIPS ONDA R;2407701;11.99;144855;0.0
BARALHO VALE TUDO;2407702;4.99;144069;0.0
ELMA CHIPS CHEETOS LUA PA;2407703;2.99;144855;0.0
BATATA RUFFLES CHURRASCO;2407704;9.99;144855;0.0
PINGO D OURO ELMA CHIPS B;2407706;7.49;144855;0.0
SALGADINHO TORCIDA CHURRA;2407707;2.79;144855;0.0
ELMA CHIPS CHETTOS MIX DE;2407708;2.99;144855;0.0
BATATA RUFFLES CHEETOS ED;2407710;8.99;144855;0.0
VINHO TINTO CHAPINHA SUAV;2407711;15.99;144673;0.0
LEITE LIDER SEMIDESNATADO;2407712;6.45;144632;0.0
COQ CATUABA PODEROSO 900M;2407713;15.99;1;0.0
REFRIG H2OH FRUTAS CITRUS;2407714;4.99;144676;0.0
SALGADINHO TORCIDA CEBOLA;2407715;2.99;144855;0.0
CHEETOS PATAS CHEDDAR WOW;2407716;2.99;144855;0.0
CERVEJA HEINEKEN LT 350ML;2407717;5.99;144645;0.0
LAMPADA ALUMBRA LUZ AMARE;2407719;19.9;144520;0.0
LIMP CASA PERFUME AMORE 1;2407720;9.9;144839;0.0
CAFE EVOLUTTO TRADICIONAL;2407722;28.99;144728;0.0
PORTA TALHER C/TAMPA PLAS;2407723;24.99;1;0.0
PEGADOR DE MACARRAO PLASU;2407724;6.99;1;0.0
LEITE FERM ITAMBEZINHO BA;2407725;1.35;149704;0.0
TIGELA NUANCE 410ML;2407726;1.99;1;0.0
BEB ALCOOLICA COROTE LIMA;2407727;5.49;1;0.0
LEITE FERMENTADO ITAMBE M;2407728;7.99;149704;0.0
POTE RETANGULAR PLASUTIL;2407729;16.9;1;0.0
ELMA CHIPS CHEETOS LUA PA;2407730;9.99;144855;0.0
TIGELA BABY PRINCESS PLAS;2407731;5.99;1;0.0
BATATA LAYS SENSACOES PEI;2407732;5.99;144855;0.0
BEB ALC MISTA CANGACEIRO;2407733;15.9;1;0.0
CANECA PLASUTIL HULK 360M;2407734;11.99;1;0.0
VINHO CHALISE TINTO SECO;2407735;11.99;144673;0.0
BEB ALCOOLICA COROTE MANG;2407736;6.99;1;0.0
BOMBOM OURO BRANCO 1KG;2407737;64.9;144696;0.0
FRALDA DESC TURMA DA MONI;2407738;27.9;144908;0.0
VINHO CHALISE 750 ML BRAN;2407739;11.99;144673;0.0
FEIJOADA ANGLO 830G;2407740;24.99;144766;0.0
BISC PIRAQUE AGUA GERGELI;2407741;6.99;144688;0.0
TALCO TENYS PE CANFORADO;2407742;13.99;144916;0.0
SABONETE LIVY ALGODAO 85G;2407743;1.99;144920;0.0
BISC PIRAQUE COOKIES CHOC;2407745;4.69;144683;0.0
PAPEL HIG PALOMA PERF FS;2407746;8.99;144904;0.0
PAPEL HIG DUETTO NEUTRO F;2407747;8.99;144904;0.0
COCO RALADO MENINA 50G;2407749;2.25;144864;0.0
LIMP CASA PERFUME PASSION;2407750;6.79;144839;0.0
OLEO SOJA LEVE 900ML;2407751;8.49;144633;0.0
VINHO CHALISE 750 ML ROSE;2407752;11.99;144673;0.0
LIMPADOR CASA PERFUME AGR;2407753;10.49;144839;0.0
PAPEL HIG DUETTO PERF FD;2407754;17.99;144904;0.0
POLPA BRASFRUT TAMARINDO;2407755;3.5;1;0.0
OLEO ESSENCIAL TRIEX EUCA;2407756;6.99;144836;0.0
CREME TRAT NOVEX OLEO DE;2407757;30.99;144873;0.0
FIAMBRE KITUT 320G;2407758;11.9;144764;0.0
MACARRAO AMALIA SEMOLA CA;2407759;3.45;1;0.0
MAIONESE LIZA 450G;2407760;7.95;144752;0.0
MACARRAO AMALIA SEMOLA ES;2407762;3.45;1;0.0
PAPEL HIG STYLUS NEUTRO F;2407763;15.99;144904;0.0
CREME DE RICOTA TIROLEZ 2;2407764;7.99;1;0.0
TOALHA PAPEL STYLUS 22X20;2407765;5.49;144509;0.0
PAPEL HIG DUETTO VELVET F;2407766;25.9;144904;0.0
SAL REFINADO CISNE 1KG;2407767;4.99;144798;0.0
BISC DUCHEN AGUA E SAL 32;2407768;3.79;144688;0.0
SUCO CONC TANJAL TANGERIN;2407769;19.99;1;0.0
CONHAQUE ALCATRAO SAO J B;2407770;29.99;144652;0.0
TALCO TENYS PE WOMAN 100G;2407771;13.99;144916;0.0
PAPEL HIG DUETTO PERF FD;2407773;8.99;144904;0.0
CREME TRAT NOVEX AZEITE D;2407774;30.99;144873;0.0
MOLHO REF POMAROLA TRADIC;2407776;3.19;1;0.0
MARMITA TERMICA SOPRANO B;2407777;39.9;144190;0.0
LIMP CASA PERFUME SENSAZI;2407778;10.49;144839;0.0
EXTRATO TOMATE ELEFANTE 8;2407779;19.9;144745;0.0
FRALDA DESC BIGFRAL REG P;2407780;20.9;144908;0.0
BISCOITO ZABET AGUA E SAL;2407781;5.79;144688;0.0
CAFE MORRO GRANDE EXTRA F;2407782;35.9;144728;0.0
AMACIANTE BABY SOFT SEDUT;2407783;8.99;144845;0.0
FARINHA DE TRIGO C/FERMEN;2407784;6.99;144630;0.0
MOLHO SAKURA TARE 180ML;2407785;8.99;144758;0.0
FRALDA DESC HUGGIES SUPRE;2407786;36.9;144908;0.0
ROLINHO WAFER PARATI MORA;2407787;4.5;144691;0.0
BALA MASTIG ERLAN MACA VE;2407788;8.99;144694;0.0
PANELA PRESSAO CLOCK ORIG;2407789;139.9;1;0.0
FRALDA DESC HUGGIES TRIPL;2407790;31.9;144908;0.0
ABS INTIMUS GEL SECA C/AB;2407791;5.99;144892;0.0
ATUM COQUEIRO RALADO 170G;2407792;9.95;144762;0.0
BALA MASTIGAVEL ERLAN  SO;2407793;8.99;144694;0.0
PORTA FILTRO PLASTICO 3CO;2407794;15.99;1;0.0
BEB LACTEA 3CORACOES CAPP;2407795;7.95;149391;0.0
BARALHO COPAG 139;2407796;17.9;144069;0.0
FRALDA DESC HUGGIES JUMBO;2407797;32.89;144908;0.0
WAFER PARATI MINUETO MEGA;2407798;2.95;144691;0.0
WAFER PARATI MINUETO CHOC;2407799;3.99;144691;0.0
MISTURA BOLO D BENTA CENO;2407800;6.99;144736;0.0
WAFER PARATI MINUETO MORA;2407801;2.95;144691;0.0
PROTETOR DIARIO INTIMUS S;2407802;21.99;1;0.0
PATE DE ATUM COQUEIRO TRA;2407803;19.9;144762;0.0
MACARRAO PARATI NINHO LAR;2407804;7.49;1;0.0
TORRONE MONTEVERGINE C/CA;2407805;4.99;144715;0.0
PALITO FOSFORO PARANA FOR;2407806;3.99;1;0.0
AMACIANTE BABY SOFT CUIDA;2407807;8.99;144845;0.0
REQUEIJAO CREMOSO CRIOULO;2407809;16.99;144478;0.0
CAFE MORRO GRANDE 250G;2407810;7.99;144728;0.0
LASANHA FORNO DE MINAS BO;2407811;12.99;144437;0.0
CAFE MORRO GRANDE TRADIC;2407812;35.9;144728;0.0
ATUM COQUEIRO RALADO AO N;2407813;9.35;144762;0.0
BISC PARATI COOKIE CHOCOL;2407814;3.25;144683;0.0
ABS INTIMUS GEL SUAVE C/A;2407815;6.49;144892;0.0
AMACIANTE BABY SOFT ENVOL;2407816;8.99;144845;0.0
MISTURA BOLO D BENTA M VE;2407817;6.49;144736;0.0
MOLHO SHYU SAKURA LIGHT 1;2407818;5.99;144758;0.0
BISC MABEL COCO 400G;2407819;6.49;144684;0.0
FRALDA DESC HUGGIES SUPRE;2407821;36.9;144908;0.0
BEB LACTEA 3CORACOES CAPP;2407822;7.95;149391;0.0
HAVAIANAS SLIM PETS ROXO;2407823;49.99;144492;0.0
DES SPRAY NIVEA FRESH NAT;2407824;8.99;144879;0.0
HAVAIANAS KIDS ATHLETIC M;2407825;35.9;144492;0.0
SHAMPOO DOVE RITUAL ALIVI;2407826;13.9;144870;0.0
HAVAIANAS SLIM PALETTE GL;2407827;51.9;144492;0.0
HAVAIANAS TOP LOGOMANIA V;2407828;44.9;144492;0.0
SANDALIA IPANEMA MEU SOL;2407829;34.9;144493;0.0
BOMBOM SONHO DE VALSA 21,;2407830;1.0;144696;0.0
ESMALTE RISQUE MINISAIA 8;2407831;6.49;144924;0.0
HAVAIANAS KIDS ATHLETIC N;2407832;39.9;144492;0.0
HAVAIANAS KIDS TOP FASHIO;2407834;32.9;144492;0.0
HAVAIANAS SLIM PETS NECTA;2407835;49.99;144492;0.0
SHAMPOO SEDA COLAGENO VIT;2407837;11.75;144870;0.0
HAVAIANAS TREND VENTO 41/;2407838;49.9;144492;0.0
HAVAIANAS BRASIL AMARELO;2407839;28.9;144492;0.0
RASTEIRA IPANEMA MEU SOL;2407840;29.9;144493;0.0
BISNAGUINHA SEVEN BOYS 30;2407841;9.49;144320;0.0
JC BRINQUEDOS;2407843;14.99;144069;0.0
HAVAIANAS SLIM SQUARE ARE;2407844;43.9;144492;0.0
TEMPERO SAZON FRANGO 60G;2407845;6.99;149379;0.0
IPANEMA JOLIE INF;2407846;27.9;144493;0.0
IPANEMA OASIS AD;2407847;27.9;144493;0.0
HAVAIANAS KIDS ATHLETIC B;2407848;33.9;144492;0.0
HAVAIANAS BRASIL FC AMARE;2407849;49.9;144492;0.0
SOPA VONO PEITO DE FRANGO;2407850;3.99;144783;0.0
HAVAIANAS SLIM ORIGANIC T;2407851;45.9;144492;0.0
HAVAIANAS TOP NAUTICAL BC;2407852;57.9;144492;0.0
SABAO EM PO OMO LAVANDA 8;2407853;15.99;144846;0.0
HAVAIANAS TOP TURQUESA 37;2407854;29.9;144492;0.0
TINTURA KOLESTON ACAJU PU;2407856;21.9;144867;0.0
HAVAIANAS KIDS TOP CARS L;2407857;44.9;144492;0.0
HAVAIANAS TOP ANIMALS ROS;2407858;42.9;144492;0.0
ENERGETICO RED BULL TROPI;2407859;9.9;144659;0.0
HAVAIANAS KIDS TOP PETS A;2407860;39.9;144492;0.0
HAVAIANAS KIDS ATHLETIC N;2407861;35.9;144492;0.0
CHINELO RIDER STREET BOLD;2407862;35.9;144493;0.0
CHINELO IPANEMA LUCCAS NE;2407863;38.9;144493;0.0
TEMPERO SAZON LEGUMES 60G;2407864;6.99;149379;0.0
ESMALTE RISQUE AS MIL PUR;2407865;6.49;144924;0.0
CHINELO IPANEMA ZAXY BEST;2407866;39.99;144493;0.0
FILTRADO CHUVA DE PRATA R;2407867;22.99;144648;0.0
ABS INTIMUS GEL NOT SUAVE;2407870;9.95;144892;0.0
BALA MASTIG ERLAN FRAMBOE;2407871;5.99;144694;0.0
FRALDA DESC HUGGIES SUPRE;2407872;36.9;144908;0.0
EXTRATO TOMATE ELEFANTE C;2407873;7.69;144745;0.0
DESOD AERO REXONA NOW UNI;2407874;17.99;144876;0.0
HAVAIANAS SLIM ORGANIC PT;2407875;49.99;144492;0.0
DESOD AERO MONANGE SENSIV;2407876;11.9;144876;0.0
DESOD AERO REXONA IMPACTO;2407877;17.99;144876;0.0
SABONETE DOVE MICELAR 90G;2407878;5.99;144920;0.0
DESOD AERO REXONA ERVA DO;2407879;17.99;144876;0.0
HAVAIANAS SLIM ORGANIC AZ;2407880;49.99;144492;0.0
HAVAIANAS SLIM ORGANIC RO;2407881;49.99;144492;0.0
MOLHO REF POMAROLA CLASSI;2407882;1.79;1;0.0
MAC N CHEESE CHEDDAR E CA;2407883;11.99;1;0.0
CREME PENTEAR SEDA BABOSA;2407884;10.99;144872;0.0
MARGARINA CLAYBOM SABOR M;2407885;5.65;144465;0.0
GEL DENTAL CLOUSEP PODER;2407886;5.99;144887;0.0
CR DENTAL CLOSEUP TRIPLE;2407887;3.65;144887;0.0
CONDICIONADOR DOVE DETOX;2407888;27.99;144869;0.0
SABONETE LUX BUQUE JASMIM;2407889;4.39;144920;0.0
SHAMPOO DOVE HIDRATACAO I;2407890;24.99;144870;0.0
CONDIC DOVE OLEO NUTRICAO;2407891;29.9;144869;0.0
LINGUICA PAIO SADIA 370G;2407892;19.9;144449;0.0
SUCO DE UVA INTEGRAL GARI;2407893;19.99;144668;0.0
EXTRATO TOMATE ELEFANTE P;2407894;8.95;144745;0.0
TOALHA PAPEL MAXIM 22X20C;2407895;6.99;144509;0.0
PAPEL HIG DUETTO FD NEUTR;2407896;16.99;144904;0.0
PAPEL HIG PALOMA NEUTRO F;2407897;8.49;144904;0.0
MACARRAO RENATA ESPAGUETE;2407898;4.65;1;0.0
CREME TRAT NOVEX BABOSAO;2407899;30.99;144873;0.0
BISC PIRAQUE GOIABINHA 75;2407900;5.45;1;0.0
AROMATIZANTE TRIEX TALCO;2407901;6.99;144836;0.0
AZEITE MARIA TRADICIONAL;2407903;11.99;144776;0.0
MACARRAO RENATA FURADINHO;2407904;4.49;1;0.0
MAIONESE MARIA 450G;2407905;7.99;144752;0.0
SABONETE LIVY ERVA DOVE 8;2407906;1.99;144920;0.0
EXT TOMATE ELEFANTE ELEFA;2407907;6.99;144745;0.0
BISC PIRAQUE COOKIES ORIG;2407908;4.69;144683;0.0
SABONETE LIVY CAMOMILA 85;2407909;1.99;144920;0.0
LIMP CASA PERFUME SENSUAL;2407910;6.79;144839;0.0
OLEO COMPOSTO MARIA ERVAS;2407911;18.9;144776;0.0
PAPEL HIG DUETTO NEUTRO F;2407913;25.9;144904;0.0
GARRAFA TERMICA SOPRANO L;2407914;45.9;144190;0.0
LIMP CASA   PERFUME INTUI;2407915;6.79;144839;0.0
OLEO LIZA SOJA 900ML;2407916;8.95;144633;0.0
MACARRAO RENATA C/OVOS CO;2407918;4.65;1;0.0
GARNIER NUTRISSE CREME 71;2407919;21.99;144867;0.0
SUCO CONC UVAJAL UVA 625M;2407920;20.9;1;0.0
MOLHO REF POMAROLA SC 300;2407921;3.49;144746;0.0
BEB ALCOOLICA ICE COROTE;2407922;6.99;144808;0.0
PAPEL HIG PALOMA NEUTRO F;2407923;9.49;144904;0.0
PAPEL HIG DUETTO NT FT 12;2407924;19.9;144904;0.0
RECARGA DE QUERATINA NOVE;2407925;18.99;1;0.0
LIMPADOR CASA PERFUME INT;2407926;8.99;144839;0.0
PAO DE MILHO SEVEN BOYS 5;2407927;10.49;144320;0.0
HAVAIANAS SLIM LOGO POP U;2407928;37.9;144492;0.0
LAMINA WILKINSON;2407929;1.5;144901;0.0
TEMPERO SAZON ALECRIM 50G;2407930;6.75;149379;0.0
SAL UNIAO 1KG;2407931;2.99;144798;0.0
HAVAIANAS TOP ANIMALS BCO;2407932;38.9;144492;0.0
ESMALTE RISQUE ENERGIA 8M;2407933;6.49;144924;0.0
IPANEMA MEU SOL AD PTO/LI;2407934;22.9;144493;0.0
HAVAIANAS SLIM PALETTE GL;2407935;51.9;144492;0.0
HAVAIANAS SLIM PETS DOURA;2407937;49.99;144492;0.0
CHINELO IPANEMA RIDER STR;2407938;36.9;144493;0.0
CIGARRO EIGTH PACOTE;2407939;50.0;144501;0.0
HAVAIANAS SLIM GLOSS MAR/;2407940;44.9;144492;0.0
TINTURA KOLESTON 80 LOURO;2407941;27.9;144867;0.0
HAVAIANAS KIDS ATHLETIC M;2407942;35.9;144492;0.0
FRIOS;2407943;1.0;1;0.0
ANEIS DE CEBOLA LEDUC 1,1;2407944;32.9;144173;0.0
TEMPERO SABOR AMI S/PIMEN;2407945;6.99;149379;0.0
HAVAIANAS TOP MAX STREET;2407946;47.9;144492;0.0
HAVAIANAS LOGOMANIA VERM;2407947;48.9;144492;0.0
HAVAIANAS FANTASIA STYLE;2407948;29.99;144492;0.0
ENERGY RED BULL DRINK LAT;2407949;11.99;144659;0.0
IPANEMA RIDER STREET INF;2407950;29.99;144493;0.0
TEMPERO SABOR AMI C/PIMEN;2407951;6.99;149379;0.0
GARRAFA TERMICA SOPRANO V;2407952;48.9;144190;0.0
PAPEL HIG NEVE FD NEUTRO;2407953;22.9;144904;0.0
TALCO TENYS PE BARUEL 100;2407954;13.99;144916;0.0
BISC PIRAQUE LEITE MALTAD;2407955;4.49;1;0.0
AZEITE MARIA TRADICIONAL;2407956;20.9;144776;0.0
MACARRAO RENATA FETTUCCIN;2407957;4.49;1;0.0
LIMPADOR CASA PERFUME AMA;2407958;6.79;144839;0.0
VINHO CHALISE BRANCO SECO;2407960;11.99;144673;0.0
COLA THREE BOND SUPER 100;2407961;2.69;151982;0.0
COCO RALADO DUCOCO FLOCOS;2407962;6.99;144864;0.0
RACAO GATO WHISKAS CARNE;2407963;2.99;144488;0.0
TENYS PE BARUEL MENTA 100;2407964;13.99;144916;0.0
CREME TRAT NOVEX OLEO ARG;2407965;30.99;144873;0.0
CONDIC ELSEVE COLOR VIVE;2407966;19.9;144869;0.0
MACARRAO RENATA FIDELINHO;2407967;4.45;1;0.0
COCO RALADO FLOCOS MENINA;2407968;6.45;144864;0.0
CONHAQUE PRESIDENTE 900ML;2407969;22.99;144652;0.0
PAPEL HIG DUETTO VELVET F;2407970;8.69;144904;0.0
LEITE DE COCO MENINA 200M;2407971;4.45;144863;0.0
LIMP CASA   PERFUME SENSA;2407972;6.79;144839;0.0
EXTRATO TOMATE ELEFANTE P;2407973;7.99;144745;0.0
BISC RENATA MAIZENA 360G;2407974;5.99;144684;0.0
DESOD AERO TOPPER FREEDOM;2407975;14.99;144876;0.0
TOALHA PAPEL MAXIM DECOR;2407976;9.49;144509;0.0
LIMPADOR CASA PERFUME BEL;2407977;10.49;144839;0.0
BISC PIRAQUE LEITE MALTAD;2407978;5.45;1;0.0
TEMPERO SAZON ALHO 60G;2407979;6.99;149379;0.0
HAVAIANAS TOP ANIMALS ARE;2407980;42.9;144492;0.0
MACARRAO SEARA MAC CHEESE;2407981;13.99;144437;0.0
TEMPERO SAZON LIMAO 60G;2407982;6.75;149379;0.0
CESTA 2 PRATA 58 VOLUMES;2407983;168.0;144527;0.0
HAVAIANAS SIMPSONS TURQUE;2407984;49.99;144492;0.0
FELTROS ADESIVOS REDONDO;2407985;1.99;1;0.0
HAVAIANAS SLIM ORGANIC RO;2407986;47.9;144492;0.0
HAVAIANAS KIDS ATHLETIC N;2407987;39.9;144492;0.0
HAVAIANAS TOP TURQUESA 35;2407988;29.9;144492;0.0
HAVAIANAS DUAL MRH/MRH 37;2407989;67.9;144492;0.0
HAVAIANAS KIDS TOP FASHIO;2407990;32.9;144492;0.0
HAVAIANAS FANTASIA POP RO;2407991;39.9;144492;0.0
PAO DE FORMA SEVEN BOYS 4;2407992;9.49;144320;0.0
HAVAIANAS KIDS TOP FASHIO;2407993;32.9;144492;0.0
HAVAIANAS TOP BASIC PRETO;2407994;46.9;144492;0.0
HAVAIANAS TOP BASIC PTO/Z;2407995;46.9;144492;0.0
BISC MARILAN TORTINHAS BA;2407996;4.45;144689;0.0
CHICLETE DIVERSOS;2407998;0.15;144694;0.0
SOPA VONO BATATA C/CARNE;2407999;3.99;144783;0.0
HAVAIANAS DUAL MRH/MRH 41;2408000;67.9;144492;0.0
MATERIAL ESCOLAR;2408001;1.0;1;0.0
SOPA VONO MILHO C/FRANGO;2408002;3.99;144783;0.0
HAVAIANAS SLIM PETS NECTA;2408003;49.99;144492;0.0
HAVAIANAS TOP BASIC BCO/B;2408004;39.99;144492;0.0
HAVAIANAS SLIM DISNEY BCO;2408005;52.9;144492;0.0
TINTURA KOLESTON 67 CHOCO;2408006;27.9;144867;0.0
HAVAIANAS BRASIL FC AMARE;2408008;49.9;144492;0.0
HAVAIANAS TOP ANIMALS ARE;2408009;42.9;144492;0.0
ESMALTE RISQUE GRANULADO;2408010;6.49;144924;0.0
OVO PASCOA KINDER MENINOS;2408011;95.0;144861;0.0
HAVAIANAS KIDS FLORES BCO;2408012;39.9;144492;0.0
PAO DE FORMA INTEGRAL SEV;2408014;10.99;144320;0.0
ISQUEIRO CLIPPER;2408015;6.0;144506;0.0
HAVAIANAS KIDS ATHLETIC M;2408016;35.9;144492;0.0
HAVAIANAS SLIM ORGANIC PT;2408017;45.9;144492;0.0
PAO FRANCES GRATINADO;2408018;17.9;144198;0.0
CIF CREMOSO LIMPEZA MILAG;2408019;10.99;144821;0.0
BALA FREEGELLS AZEDINHA M;2408020;9.95;144694;0.0
REFRESCO EM PO MID BAUNIL;2408021;1.35;144930;0.0
CHOCOLATE BATON BRANCO 16;2408022;1.99;144699;0.0
MAIONESE DA CASA;2408023;31.9;157065;0.0
LUSTRA MOVEIS PEROBA JASM;2408024;7.99;144840;0.0
FILE DE PEITO FRANGO DESF;2408025;23.9;144309;0.0
OVINHOS DE AMENDOIM ELMA;2408026;3.99;144856;0.0
CONJ MANTIMENTO PLASUTIL;2408027;84.99;1;0.0
CREME DE LEITE LIDER TP 2;2408028;3.99;144719;0.0
SALGADINHO TORCIDA COSTEL;2408029;1.99;144855;0.0
CACTUS MINI P06;2408030;4.99;144626;0.0
PO DESCOLORANTE CARE LISS;2408031;12.9;144923;0.0
AMACIANTE AMACITEL ENCANT;2408032;9.49;144845;0.0
COPO PLASUTIL FROZEN 320M;2408033;7.99;1;0.0
MINI BISNAGA PLASUTIL DEC;2408034;4.95;1;0.0
SALGADINHO TORCIDA CAMARA;2408035;2.99;144855;0.0
ELMA CHIPS LAYS BARBECUE;2408036;9.99;144855;0.0
CONJ P3POTES PLASUTIL CON;2408037;14.9;1;0.0
CAFE EVOLUTTO PREMIUM POU;2408038;27.9;144728;0.0
CERVEJA PURO MALTE AMSTEL;2408039;3.49;144647;0.0
VINAGRE CASTELO ALCOOL 75;2408041;3.95;144799;0.0
SALGADINHO ELMA CHIPS STI;2408042;7.49;144855;0.0
SALGADINHO TORCIDA QUEIJO;2408043;2.99;144855;0.0
TIGELA BABY DECOR OLIVER;2408044;6.49;1;0.0
GRELHA DUPLA RETA NIQUELA;2408045;63.9;1;0.0
PENEIRA PLASUTIL 7CM;2408046;4.99;1;0.0
ELMA CHIPS CHEETOS ONDA R;2408047;9.99;144855;0.0
LEITE FERMENTADO ITAMBE U;2408048;7.99;149704;0.0
BEB ALCOOLICA ICE COROTE;2408049;6.99;144808;0.0
LEITE LIDER DESNATADO 1L;2408050;6.45;144632;0.0
CONJ MANTIMENTO ROSCA PLA;2408051;84.99;1;0.0
SALGADINHO TORCIDA CAMARA;2408053;1.99;144855;0.0
LAVA ROUPAS COQUEL COCO L;2408054;29.99;144852;0.0
BATATA LAYS ELMA CHIPS CL;2408055;9.99;144855;0.0
ADOCANTE ASSUGRIM 100ML;2408056;5.99;144703;0.0
ALHO PEROLA 200G;2408057;16.99;144427;0.0
ELMA CHIPS FANDANGOS PRES;2408058;6.99;144855;0.0
SALGADINHO TORCIDA BACON;2408060;1.99;144855;0.0
PALITO MADEIRA GINA C/100;2408061;1.5;144511;0.0
COPO PLASUTIL MICKEY 320M;2408062;7.99;1;0.0
SALGADINHO ELMA CHIPS CHE;2408063;5.99;144855;0.0
CERVEJA AMSTEL LAGER LT 3;2408064;3.99;144645;0.0
TODDY 750G;2408066;19.9;144727;0.0
CONJ 3POTES PLASUTIL CONE;2408067;19.9;1;0.0
ELMA CHIPS DORITOS 53G;2408068;4.99;144855;0.0
REFIRG H2O LIMONETO 500ML;2408069;4.99;144676;0.0
CATCHUP CALCUTA GL 3,4KG;2408070;23.99;144751;0.0
BALA GOMETS DORI GOMA 100;2408071;2.99;144694;0.0
COPO SHAKE PLASUTIL H ARA;2408073;18.99;1;0.0
HAVAIANAS TOP ROSA FLUX 3;2408074;29.9;144492;0.0
HAVAIANAS KIDS ATHLETIC V;2408075;32.9;144492;0.0
REFRESCO PO FRISCO MARACU;2408076;1.49;144930;0.0
HAVAIANAS TOP ROSA FLUX 3;2408077;31.9;144492;0.0
REFRESCO PO FRISCO UVA 18;2408078;1.49;144930;0.0
HAVAIANAS TOP ROSA BALLET;2408079;31.9;144492;0.0
DESOD HERBISSIMO CREME NE;2408080;6.49;144877;0.0
ELMA CHIPS PINGO D OURO B;2408081;4.99;144855;0.0
BISC RECH TORTUGUITA MORA;2408082;3.45;144687;0.0
BATATA RUFFLES ORIGINAL T;2408083;11.99;144855;0.0
HAVAIANAS KIDS ATHLETIC L;2408084;32.9;144492;0.0
LAVA ROUPAS COQUEL COCO 1;2408086;35.9;144852;0.0
REFRESCO PO FRISCO MORANG;2408087;1.49;144930;0.0
BALA MAST YOGURTE 100 ORI;2408088;12.99;144694;0.0
DESOD AERO GIOVANNA BABY;2408089;15.9;144876;0.0
DESOD AERO GIOVANNA BABY;2408090;15.9;144876;0.0
CEBOLITOS ELMA CHIPS 36G;2408091;3.99;144855;0.0
ELMA CHIPS BACONZITOS 34G;2408092;3.99;144855;0.0
HAVAIANAS TOP ROSA BALLET;2408093;28.9;144492;0.0
AZEITE DE DENDE ARRIFANA;2408094;10.99;144775;0.0
HAVAIANAS TOP ROSA FLUX 3;2408095;31.9;144492;0.0
ELMA CHIPS CHEETOS CRUNCH;2408096;3.49;144855;0.0
GATORADE UVA 500ML;2408097;8.5;144660;0.0
CHICLE CRIATURA OVO DRAGA;2408098;0.5;144694;0.0
DESOD HERBISSIMO BIOPROTE;2408099;6.49;144877;0.0
CHOCOLATE GRANULADO DORI;2408100;15.9;144739;0.0
PANETINI EQUILIBRI PRESUN;2408101;4.75;1;0.0
REFRESCO PO FRISCO BAUNIL;2408102;1.15;144930;0.0
CHICLE ZONE OLHOS MORANGO;2408103;0.5;144694;0.0
BALA DORI GOMETS FRUTAS 3;2408104;1.0;144694;0.0
SALSICHA HOT DOG SADIA 50;2408105;15.99;144454;0.0
ELMA CHIPS RUFFLES HOT DO;2408106;3.99;144855;0.0
ELMA CHIPS BACONZITOS 103;2408107;12.99;144855;0.0
KIT GIOVANNA BABY 1COLONI;2408109;45.9;144910;0.0
CERVEJA AMSTEL 350ML;2408110;3.49;144646;0.0
BALA ANIVERSARIO COCO TEY;2408111;7.99;144694;0.0
FARINHA TRIGO ROSA BRANCA;2408113;7.95;1;0.0
DROPS FREEGELLS AZEDINHO;2408114;1.5;144694;0.0
SAB DOVE LEITE DE COCO 90;2408115;5.99;144920;0.0
REFRESCO EM PO MID ABACAX;2408116;1.35;144930;0.0
REFRESCO EM PO MID TANGER;2408117;1.35;144930;0.0
SAZON NORDESTE 40G;2408118;4.75;149379;0.0
SHAMPOO SEDA OLEO HIDRATA;2408119;11.75;144870;0.0
BALA FREEGELL S EUCALIPTO;2408120;9.95;144694;0.0
BALA DURA AZEDINHA MELANC;2408121;9.95;144694;0.0
REFRESCO PO MID MANGA 20G;2408122;1.35;144930;0.0
REFRESCO EM PO MID MORANG;2408123;1.35;144930;0.0
SALPICAO DA CASA;2408124;35.9;157065;0.0
REFRESCO EM PO MID CAJU 2;2408125;1.35;144930;0.0
CESTA SELECAO C;2408126;140.0;144527;0.0
BISC NESTLE TOSTINES MAIZ;2408127;4.99;144684;0.0
SHAMPOO SEDA CRESPOFORCE;2408128;11.75;144870;0.0
BALA FREEGELLS MENTA REF;2408129;9.95;144694;0.0
AMACIANTE COMFORT CONC SE;2408130;12.95;144845;0.0
QUEIJO POLENGUINHO ORIGIN;2408131;1.35;1;0.0
AMACIANTE COMFORT CONC LA;2408132;12.95;144845;0.0
CONDIC SEDA RESTAURACAO 3;2408133;13.99;144869;0.0
CONDIC SEDA CACHOS DEFINI;2408134;13.99;144869;0.0
CERVEJA ESCURA CARACU LT;2408135;5.75;149392;0.0
REFRESCO EM PO MID JABUTI;2408136;1.35;144930;0.0
FILE DE MERLUZA GRANEL;2408137;49.9;1;0.0
BATATA ELMA CHIPS STAX ON;2408138;17.99;144855;0.0
CONDIC SEDA JUNTINHOS MOA;2408139;13.99;144869;0.0
CERVEJA SKOL LT 350ML;2408140;3.5;144646;0.0
CONDIC SEDA CRESPO FORCE;2408141;13.99;144869;0.0
REFRESCO EM PO MID GRAVIO;2408142;1.35;144930;0.0
CERVEJA CORONITA EXTRA LN;2408143;4.35;144646;0.0
CONDIC TRESEMME TRESPLEX;2408144;26.9;144869;0.0
CONDIC SEDA FORCA ANTIQUE;2408145;13.99;144869;0.0
CONDIC SEDA LISO PERFEITO;2408146;13.99;144869;0.0
SHAMPOO SEDA JUNTINHOS CA;2408147;11.75;144906;0.0
LOCAO HIDRATANTE PAIXAO I;2408148;10.9;144913;0.0
SAB DOVE ERVA DOCE 90G;2408149;5.99;144920;0.0
PUDIM DE LEITE;2408150;6.0;1;0.0
SHAMPOO SEDA ANTICASPA 32;2408151;11.75;144870;0.0
DROPS FREEGELLS CHOC/MENT;2408152;1.5;144694;0.0
SHAMPOO CLEAR ANTICOCEIRA;2408153;17.99;144870;0.0
TEMPERO SAZON FEIJAO 60G;2408154;6.99;149379;0.0
BEB ALCOOLICA COROTE BAUN;2408156;5.49;1;0.0
PIMENTA CHAPEU DE PADRE;2408157;14.99;1;0.0
COPO SHAKE CANUDO BATMAN;2408158;19.99;1;0.0
LIXEIRA ECO BLACK C/PEDAL;2408159;31.9;144341;0.0
LEITE FERMENTADO ITAMBE K;2408160;7.99;149704;0.0
SALGADINHO ELMA CHIPS FAN;2408161;2.49;144855;0.0
REFRIG H2OH LIMAO 1,5L;2408162;9.49;144677;0.0
GATORADE MORANGO/MELANCIA;2408164;8.5;144660;0.0
PALITO MADEIRA GINA C/200;2408165;3.5;1;0.0
PEPSI COLA BLACK S/ACU 2L;2408166;9.95;144679;0.0
GRELHA CROMADA NIQUELART;2408167;84.9;1;0.0
ESCORREDOR DE TALHERES CO;2408168;12.9;1;0.0
VIOLETA P11;2408169;8.0;144626;0.0
SALGADINHO TORCIDA CHURRA;2408170;1.99;144855;0.0
AMACIANTE AMACITEL DIVERS;2408171;9.49;144845;0.0
VERMOUTH PAIZANO TINTO DO;2408172;17.99;144639;0.0
CANECA PLASUTIL MINNIE 36;2408173;11.99;1;0.0
AMENDOIM JAPONES ELMA CHI;2408174;8.49;144856;0.0
SALGADINHO TORCIDA CALABR;2408175;2.99;144855;0.0
VINAGRE VITALIA ALCOOL 75;2408176;1.99;144799;0.0
REFRESCO EM PO MID MARACU;2408177;1.35;144930;0.0
DESOD AERO DOVE MEN LIMAO;2408178;21.9;144876;0.0
TEMPERO SAZON PIPOCA MANT;2408179;6.99;149379;0.0
BALA DURA FREESELLS VIT C;2408180;9.95;144694;0.0
TEMPERO KNORR MEU ASSADO;2408181;8.99;149379;0.0
BALA FREEGELLS CEREJA 584;2408182;9.95;144694;0.0
MASSINHA DE MODELAR ACRIL;2408183;6.5;1;0.0
COPA LOMBO C/OSSO;2408184;22.9;144499;0.0
CERVEJA BRAHMA DUPLO MALT;2408185;4.5;144647;0.0
SHAMPOO SEDA CERAMIDAS 32;2408186;11.75;144870;0.0
BATATA ELMA CHIPS STAX CH;2408187;17.99;144855;0.0
SHAMPOO TRESEMME TRESPLEX;2408188;24.99;144870;0.0
KIMELEKA SLIME GLITTER;2408189;10.99;144069;0.0
CREME PENTEAR SEDA KRESPO;2408190;10.99;144872;0.0
POLPA MARACUJA;2408191;25.9;1;0.0
CR PENT SEDA BOOM VOLUME;2408192;13.99;144872;0.0
COXA E SOBRECOXA S/OSSO;2408193;17.99;144309;0.0
CERVEJA BUDWEISER LATA 35;2408194;4.99;144645;0.0
CERVEJA MALZBIER BRAHMA 3;2408196;4.79;149392;0.0
BALA FREEGELLS AZEDINHA U;2408197;9.95;144694;0.0
REFRESCO EM PO MID LARANJ;2408198;1.35;144930;0.0
DROPS FREEGELLS CHOC/MARA;2408199;1.5;144694;0.0
MAIONESE HELLMANN S BISNA;2408200;16.9;144752;0.0
SHAMPOO SEDA BOOM HIDRATA;2408201;11.75;144870;0.0
COCA COLA 250ML;2408203;2.5;144675;0.0
DROPS FREEGELLS CEREJA ME;2408204;1.5;144694;0.0
CONDIC SEDA JUNTINHOS TIA;2408205;11.99;144869;0.0
SHAMPOO SEDA PUREZA DETOX;2408206;11.75;144870;0.0
BISCOITO BROWNIES DANCAKE;2408208;197.5;1;0.0
SHAMPOO SEDA RESTAURACAO;2408209;11.75;144870;0.0
CALDO SAZON BACON 32,5G;2408210;2.99;144795;0.0
BALA FREEGELLS CHOC SORTI;2408211;9.95;144694;0.0
DETERG PO BRILHANTE 800G;2408212;11.99;144846;0.0
BALA FREEGELLS HORTELA ME;2408213;9.95;144694;0.0
VINAGRE TOSCANO MACA 750M;2408215;7.95;144799;0.0
PAO HOT DOG;2408216;16.99;144198;0.0
CERVEJA BRAHMA LATA 350ML;2408217;3.5;144646;0.0
DESOD AERO DOVE MEN EUCAL;2408219;21.9;144876;0.0
DROPS FREEGELLS EUCALIPTO;2408220;1.5;144694;0.0
CONDIC SEDA PRETOS LUMINO;2408221;13.99;144869;0.0
GARRAO;2408222;17.9;144297;0.0
MARGARINA QUALY S/SAL 500;2408223;9.99;144465;0.0
CONDIC SEDA PREBIOTICOS 3;2408224;13.99;144869;0.0
GATORADE LARANJA 500ML;2408225;8.5;144660;0.0
CANECA PLASUTIL HOMEM ARA;2408226;11.99;1;0.0
CANECA PLASUTIL TRIO URSO;2408227;15.9;1;0.0
ELMA CHIPS RUFFLES CEBOLA;2408228;3.99;144855;0.0
ELMA CHIPS DORITOS 32G;2408229;4.99;144855;0.0
DESOD AERO GIOVANNA BABY;2408230;14.9;144876;0.0
DESOD AERO GIOVANNA BABY;2408231;15.9;144876;0.0
DORITOS ELMA CHIPS FLAMIN;2408232;5.49;144855;0.0
BISC TRIUNFO TORTINI MORA;2408233;2.79;144689;0.0
MARGARINA QUALY C/SAL 500;2408234;9.9;144465;0.0
BISC TUC S PRESUNTO 100G;2408236;1.99;144688;0.0
ACHOC 3 CORACOES CHOCOLAT;2408237;16.9;144727;0.0
GATORADE BERRY BLUE 500ML;2408238;8.5;144660;0.0
ACHOC EM PO CHOCOLATTO 3;2408239;9.79;144727;0.0
BALA DORI BOLETE TUTTI FR;2408240;4.5;144694;0.0
DESOD AERO GIOVANNA BABY;2408242;15.9;144876;0.0
DORITOS DINAMITA PIMENTA;2408243;4.99;144855;0.0
BATATAS RUSTICAS LAYS SAL;2408244;5.99;144855;0.0
CAFE 3CORACOES VACUO TRAD;2408245;36.9;144728;0.0
REFRESCO PO FRISCO MORANG;2408246;1.49;144930;0.0
DES CREME HERBISSIMO TALC;2408247;6.49;144877;0.0
ELMA CHIPS CHEETOS ONDA R;2408248;3.49;144855;0.0
ELMA CHIPS LAYS SOUR CREA;2408249;9.99;144855;0.0
HAVAIANAS KIDS TOY STORY;2408250;39.9;144492;0.0
CAFE SOLUVEL 3CORACOES TR;2408251;7.99;144728;0.0
COPO SHAKE CANUDO HULK 50;2408252;18.99;1;0.0
REFRESCO PO FRISCO ABACAX;2408253;1.49;144930;0.0
SALGADINHO ELMA CHIPS DOR;2408254;9.99;144855;0.0
CHICLE RECH HALLOWEEN ZON;2408255;0.5;144694;0.0
DORITOS ELMA CHIPS 120G;2408256;14.99;144855;0.0
REFRESCO PO FRISCO LIMAO;2408257;1.49;144930;0.0
DESOD CREME HERBISSIMO VA;2408258;6.49;144877;0.0
DORITOS ELMA CHIPS NACHO;2408259;4.99;144855;0.0
CHOCOLATE QUENTE PO 3CORA;2408260;19.9;144727;0.0
DESOD CREME HERBISSIMO FR;2408261;6.49;144877;0.0
AGUARDENTE VELHO BARREIRO;2408262;23.9;144651;0.0
DESOD AERO GIOVANNA BABY;2408263;15.9;144876;0.0
ELMA CHIPS CHEETOS MIX QU;2408264;8.99;144855;0.0
DESOD AERO GIOVANNA BABY;2408265;15.9;144876;0.0
BISC RECH TORTUGUITA CHOC;2408266;2.65;144687;0.0
AJI SAL SALGA E REALCA SA;2408267;8.95;149379;0.0
LIGUICA PAIO EMA;2408268;28.9;144449;0.0
PAO DE LEITE NINHO;2408269;42.9;144198;0.0
CR TRAT SEDA BOOM HID PRO;2408270;23.99;144873;0.0
CONDIC SEDA BOOM HIDRATAC;2408271;13.99;144869;0.0
REFRIG ANTARCTICA GUARANA;2408272;6.99;144679;0.0
DROPS FREEGELLS CHOC/MRG;2408273;1.5;144694;0.0
AJI SAL CHURRASCO 500G;2408274;10.99;149379;0.0
TEMPERO SAZON PIPOCA 60G;2408275;6.99;149379;0.0
TONICO FORT SALON LINE CR;2408276;16.99;1;0.0
CIGARRO MARLBORO LIGHT MA;2408277;65.0;144501;0.0
BOLHA POP BRINKPOP 66ML;2408278;3.99;1;0.0
PENTE KATY BOLSO PRETO;2408279;1.99;1;0.0
FARINHA DE TRIGO NITA 1KG;2408280;5.49;144630;0.0
ELASTICO CHATO N10 C/10M;2408281;9.99;144514;0.0
KIT SH CONDIC SALON LINE;2408283;23.9;144928;0.0
PIMENTA REINO SIAMAR BRAN;2408284;3.95;144770;0.0
PENTE KATY CABO LARGO;2408285;3.99;1;0.0
CONDIC SALON LINE MEU LIS;2408286;19.9;144869;0.0
CHA VERDE YAI T MONICA LI;2408287;3.5;144640;0.0
LIXA PE KATY CRISTAL CONC;2408288;8.99;144924;0.0
TOUCA P/BANHO PVC KATY;2408289;3.99;1;0.0
CR PENTEAR SOS CACHOS RIC;2408290;35.9;144872;0.0
KIT FEIRINHA POTES PREMIU;2408291;10.99;144394;0.0
KIT SH CONDIC SALON LINE;2408292;23.9;144928;0.0
SH S.LINE 300ML BOMBA;2408293;19.99;144870;0.0
COLA DUREPOXI 100G;2408294;10.9;151982;0.0
CONDICIONADOR S.LINE 300M;2408295;19.99;144869;0.0
PEDRA POMES KATY;2408296;2.5;1;0.0
SABONETE LIQ ISABABY ANTI;2408297;25.9;144919;0.0
SHAMPOO SALON LINE MEU LI;2408298;16.99;144870;0.0
LIXA UNHA KATY PINK C/6;2408299;3.5;1;0.0
POP LITO DINO CRISTAIS EX;2408300;2.5;144694;0.0
CONFEITO CHICLE BRINCLET;2408301;2.5;144694;0.0
REALCADOR DE SABOR AJINOM;2408302;3.99;149379;0.0
PAO CASEIRO PANCO COCO 35;2408303;13.49;144320;0.0
SECA SALADAS DR UTIL;2408304;29.9;1;0.0
BORRACHA SILICONE S/CLOCK;2408305;7.99;144514;0.0
COLA DUREPOXI 50G;2408307;6.49;151982;0.0
PAO DE FORMA PANCO LEITE;2408308;10.49;144320;0.0
CREME MANUT SOS SKAFE OLE;2408309;18.9;1;0.0
PAO FORMA PANCO PREMIUM 5;2408310;11.49;144320;0.0
ESCOVA DENTAL BLU MACIA C;2408311;5.99;144889;0.0
QUEROSENE JACARE LATA 900;2408312;32.9;144841;0.0
ESCOVA CABELO KATY FLEX R;2408313;12.99;155381;0.0
SUCO UVA TINTO AURORA GAS;2408314;7.5;1;0.0
CONDIC SALON LINE MEU LIS;2408315;19.9;144869;0.0
SH FASHION UNICORNIO 400M;2408317;11.99;144870;0.0
ESCOVA CAB KATY FLEX OVAL;2408318;10.9;155381;0.0
CHOCOLATE GRANULADO COLOR;2408319;14.9;144739;0.0
PANETTONE BAUDUCCO 400G;2408320;16.99;144858;0.0
MASCARA SALON LINE CREMAS;2408321;41.9;144873;0.0
FILME PVC BRICOFLEX 15M;2408322;5.49;144510;0.0
CONCHA SILICONE KE HOME;2408323;22.9;1;0.0
DESOD SPRAY SENADOR GOLD;2408325;8.99;144879;0.0
DES SPRAY ALMA FLORES ALF;2408326;9.49;144879;0.0
UVA PASSA PRETA TOZZI 70G;2408327;4.65;144693;0.0
LEGUMES;2408328;1.0;1;0.0
SORVETE;2408329;3.6;1;0.0
KIMELEKA SLIME METAL COLO;2408330;12.9;144504;0.0
CONDICIONADOR S.LINE 300M;2408332;21.9;144869;0.0
POTE PREMIUM REDONDO COLO;2408333;17.9;1;0.0
POTE PREMIUM REDONDO PLAS;2408334;21.99;1;0.0
DANONE AVULSO;2408335;1.0;144480;0.0
REFRESCO EM PO MID LIMAO;2408336;1.35;144930;0.0
REFRESCO EM PO MID LARANJ;2408337;1.35;144930;0.0
AJI SAL AJINOMOTO SACO 25;2408338;7.49;144798;0.0
SACO PLASTICO BRICOFLEX 5;2408339;9.49;1;0.0
DES SPRAY SENADOR CLASSIC;2408340;8.99;144879;0.0
CESTA 35,00;2408341;35.0;144528;0.0
TEMPERO SAZON SALADA 60G;2408342;6.99;149379;0.0
SAZON CALDO EM PO LEV GAL;2408345;2.25;149379;0.0
CESTA 4 OURO 69 VOLUMES;2408346;200.0;144527;0.0
DIVERSOS;2408347;1.0;1;0.0
PANETTONE VISCONTI GT CHO;2408348;17.99;144858;0.0
TEMPERO SABOR AMI ALHO SA;2408349;6.99;149379;0.0
TEMPERO SAZON MASSAS 60G;2408350;6.99;149379;0.0
CESTA SUPER 5 DIAMANTE 89;2408351;275.0;144527;0.0
HAMBURGUER BRASA BURGUER;2408352;2.75;144174;0.0
REQUEIJAO PROMISSAO;2408353;35.9;144478;0.0
CASTANHA DE CAJU TOZZI 70;2408354;9.49;1;0.0
CONDIC SALON LINE SOS CAC;2408355;21.9;144869;0.0
CESTA 6 RUBI 56 VOLUMES;2408356;195.0;144527;0.0
REFRESCO EM PO MID GROSEL;2408357;1.35;144930;0.0
SABONETE LIQ FASHION GRAV;2408358;14.9;144919;0.0
PAPEL ALUMINIO BRICOFLEX;2408359;6.49;144505;0.0
SOPA VONO MANDIOQUINHA 17;2408360;3.99;144783;0.0
MASCARA SALON LINE CAFE/G;2408362;20.9;144873;0.0
DES SPRAY ALMA FLORES FLO;2408363;9.49;144879;0.0
CONDIC SALON LINE MEU LIS;2408364;15.9;144869;0.0
CONDIC FASHION MORANGUINH;2408365;13.49;144869;0.0
ELMA CHIPS LAYS CLASSICA;2408367;4.99;144855;0.0
VONO CHEF CREME DE CEBOLA;2408368;6.99;1;0.0
ELMA CHIPS LAYS CLASSICA;2408369;9.99;144855;0.0
CAPPUCCINO 3CORACOES COOK;2408370;19.9;144728;0.0
SALAME ITALIANO SADIA FAT;2408371;14.99;144452;0.0
DESOD SPRAY TABU 90ML;2408372;6.49;144879;0.0
ELMA CHIPS CHEETOS MIX 41;2408373;3.49;144855;0.0
HAVAIANAS TOP ROSA BALLET;2408374;31.9;144492;0.0
HAVAIANAS TOP SPRING BEGE;2408375;32.9;144492;0.0
AMENDOIM DORI JAPONES 70G;2408376;3.5;144856;0.0
CERVEJA BAVARIA 350ML;2408377;3.25;144646;0.0
POTE PLASUTIL MORTADELA 7;2408378;9.49;1;0.0
MARGARINA QUALY AERA C/SA;2408379;11.9;144465;0.0
BISC TRIUNFO TORTINI CHOC;2408380;2.79;144689;0.0
MARGARINA QUALY S/SAL 250;2408381;5.79;144465;0.0
BALA MASTIG YOGURTE 100 O;2408382;3.99;144694;0.0
ELMA CHIPS CHEETOS BOLA Q;2408383;3.49;144855;0.0
ELMA CHIPS FANDANGOS PRES;2408384;2.99;144855;0.0
ELMA CHIPS STIKSY 76G;2408385;4.99;144855;0.0
BISCOITO TUCS SALAME 100G;2408386;1.99;144688;0.0
PEDRA POME NINA;2408387;3.5;1;0.0
SADIA HOT POCKET X PICANH;2408388;10.99;144437;0.0
CHOCOLATE GRANULADO SIAMA;2408390;5.49;144770;0.0
SADIA HOT POCKET XBURGUER;2408391;10.99;144437;0.0
QUEIJO PARMESAO RALADO HE;2408392;6.49;144790;0.0
ACHOC TODDY  200G;2408393;6.99;149391;0.0
GLADE PEDRA SANITARIA LAV;2408394;3.99;1;0.0
HAVAIANAS TRADICIONAL ROS;2408395;20.9;144492;0.0
HAVAIANAS SLIM ORGANIC PT;2408396;29.9;144492;0.0
FARINHA MANDIOCA GROSSA S;2408397;9.9;144772;0.0
AMIDO DE MILHO SIAMAR SC;2408398;5.99;144732;0.0
FAROFA MANDIOCA SIAMAR BA;2408399;5.95;144772;0.0
BEL TETA AO LEITE 168G;2408400;11.9;1;0.0
CHOCOLATE BEL CARAMELO/AM;2408401;1.99;144699;0.0
CHOCOLATE BEL MORANGUETE;2408402;0.75;144699;0.0
AMIDO MILHO MAIZENA 200G;2408403;5.49;144732;0.0
CHUPETA NINA CORACAO PP R;2408404;9.49;144328;0.0
FAROFA SOLITO PREMIUM BAC;2408405;7.99;144772;0.0
PAO FORMA WICKBOLD ESTAR;2408406;10.99;144320;0.0
MAIONESE HELLMANN S 250G;2408407;8.49;144752;0.0
BRINQUEDOS VALE MAIS N7;2408409;8.5;144069;0.0
MAMADEIRA NINA SUPER ANAT;2408410;39.9;144328;0.0
CHIA EM GRAOS VITAO 120G;2408411;11.75;1;0.0
COPO PIC C/TAMPA C/10 40M;2408412;5.99;1;0.0
CALDO SAZON COSTELA 32,5G;2408413;2.99;144795;0.0
COPO AMERICANO NADIR 190M;2408414;1.99;144394;0.0
SABONETE LIQ FEMININO FAS;2408415;10.99;144918;0.0
CREME P/MASSAGEM FASHION;2408416;15.9;1;0.0
DESOD SENADOR COUNTRY 90M;2408417;8.99;1;0.0
TEMPERA E DA LIGA SAZON P;2408418;4.99;149379;0.0
PIMENTA CUMARI VERMELHA D;2408420;16.99;144757;0.0
SH FASHION MORANGUINHO 40;2408421;11.99;144870;0.0
DES SPRAY ALMA DE FLORES;2408422;9.49;144879;0.0
TEMPERA E EMPANA SAZON 60;2408423;5.45;149379;0.0
DES SPRAY SENADOR PLATINU;2408424;8.99;144879;0.0
CIGARRO EIGHT;2408425;6.0;144501;0.0
CHICLETE 0,05;2408426;0.05;144694;0.0
TEMPERO SAZON CARNES 60G;2408427;6.99;149379;0.0
CONDIC SALON LINE TO DE C;2408428;21.99;144869;0.0
TEMPERO SAZON PIPOCA CHUR;2408429;6.49;149379;0.0
SABONETE LIQ FEMININO FAS;2408430;10.99;144918;0.0
CHOCOTTONE BAUDUCCO 400G;2408431;23.9;144858;0.0
CALDO SAZON CARNE 32,5G;2408432;2.99;144795;0.0
SHAMPOO SALON LINE MEU LI;2408434;16.99;144870;0.0
TEMPERO SAZON FRANGO 40G;2408435;5.35;149379;0.0
TACA WINDSOR NADIR VINHO;2408436;8.9;144394;0.0
CALDO SAZON PICANHA NA BR;2408437;2.99;144795;0.0
PIMENTA CUMARI VERDE D MI;2408438;17.99;144757;0.0
MASCARA SALON LINE SOS CA;2408439;24.99;144873;0.0
DES SPRAY ALMA FLORES FIN;2408441;9.49;144879;0.0
MERCADORIAS DIVERSAS;2408442;1.0;1;0.0
SHAMPOO FASHION PURE BLON;2408443;13.9;144870;0.0
SACOS P/LIXO LEVALIXO REF;2408444;4.35;144510;0.0
SH SALON LINE SOS CACHOS;2408445;20.99;144870;0.0
BISC RECH BAUDUCCO CHOCOL;2408446;2.5;144687;0.0
PAPEL TOALHA MILI C/2;2408447;4.29;144509;0.0
SUKITA TUBAINA 2L;2408448;6.99;144679;0.0
BRIGADEIRO OURO DE MINAS;2408449;2.99;144715;0.0
PANETTONE VISCONTI FRUTAS;2408450;18.49;144858;0.0
SOPA VONO AIPIM COM COSTE;2408451;3.99;144783;0.0
HAVAIANAS CASUAL CZ/PT 37;2408452;49.9;144492;0.0
REFRESCO EM PO MID UVA 20;2408453;1.35;144930;0.0
TEMPERO SAZON NORDESTE 60;2408454;6.99;149379;0.0
ATIVADOR CACHOS SALON LIN;2408455;18.99;144868;0.0
CANJIQUINHA XEREM SIAMAR;2408456;4.99;144773;0.0
ODORIZANTE AERO GLADE LEM;2408457;17.99;1;0.0
ISOTONICO POWERADE LIMAO;2408458;6.59;144660;0.0
REFRIG FANTA LARANJA 600M;2408459;6.49;144676;0.0
SEMENTE LINHACA DOURADA;2408460;6.45;1;0.0
MOLHO P/SANDUICHES AMERIC;2408461;6.79;144757;0.0
ODORIZANTE AERO GLADE LAV;2408462;17.99;144835;0.0
GENGIBRE PO SIAMAR 30G;2408463;3.95;144770;0.0
SUCO DEL VALLE FRESH UVA;2408464;6.49;144669;0.0
CERA PASTA GRAND PRIX TRA;2408466;31.9;144812;0.0
KETCHUP SIAMAR PREMIUM 45;2408468;8.99;144751;0.0
PIMENTA CALABRESA SIAMAR;2408469;2.99;144770;0.0
REFRIG FANTA LARANJA 2,5L;2408470;6.49;144679;0.0
MOLHO PIMENTA SIAMAR CASE;2408471;6.99;144757;0.0
GELATINA SIAMAR ABACAXI Z;2408472;2.5;144709;0.0
INSETIC BAYGON LIQ ACAO T;2408473;28.9;144837;0.0
COCA COLA 220ML S/ACUCAR;2408474;3.5;144675;0.0
MOLHO PARA PIPOCA SIAMAR;2408475;3.95;144757;0.0
AVEIA EM FLOCOS SIAMAR CX;2408476;4.65;144729;0.0
REFRIG FANTA UVA 2L;2408477;8.49;144679;0.0
ISOTONICO POWERADE LARANJ;2408478;6.59;144660;0.0
COMINHO EM PO SIAMAR 35G;2408479;2.69;144770;0.0
SAL GROSSO DO HIMALAIA SI;2408480;6.99;144798;0.0
CHOC EM PO CREMOSO SIAMAR;2408481;8.49;144727;0.0
TEMP TOQUE SABOR SIAMAR A;2408482;3.99;149379;0.0
KETCHUP SIAMAR 190G;2408483;4.49;144751;0.0
ALECRIM SIAMAR 15G;2408484;2.99;144770;0.0
ISOTONICO POWERADE CITRUS;2408485;6.59;144660;0.0
AZEITE DE DENDE SIAMAR 10;2408486;5.49;144775;0.0
AGUA TONICA SCHWEPPES 350;2408487;4.99;144675;0.0
CAMOMILA FLOR SIAMAR 10G;2408488;2.95;144770;0.0
COCA COLA S/ACUCAR 2,25L;2408489;9.99;144679;0.0
SCHWEPPES CITRUS 350ML;2408490;4.99;144675;0.0
AGUA MINERAL CRYSTAL C/ G;2408491;2.5;144638;0.0
PIMENTA MALAGUETA CONS SI;2408492;9.9;144770;0.0
CACAU EM PO SIAMAR 100G;2408493;11.99;1;0.0
MOSTARDA SIAMAR 180G;2408494;3.99;144753;0.0
ODORIZANTE GLADE FRESCOR;2408495;16.99;144835;0.0
REP RAID ELETRICO 32,9ML;2408496;18.99;144837;0.0
TAPIOCA PRONTA SIAMAR 500;2408499;6.49;144738;0.0
SUCO DEL VALLE FRESH UVA;2408500;6.49;144669;0.0
PAO FORMA WICKBOLD 100 IN;2408501;12.99;144320;0.0
MASCARA HIDRATANTE FASHIO;2408502;15.9;144873;0.0
CHUPETA CORACAO PP RN CON;2408503;7.99;144328;0.0
PATE ATUM COQUEIRO TRAD 1;2408504;10.49;144762;0.0
CHUPETA SILICONE AZUL ORT;2408505;10.99;144328;0.0
CHOCOLATE BEL MEGA 30G;2408506;1.99;144699;0.0
COLORIFICO SIAMAR 500G;2408507;14.99;149379;0.0
CHOCOLATE BEL BY COCO 25G;2408508;1.99;144699;0.0
MAMADEIRA NINA ANAT 240ML;2408509;23.99;144328;0.0
CUECA VIRADA DULLY 300G;2408510;15.99;144684;0.0
LEITE HERCULES DESNATADO;2408511;5.49;144632;0.0
CHOCOLATE EM PO SIAMAR 50;2408512;11.99;144727;0.0
ESSENCIA BAUNILHA SIAMAR;2408513;3.45;144739;0.0
MAMADEIRA NINA PLUS ANAT;2408515;24.99;144328;0.0
ARROZ SOLITO TP 1 5KG;2408516;23.79;144629;0.0
CHUPETA NINA PLUS BOLINHA;2408517;11.9;144328;0.0
ROSQUINHA DE NATA DULLY 2;2408519;15.99;144684;0.0
BATERIA ALCALINAPANASONIC;2408520;18.9;144522;0.0
LEITE HERCULES INTEGRAL 1;2408521;5.59;144632;0.0
SAL AMONIACO SIAMAR 50G;2408522;3.25;144770;0.0
CREME KANECHOM CERAMIDAS;2408523;9.9;1;0.0
FEIJAO CARIOCA SOLITO PRE;2408524;12.9;144631;0.0
OVOS BRANCOS REAL TP GRAN;2408526;21.49;144428;0.0
PAO DE FORMA WICKBOLD INT;2408527;12.99;144320;0.0
FARINHA MILHO SIAMAR 500G;2408528;4.99;144772;0.0
CHUPETA PLUS BOLINHA C/CO;2408529;11.9;144328;0.0
INSET RAID ELETRICO LIQUI;2408530;12.99;1;0.0
PIMENTA REINO SIAMAR EM G;2408531;5.99;144770;0.0
CHUPETA NINA PLUS BOLINHA;2408532;11.9;144328;0.0
MAMADEIRA NINA SUPER ANAT;2408533;39.9;144328;0.0
CALDO KNORR GALINHA 57G;2408534;2.99;144795;0.0
CHUPETA MINI AMERICANA AZ;2408535;9.49;144328;0.0
MAMADEIRA NINA SUPER CONV;2408536;34.9;144328;0.0
ESCONDIDINHO FRANGO SADIA;2408537;26.99;1;0.0
OREGANO SIAMAR 10G;2408538;1.99;144770;0.0
BICO SILICONE SUPER CONV;2408539;12.9;144328;0.0
ARROZ SOLITO 5KG;2408540;23.89;144629;0.0
COPO NINA EDUCATIVO ROSA;2408541;14.9;1;0.0
FIXADOR KARINA FIX NORMAL;2408542;25.99;144868;0.0
FARINHA MANDIOCA BIJU SIA;2408543;6.99;144772;0.0
CREME KANECHOM VERAO TROP;2408544;9.9;1;0.0
NOZ MOSCADA SIAMAR EM PO;2408545;5.99;144770;0.0
MISTURA P/MILANESA SIAMAR;2408547;5.99;144772;0.0
BALA DADINHO TRADIC 600G;2408548;28.9;144694;0.0
AGUA MINERAL COPO;2408549;0.35;144638;0.0
TACA CHAMPANHE WINDSOR NA;2408550;9.95;144394;0.0
SAZON LEGUMES 40G;2408551;4.99;149379;0.0
SOPA VONO MANDIOQUINHA CE;2408553;3.99;144783;0.0
REFRESCO EM PO MID LIMONA;2408554;1.35;144930;0.0
CALDO SAZON PICANHA 37,5G;2408555;2.25;144795;0.0
REFRESCO PO MID GOIABA 20;2408556;1.35;144930;0.0
CALDO SAZON CARNE LEV 32,;2408557;2.5;144795;0.0
CALDO SAZON GALINHA 32,5G;2408558;2.99;144795;0.0
CALDO SAZON LEGUMES 32,5G;2408559;2.99;144795;0.0
POTE PREMIUM RETANGULAR C;2408560;16.9;1;0.0
REFRESCO EM PO MID GUARAN;2408561;1.35;144930;0.0
CALDO KNORR PICANHA 57G;2408562;2.69;144795;0.0
LINGUICA PERNIL SUINO REA;2408563;17.49;144296;0.0
SAGU SIAMAR 500G;2408564;12.49;144737;0.0
AJI NO MOTO REALCADOR FRA;2408565;11.9;149379;0.0
CREME MANUT SOS SKAFE VIN;2408566;18.9;1;0.0
CR PENTEAR SALON LINE SUP;2408567;38.9;144872;0.0
AGULHA P/FOGAO C/3UNID KI;2408569;3.99;144514;0.0
ESCOVA CAB KATY OVAL VERM;2408570;11.99;155381;0.0
ATIVADOR CACHOS SALON LIN;2408572;19.49;144868;0.0
CORDA BAGAGEIRO ELASTICA;2408574;6.99;144514;0.0
REALCADOR DE SABOR AJINOM;2408575;8.49;1;0.0
FARINHA DE TRIGO CORINA 1;2408576;1.99;144630;0.0
CREME SOS SKAFE NATUTRAT;2408578;15.99;1;0.0
BARRA PROTEINA MATAO BRIG;2408579;6.49;144710;0.0
CONDIC SALON LINE MEU LIS;2408580;15.9;144869;0.0
SABONETE LIQ FASHION FRUT;2408581;14.9;144919;0.0
CONDIC FASHION UNICORNIO;2408583;13.49;144869;0.0
ESCOVA CABELO KATY FLEX O;2408584;12.99;155381;0.0
CREME PENTEAR SALON LINE;2408585;38.9;144872;0.0
AGUA DE COCO AQUA COCO TR;2408586;18.9;144637;0.0
MASCARA SALON LINE SOS CA;2408587;24.9;144873;0.0
CREME PENTEAR SALON LINE;2408588;33.9;144872;0.0
TOALHA MICROFIBRA MULTIUS;2408589;7.49;1;0.0
CHA VERDE YAI T MONICA UV;2408590;3.5;144640;0.0
LAPIS DE COR LEO   LEO CU;2408591;2.5;1;0.0
AGUA DE COCO AQUA COCO TR;2408592;6.99;144637;0.0
SABONETE LIQ FASHION CALE;2408593;14.9;144919;0.0
ATIVADOR CACHOS SALON LIN;2408594;24.9;144868;0.0
FRALDA DESC PERSONALIDADE;2408595;36.99;144908;0.0
CONDIC ISABABY ZOO 230ML;2408596;15.9;144906;0.0
SUCO UVA TINTO INTEGRAL A;2408597;19.99;144668;0.0
MASCARA SALON LINE MEU LI;2408598;26.9;144873;0.0
CONCENTRADO CAPILAR SKAFE;2408599;3.5;1;0.0
CREME MANUT SOS SKAFE MAN;2408600;18.9;1;0.0
PAO FORMA WICKBOLD ESTAR;2408601;10.49;144320;0.0
FAROFA MANDIOCA SIAMAR PI;2408602;7.49;144772;0.0
NOZ MOSCADA (BOLAS) SIAMA;2408603;3.79;144770;0.0
CREME KANECHOM CRESPOS DI;2408604;9.9;1;0.0
CHUPETA MINI AMERICANA CO;2408605;9.49;144328;0.0
CREME KANECHOM BABOSA 1KG;2408606;7.99;1;0.0
CHUPETA MINI AMERICANA RO;2408607;9.49;144328;0.0
ESCOVA CABELO PLASTICA RE;2408608;14.9;155381;0.0
BALA MASTIG YOGURTE 100 R;2408609;3.5;144694;0.0
TRIGO P/KIBE SIAMAR 500G;2408610;7.49;144772;0.0
PAO FORMA WICKBOLD GIRASS;2408611;12.99;144320;0.0
MAMADEIRA NINA POP CONV A;2408613;14.9;144328;0.0
RAID ELET LIQ 45N 50% DES;2408614;24.99;1;0.0
ACHOC TODDY SC 700G;2408615;17.99;144727;0.0
BEB SOJA ADES MACA 1L;2408616;8.49;144636;0.0
ESCOVA LAVA MAMADEIRA NIN;2408617;15.99;144328;0.0
FAROFA SOLITO PREMIUM API;2408618;7.99;144772;0.0
CONJ ESCOVA E PENTE NINA;2408619;19.9;1;0.0
MAIONESE HELLMANN S SACHE;2408620;7.99;144752;0.0
ACAFRAO PO SIAMAR 40G;2408621;3.49;144770;0.0
CHOCOLATE BEL MARSHMALLOW;2408622;1.99;144699;0.0
PAO FORMA WICKBOLD CASTAN;2408623;13.75;144320;0.0
CHUQUINHA NINA AZUL 60ML;2408624;15.99;1;0.0
BEB LACTEA TODDYNHO LEVIN;2408625;3.75;149391;0.0
BICO MAMADEIRA SILICONE R;2408626;7.99;144328;0.0
FARINHA ROSCA SIAMAR 500G;2408627;7.99;144772;0.0
MAM.NINA 240ML ANT.AZUL;2408628;21.99;144328;0.0
LIXA DE PE CONCAVA C/PEDR;2408629;9.9;144924;0.0
INSETIC AERO RAID MULTI I;2408630;17.9;144837;0.0
ACHOC LIQ TODDYNHO CHOC 2;2408631;3.49;144727;0.0
PIPOCA P/MICRO SIAMAR MAN;2408632;4.49;144773;0.0
PAO FORMA WICKBOLD DO FOR;2408633;13.49;144320;0.0
CHUPETA SILICONE NINA ROS;2408634;15.9;144328;0.0
INSETIC AERO BAYGON OLEO;2408635;17.9;144837;0.0
POP LITO ESTRELINHAS 11G;2408637;1.5;144508;0.0
GRAFITE CIS BIGTREE 0,7;2408638;2.5;144504;0.0
RALO LAVATORIO TELINHA KI;2408639;4.99;144514;0.0
ESCOVA DE CABELO KATY FLE;2408640;9.9;155381;0.0
SH SALON LINE TO DE CACHO;2408641;14.9;144870;0.0
APERITIVO ALCACHOFRA CYNA;2408642;29.99;1;0.0
CONDIC SALON LINE SOS CAC;2408643;22.9;144906;0.0
CREME P/PENTEAR SALON LIN;2408644;19.9;144872;0.0
ELASTICO CHATO N14 10M KI;2408645;13.99;144514;0.0
ESCOVA CABO KATY BASIC TE;2408646;25.9;155381;0.0
FITA DUPLA FACE UNIPEGA 9;2408647;13.99;1;0.0
ESCOVA DENTAL BLU DURA 35;2408648;5.99;144889;0.0
TABUA PARA CARNE MAD LAR;2408649;21.9;1;0.0
PINO VALVULA PAN PRESSAO;2408650;9.99;144514;0.0
POP LITO UNICORNIO CRISTA;2408651;2.5;1;0.0
LIXA UNHA KATY COLORS BIG;2408652;4.99;1;0.0
COLHER MADEIRA MAD LAR 30;2408653;7.49;1;0.0
REMOVEDOR DE ESMALTE DONN;2408654;18.9;144924;0.0
ESCOVA CAB KATY FLEX OVAL;2408655;10.9;155381;0.0
CONDIC SALON LINE MEU LIS;2408656;19.9;144869;0.0
ESCOVA CAB KATY PLAST CER;2408657;10.99;155381;0.0
MAC CAS SACCIALI TAGLIATE;2408658;9.99;1;0.0
POP LITO BEIJINHO NIGHT 1;2408659;2.5;1;0.0
ATIVADOR CACHOS SALON LIN;2408660;18.99;144868;0.0
SH SALON LINE MEU LISO HI;2408661;16.99;144870;0.0
FORMA DE GELO;2408662;1.5;1;0.0
GEL DENTAL SORRISO HORTEL;2408663;5.99;144887;0.0
SHAMPOO SALON LINE MEU LI;2408664;16.99;144870;0.0
ESCOVA CABELO KATY MAD ME;2408665;14.99;155381;0.0
SHAMPOO CLEAR CASPA MEN L;2408666;17.99;144870;0.0
SOQUETE RABICHO KIMARC;2408667;7.99;144514;0.0
DESOD AERO BOZZANO INVISI;2408668;12.9;144876;0.0
MILHO P/PIPOCA YOKI PREMI;2408669;11.9;144773;0.0
BUCHA N10 C/3UNID 3PARAFU;2408670;5.99;144514;0.0
ENGATE P/MANGUEIRA KIMARC;2408671;11.99;144514;0.0
BUCHA N6 C/5UNID 5PARAFUS;2408673;4.99;144514;0.0
CALDO KNORR CARNE 57G;2408674;2.99;144795;0.0
SHAMPOO DOVE OLEO NUTRICA;2408675;24.99;144870;0.0
NISSIN LAMEN GALINHA CAIP;2408676;3.45;144782;0.0
PIRULITO ANEL PAW PATROL;2408678;2.5;144694;0.0
ESCOVA CAB CONDOR JULIA;2408679;12.9;155381;0.0
GELATINA SIAMAR MORANGO Z;2408680;2.5;144709;0.0
BUCHA N8 C/3 + 3GANCHO N8;2408681;4.99;144514;0.0
MARIA MOLE SIAMAR 50G;2408682;3.99;144737;0.0
BEB ALCOOLICA JACK DANIEL;2408683;10.99;144658;0.0
VINAGRETE SIAMAR 20G;2408684;3.95;144770;0.0
REFRIG SPRITE 600ML;2408686;6.49;144676;0.0
CERA BRAVO CLASSIC INCOLO;2408687;29.99;144842;0.0
DESINF PATO GEL 500ML;2408688;16.99;144834;0.0
MOLHO 3 EM 1 SIAMAR 400G;2408689;8.99;144751;0.0
SUCO KAPO UVA 200ML;2408690;2.75;144665;0.0
TEMP COMP SIAMAR ERVAS FI;2408691;4.35;144794;0.0
PAPRICA PICANTE SIAMAR 20;2408692;3.45;144770;0.0
SUCO KAPO CAJU 200ML;2408693;2.75;144665;0.0
MOLHO PIMENTA SIAMAR CALA;2408694;3.99;144757;0.0
GELATINA SIAMAR S/SABOR 1;2408695;2.99;144734;0.0
DEL VALLE NECTAR PESSEGO;2408696;4.75;144669;0.0
MOLHO DE ALHO SIAMAR 150M;2408697;2.95;144755;0.0
SUCO DEL VALLE MARACUJA 2;2408698;4.75;144669;0.0
CHA SIAMAR HORTELA 10G;2408699;3.99;144730;0.0
AGUA MINERAL CRYSTAL S/GA;2408700;3.99;144638;0.0
GELATINA SIAMAR ABACAXI 3;2408701;2.25;144734;0.0
BEB ALCOOLICA LEMON DOU G;2408702;8.99;1;0.0
ISOTONICO POWERADE UVA 50;2408703;6.59;144660;0.0
ACUCAR MASCAVO SIAMAR 500;2408704;8.49;144628;0.0
CURRY SIAMAR 25G;2408705;4.65;144770;0.0
TEMP TOQUE SABOR SIAMAR N;2408706;3.99;149379;0.0
ALHO TRITURADO SIAMAR;2408707;52.9;144794;0.0
FANTA LARANJA 350ML;2408708;4.5;144675;0.0
LEMON PEPPER SIAMAR 30G;2408709;4.99;144770;0.0
ODORIZANTE GLADE FRUTAS E;2408710;17.99;144835;0.0
REFRIG COCA COLA RET 2L;2408711;6.39;144678;0.0
REFRIG COCA COLA 1L;2408712;4.99;144677;0.0
REFRIG SPRITE 2L;2408713;8.49;144679;0.0
LIMPADOR MR MUSCULO BANHE;2408714;9.99;144839;0.0
GELATINA SIAMAR LIMAO 30G;2408715;2.25;144734;0.0
TOMATE CEBOLA E SALSA SIA;2408716;2.99;144770;0.0
BISC COOKIES BAUDUCCO MAX;2408717;4.99;144683;0.0
PRATO DURALEX MENU FUNDO;2408718;13.99;1;0.0
NISSIN TURMA MONICA TOMAT;2408719;3.45;144782;0.0
PAO DE HAMBURGUER PAULIST;2408720;5.95;144320;0.0
MACARRAO CUP NOODLES YAKI;2408721;5.99;144782;0.0
TORRADA VISCONTI INTEGRAL;2408722;4.49;144929;0.0
DESOD AERO BOZZANO SENSIT;2408723;12.9;144876;0.0
MARIA MOLE CLAMEL COCO 11;2408724;8.49;1;0.0
NISSIN TALHARIM BOLONHESA;2408725;4.45;144782;0.0
NISSIN LAMEN TURMA MONICA;2408726;3.45;144782;0.0
AP BARBEAR PROBAK II LV7P;2408727;16.99;144898;0.0
GEL DENTAL CONDOR GALINHA;2408728;11.9;144887;0.0
MACARRAO CUP NOODLES FEIJ;2408729;5.99;144782;0.0
PAO DE CREME PAULISTA 340;2408730;7.69;144320;0.0
CADEADO GOLD 35MM KIMARC;2408731;46.9;144514;0.0
FORT ADESIVO CONTATO 30G;2408732;17.99;144514;0.0
BICO TORNEIRA PLAST ROBUS;2408733;4.99;144514;0.0
NISSIN YAKISSOBA UFO CURR;2408734;8.99;144782;0.0
FARINHA DE TRIGO FARINA 1;2408735;3.99;144630;0.0
LOCAO REPELENTE OFF FAMIL;2408736;24.9;1;0.0
NISSIN YAKISSOBA UFO LEGU;2408737;8.99;144782;0.0
SUCO KAPO LARANJA 200ML;2408738;2.75;144665;0.0
FLOCAO MILHO SIAMAR 500G;2408739;4.5;144772;0.0
REFRIG COCA COLA 2,5L;2408740;10.99;144679;0.0
AVEIA EM FLOCOS SIAMAR 50;2408741;8.99;144729;0.0
MOLHO PIMENTA SIAMAR VERM;2408742;3.79;144757;0.0
PACK DUAL COCA COLA + FAN;2408743;13.99;144679;0.0
REFRIG FANTA LARANJA RET;2408744;6.49;144678;0.0
GELATINA SIAMAR MARACUJA;2408745;2.25;144734;0.0
SUCO DEL VALLE FRESH LIMA;2408746;6.49;144669;0.0
FANTA UVA 350ML LT;2408747;4.5;144675;0.0
CHA MATE SIAMAR 250G;2408748;7.49;144730;0.0
CHA SIAMAR VERDE 10G;2408749;3.99;144730;0.0
MEL SIAMAR FLORES SILVEST;2408750;19.9;1;0.0
COCA COLA CAFE ESPR 220ML;2408751;3.5;144675;0.0
TEMP COMP SIAMAR S/PIMENT;2408752;4.35;144794;0.0
CHA SIAMAR CAMOMILA 10G;2408753;3.99;144730;0.0
BEB SOJA ADES ORIGINAL ZE;2408754;7.99;144636;0.0
SUCO DEL VALLE FRESH UVA;2408755;1.75;144669;0.0
BATATA PALHA SIAMAR 100G;2408756;8.49;144857;0.0
TEMP TOQUE SABOR SIAMAR F;2408757;3.99;149379;0.0
TEMP TOQUE SABOR SIAMAR M;2408758;3.99;149379;0.0
PASTILHA ADESIVA PATO LAV;2408759;8.99;1;0.0
BICARBONATO SODIO SIAMAR;2408760;6.99;144770;0.0
VINHO TINTO MESA DOM BOSC;2408761;13.99;144673;0.0
CONHAQUE DREHER 900M;2408762;29.9;144652;0.0
PILHA RAYOVAC ALCALINA AA;2408763;10.99;144522;0.0
HAMBURGUER SEARA TEXAS BU;2408764;1.99;144174;0.0
MANTEIGA BATAVO EXTRA C/S;2408765;16.99;144464;0.0
SARDINHAS COQUEIRO OLEO 2;2408766;14.9;144767;0.0
BALA MASTIG ERLAN FRAMBOE;2408767;10.99;144694;0.0
MISTURA BOLO D BENTA COCO;2408768;6.99;144736;0.0
SABAO EM PO BABY SOFT CX;2408769;8.95;144846;0.0
CAFE SOLUVEL PO 3CORACOES;2408770;6.75;144728;0.0
ALIMENTO A BASE DE GLICOS;2408771;10.9;1;0.0
FRALDA DESC HUGGIES TRIPL;2408772;32.9;144908;0.0
BISC MARILAN AGUA E SAL 4;2408773;5.35;144688;0.0
BISC MABEL CREAM CRACKER;2408774;5.99;144688;0.0
SARDINHA COQUEIRO OLEO 12;2408775;6.35;144767;0.0
AMACIANTE BABY SOFT CARIN;2408776;10.9;144845;0.0
FRALDA DESC HUGGIES JUMBO;2408777;32.49;144908;0.0
WAFER TODDY CHOC C/MORANG;2408778;2.99;144691;0.0
HAVAIANAS KIDS CARS AZUL;2408779;39.99;144492;0.0
DES SPRAY TRES MARCHAND B;2408781;9.9;144879;0.0
DESOD SPRAY AVANCO ACTION;2408782;10.9;144879;0.0
NISSIN LAMEN CARNE 85G;2408783;3.45;144782;0.0
NISSIN LAMEN GAL CAIPIRA;2408784;3.45;144782;0.0
GEL DENTAL TANDY TUTTI FR;2408785;9.49;144907;0.0
ADESIVO INSTANTANEO TEK B;2408786;5.69;1;0.0
CADEADO GOLD 25MM KIMARC;2408787;31.9;144514;0.0
NISSIN LAMEN GALINHA CAIP;2408788;3.45;144782;0.0
MARGARINA DELICIA C/SAL 5;2408790;8.65;144465;0.0
MAIONESE SOYA 500G;2408791;5.99;144752;0.0
DESOD SPRAY AVANCO ORIGIN;2408792;10.9;144879;0.0
DESOD SPRAY TRES MARCHAND;2408793;9.49;144879;0.0
SABONETE DOVE KARITE 90G;2408794;5.99;144920;0.0
PIPOCA P/MICRO YOKI TEMPE;2408795;5.99;144773;0.0
SOPAO KITANO FEIJAO 196G;2408796;9.99;144783;0.0
DESOD ROLL ON MONANGE HID;2408797;7.99;144878;0.0
SOPAO KITANO GALINHA 196G;2408798;9.99;144783;0.0
CONDIC DOVE OLEO NUTRICAO;2408799;18.99;144869;0.0
BOLO CASEIRO PAULISTA 400;2408800;12.49;144320;0.0
NISSIN LAMEN GALINHA 85G;2408801;3.45;144782;0.0
LING TOSCANA PERDIGAO NA;2408802;32.9;144296;0.0
MULTIUSO CREMOSO CIF 250M;2408803;10.99;144821;0.0
WAFER BAUDUCCO TRIPLO CHO;2408804;3.99;144691;0.0
REQUEIJAO VIGOR CREMOSO T;2408805;13.49;144478;0.0
AMENDOIM DESCASCADO SALGA;2408806;8.99;144856;0.0
TORRADA BAUDUCCO INTEGRAL;2408807;4.99;144929;0.0
MACARRAO CUP NOODLES CURR;2408808;5.99;144782;0.0
NISSIN LAMEN COSTELA 85G;2408809;3.45;144782;0.0
DESOD ROLL ON MONANGE FR;2408810;7.99;144878;0.0
NISSIN LAMEN CARNE C/TOMA;2408811;3.45;144782;0.0
SUCO VIGOR MORANGO 200ML;2408812;3.5;144665;0.0
PAO DE FORMA PAULISTA INT;2408813;8.79;144320;0.0
TRAVESSA SEMPRE ST C/TAMP;2408814;43.9;1;0.0
ESCOVA CAB RAQUETE PROTEG;2408815;21.9;155381;0.0
PAO DE MEL BAUDUCCO 30G;2408816;1.99;144684;0.0
BUCHA N8 C/5UNID 5PARAFUS;2408817;6.99;144514;0.0
MACARRAO CUP NOODLES G CA;2408818;5.99;144782;0.0
AMENDOIM JAPONES YOKI 150;2408819;6.99;144856;0.0
DESINF VIM CLORO GEL 318G;2408820;12.99;144834;0.0
AMACIANTE BABY SOFT CARIN;2408821;8.99;144845;0.0
SOPAO KITANO CARNE 196G;2408822;9.99;144783;0.0
CONDIC TRESEMME RECONST F;2408823;26.9;144869;0.0
MILHO P/PIPOCA YOKI 500G;2408824;9.9;144773;0.0
NISSIN LAMEN CHICO BENTO;2408825;3.45;144782;0.0
BISC COOKIES BAUDUCCO CHO;2408826;4.99;144683;0.0
TRAVESSA RET SEMPRE C/TAM;2408827;51.99;1;0.0
PIPOCA MICRO YOKI MANTEIG;2408828;4.5;144773;0.0
TINTURA BIOCOLOR;2408829;8.99;144867;0.0
CONDIC TRESEMME CACHOS DE;2408830;26.9;144869;0.0
CONDIC TRESEMME HIDRAT PR;2408831;26.9;144869;0.0
MACARRAO CUP NOODLES LEGU;2408832;5.99;144782;0.0
CREME DE BARBEAR BOZZANO;2408833;8.99;144900;0.0
PAO DE LEITE PAULISTA 275;2408834;5.95;144320;0.0
CR DENTAL CONDOR AVENGERS;2408835;4.99;144907;0.0
FAROFA MANDIOCA YOKI 250G;2408836;4.99;144772;0.0
DESOD ROLL ON MONANGE SEN;2408837;7.99;144878;0.0
AMIDO MILHO YOKI 500G;2408838;14.45;144732;0.0
PAO DE MILHO PAULISTA 500;2408839;7.95;144320;0.0
NISSIN TALHARIM BROCOLIS;2408840;4.45;144782;0.0
SHAMPOO DOVE OLEO NUTRICA;2408841;15.49;144870;0.0
AMAC COMFORT CONC ORIGINA;2408842;12.95;144845;0.0
BICO TORNEIRA METAL 3/4 K;2408844;9.99;144514;0.0
SHAMPOO CLEAR CASPA QUEDA;2408845;17.99;144870;0.0
QUEIJO RALADO VIGOR 50G;2408846;6.45;144790;0.0
DESOD AERO BOZZANO FRESH;2408847;12.9;144876;0.0
SUCO VIGOR MARACUJA 200ML;2408848;3.5;144665;0.0
BISNAGA DE MILHO PAULISTA;2408849;7.45;144320;0.0
IOGURTE ACTIVIA MORANGO L;2408850;13.99;144480;0.0
FARINHA P/EMPANAR PANKO K;2408851;15.99;1;0.0
PO P/PUDIM BRETZKE BRIGAD;2408852;7.99;1;0.0
FRALDA DESC HUGGIES TRIPL;2408853;32.9;144908;0.0
MASSA P/LASANHA PETYBON 2;2408854;4.99;144784;0.0
ALICATE CUTICULA MERHEJE;2408855;9.95;144924;0.0
MARGARINA DELICIA C/SAL 5;2408856;7.85;144465;0.0
BEB SOJA ADES UVA 1L;2408857;8.49;144636;0.0
CHA SIAMAR CAPIM CIDREIRA;2408858;3.99;144730;0.0
BISC MABEL AMANTEIGADO NA;2408859;8.99;144684;0.0
AMENDOIM JAPONES SIAMAR 1;2408860;6.75;144856;0.0
CAFE MORRO GRANDE VACUO 5;2408861;31.45;144728;0.0
PILHA RAYOVAC AMARELINHA;2408862;7.99;144522;0.0
BANHA SUINA SEARA 1KG;2408863;13.99;144463;0.0
BISC MABEL LEITE 400G;2408864;7.95;144684;0.0
SEARA SALSICHA LONGUETTE;2408865;9.5;144454;0.0
BEB SIDRA CERESER 660ML;2408866;16.99;144648;0.0
BALA MASTIG ERLAN GUTY MO;2408867;8.99;144694;0.0
MACARRAO DA ROZ ESPAGUETT;2408868;3.45;1;0.0
MOSTARDA SIAMAR 980G;2408869;9.9;144753;0.0
AMACIANTE BABY SOFT MACIE;2408870;8.75;144845;0.0
SALSICHA SEARA 500GR;2408871;11.99;144454;0.0
EMP SEARA 110G PRES/QJO;2408872;6.49;144437;0.0
CALDO DE LEGUMES KITANO 3;2408873;7.35;144795;0.0
REQUEIJAO CREMOSO CRIOULO;2408874;16.99;144478;0.0
PILHA RAYOVAC AMARELINHA;2408875;8.49;144522;0.0
SAMBIQUIRA BIG FRANGO 1KG;2408876;6.99;144309;0.0
FIGADO DE FRANGO PENA BRA;2408877;4.99;144309;0.0
FRALDA DESC HUGGIES TRIPL;2408878;32.9;144908;0.0
CAFE SOLUVEL PO 3CORACOES;2408879;6.75;144728;0.0
BEB SOJA ADES MORANGO 1L;2408880;8.49;144636;0.0
PO P/FLAN BRETZKE BAUNILH;2408881;1.99;1;0.0
ABS INTIMUS GEL SUAVE C/A;2408882;10.99;144892;0.0
MISTURA BOLO D BENTA AIPI;2408883;6.99;144736;0.0
EMPANADO FRANGO TEKITOS S;2408884;10.9;144437;0.0
CACHACA PURA SAGATIBA CRI;2408885;48.9;144651;0.0
FANTA GUARANA 350ML  LT;2408886;4.5;144675;0.0
HOT HIT SEARA CHEDDAR 145;2408887;9.9;144437;0.0
PILHA RAYOVAC ZINCO PEQUE;2408888;5.99;144522;0.0
SUCO CONC DA FRUTA CAJU 5;2408889;4.49;1;0.0
MISTURA BOLO D BENTA FUBA;2408890;6.99;144736;0.0
FILE DE TILAPIA SEARA 600;2408891;34.99;1;0.0
MARIA MOLE BRETZKE COCO 5;2408892;3.45;1;0.0
BEB SOJA ADES MACA 1L;2408893;8.49;144636;0.0
AMACIANTE BABY SOFT MARSA;2408894;8.75;144845;0.0
ACHOC PO MUKY CHOCOLATE S;2408895;4.99;144727;0.0
MISTURA BOLO D BENTA LARA;2408896;6.99;144736;0.0
FRALDA DESC HUGGIES SUPRE;2408897;48.9;144908;0.0
WAFER TODDY CHOCOLATE 94G;2408898;2.99;144691;0.0
ARROZ CARRETEIRO SEARA 30;2408899;19.9;144629;0.0
ALHO CEBOLA E SALSA SIAMA;2408900;3.49;144770;0.0
CAFE C/LEITE EM PO 3CORAC;2408901;9.49;144728;0.0
ALICATE CUTICULA MERHEJE;2408902;9.95;144924;0.0
CAPPUCCINO 3CORACOES CLAS;2408903;13.49;144728;0.0
AMACIANTE BABY SOFT CARIN;2408904;8.99;144845;0.0
EAMPANADOS SEARA T MONICA;2408905;14.9;1;0.0
SARDINHA COQUEIRO TOMATE;2408906;6.45;144767;0.0
ESCONDIDINHO DE CALABRESA;2408907;22.9;1;0.0
SEARA BARRIGA APERITIVO T;2408908;22.9;144499;0.0
PRATO DURALEX ASTRAL FUND;2408909;8.99;1;0.0
MAIONESE SOYA CASEIRA 500;2408910;5.99;144752;0.0
BALA ERLAN CAFE ESPRESSO;2408911;12.99;144694;0.0
CAFE MORRO GRANDE TRADIC;2408912;35.9;144728;0.0
BISC MABEL AMANTEIGADO LE;2408913;9.9;144684;0.0
BATATA PALHA YOKI TRADIC;2408914;8.45;144857;0.0
REQUEIJAO POCOS DE CALDA;2408915;27.99;144478;0.0
LEITE FERMENTADO UVA 80G;2408916;1.39;1;0.0
CONJ COPO NADIR BATUQUE C;2408917;17.99;144394;0.0
FAROFA MANDIOCA PALHA YOK;2408918;5.99;144772;0.0
MANTEIGA DANONE S/SAL POT;2408919;19.9;144464;0.0
SALGADINHO YOKITOS CONCHI;2408920;2.99;144855;0.0
TEMPERO CHURRASCO KITANO;2408921;3.79;1;0.0
FAROFA YOKI MILHO 500G;2408922;11.49;144772;0.0
CONDIC NEUTROX CLASSICO 2;2408923;11.99;144869;0.0
VEDANTE PLASTICO 3/4 C/3;2408924;2.99;144514;0.0
REQUEIJAO POCOS DE CALDA;2408925;23.9;144478;0.0
FAROFA YOKI TRADICIONAL L;2408926;6.49;144772;0.0
SALGADINHO YOKITOS CONCH;2408927;3.5;144855;0.0
CORANTE XADREZ AMARELO 50;2408928;7.49;144849;0.0
LINHA BARBANTE CRU FIO 4;2408929;9.99;1;0.0
DES AERO FIORUCCI TOUCH 1;2408930;23.9;144876;0.0
BATATA PALHA YOKI EXTRAFI;2408931;8.99;144857;0.0
JARRA NADIR VIDRO 780ML;2408932;13.9;144394;0.0
CEBOLA KITANO 20G;2408933;3.45;1;0.0
SALGADINHO YOKITOS REDINH;2408934;2.99;144855;0.0
CHA MATTE LEAO 100G;2408935;7.45;144730;0.0
YOPRO DANONE MORANGO 250M;2408936;10.99;144480;0.0
MULTIUSO UAU ELIMIN ODORE;2408937;5.99;144839;0.0
IOGURTE DANONE MORANGO 15;2408938;3.45;144480;0.0
CHA MATTE LEAO NATURAL 40;2408939;7.99;144730;0.0
IOGURTE NATURAL DANONE LR;2408940;3.99;144480;0.0
FAROFA YOKI C/PEDACOS CEB;2408941;5.75;144772;0.0
PIPOCA P/MICRO YOKI BACON;2408942;4.5;144773;0.0
PIMENTA DO REINO KITANO 5;2408943;9.95;1;0.0
BATATA PALHA YOKI TRADIC;2408944;7.99;144857;0.0
LEITE FERMENTADO BOB ESPO;2408945;2.75;1;0.0
LANCHE FAROESTE BURGER MO;2408946;8.75;144437;0.0
SALGADINHO YOKITOS CONCH;2408947;3.5;144855;0.0
CHA LEAO VERDE 16G;2408948;5.45;144730;0.0
BICARBONATO SODIO KITANO;2408949;2.99;144770;0.0
FUBA MIMOSO YOKI 1KG;2408950;10.99;144772;0.0
IOGURTE DANONE FRUTAS 150;2408951;3.45;144480;0.0
CADERNO CD TILIBRA MAIS M;2408952;31.9;144504;0.0
TORNEIRA DE JD C/ESFERA 3;2408953;39.9;144514;0.0
FUBA YOKI PRE COZIDO 500G;2408954;7.99;144772;0.0
BEB ALCOOLICA SCHWEPPES G;2408955;7.99;144653;0.0
CREME PENTEAR SEDA LISO P;2408956;10.99;144872;0.0
LING DEFUMADA FININHA SEA;2408957;8.99;144453;0.0
BISC MABEL CHOCOLATE 400G;2408958;7.79;144684;0.0
CAFE MORRO GRANDE EXTRA F;2408959;35.9;144728;0.0
MARGARINA DELICIA C/SAL 2;2408960;4.75;144465;0.0
MARGARINA DORIANA S/SAL 5;2408961;7.99;144465;0.0
AMACIANTE BABY SOFT TOQUE;2408962;8.75;144845;0.0
AMENDOIM SIAMAR TORRADO S;2408963;4.99;144856;0.0
FILTRO PAPEL 3 CORACOES 1;2408964;5.9;144509;0.0
ERVAS FINAS SIAMAR 10G;2408965;1.99;144770;0.0
SAKURA SHOYU TRADICIONAL;2408966;18.99;144758;0.0
CHA SIAMAR ERVA DOCE 10G;2408967;3.99;144730;0.0
MISTURA BOLO D BENTA CHOC;2408968;8.79;144736;0.0
SABAO EM PO BABY SOFT SC;2408969;8.79;144846;0.0
BEB ALCOOLICA SCHWEPPES S;2408970;2.89;144653;0.0
ABS INTIMUS GEL SUAVE S/A;2408971;5.99;144892;0.0
BACON FATIAS SEARA GOURME;2408972;19.99;144452;0.0
REFRIG FANTA MARACUJA 2L;2408973;8.49;144679;0.0
SUCO SOJA ADES MACA TP 20;2408974;2.5;144636;0.0
POLPA BRASFRUT GOIABA 100;2408975;3.5;1;0.0
CHICLE TRIDENT HORTELA 8G;2408976;2.99;144694;0.0
BOLINHO PINGUINO TRIPLO C;2408977;5.49;144320;0.0
HAVAIANAS TOP VERDE LIMAO;2408978;29.9;144492;0.0
ALISANTE HAIR LIFE LISO N;2408979;15.99;144873;0.0
WAFER PARATI MINUETO LIMA;2408980;3.99;144691;0.0
HAVAIANAS TOP VERDE LIMAO;2408981;29.9;144492;0.0
TINTURA COR TON VERMELHO;2408982;16.9;144867;0.0
HAVAIANAS BRASIL PRETO 45;2408983;49.9;144492;0.0
TINTURA COR TON LOURO CIN;2408984;14.9;144867;0.0
AGUARD 51ICE MACA VERDE 2;2408985;7.49;144808;0.0
BOMBOM SONHO DE VALSA 1KG;2408986;59.9;144696;0.0
POLPA BRASFRUT CAJU 100G;2408987;3.5;1;0.0
BARALHO COPAG DUNGA 270G;2408988;11.99;144069;0.0
CHICLE MENTOS COOL WHITE;2408989;2.99;144694;0.0
WAFER AMANDITA CHOCO 200G;2408990;18.99;144696;0.0
DROPS MENTOS FRUTAS VERME;2408991;1.99;144694;0.0
MACARRAO PARATI CABELO DE;2408992;7.49;1;0.0
PAO DE FORMA PULLMAN 350G;2408993;5.99;144320;0.0
MARINEX FACILITA VAP 2L;2408994;44.9;144193;0.0
HAVAIANAS BRASIL PRETO 33;2408995;49.9;144492;0.0
DROPS MENTOS TUTTI FRUTTI;2408996;1.99;144694;0.0
HAVAIANAS BRASIL PRETO 39;2408997;49.9;144492;0.0
AGUA DE COCO PURO COCO MO;2408998;2.49;144637;0.0
TINTURA COR TON PRETO AZU;2408999;16.9;144867;0.0
MACARRAO AMALIA SEMOLA AV;2409000;3.45;1;0.0
TINTURA COR TON VIOLINE 3;2409001;16.9;144867;0.0
DESOD AERO TOPPER EAGLE 1;2409002;14.99;144876;0.0
BALA MENTOS FRUIT 62,1G;2409003;5.99;144694;0.0
MACARRAO INTEGRAL PARATI;2409004;6.79;155382;0.0
PAO FORMA PULLMAN ARTESAN;2409005;15.9;144320;0.0
TINTURA COR TON CAST MED;2409006;16.9;144867;0.0
CHICLE TRIDENT CANELA 8G;2409007;2.99;144694;0.0
ROLINHO PARATI MINUETO CH;2409008;4.5;1;0.0
ALISANTE HAIR LIFE MEL/AM;2409009;12.9;144873;0.0
CONDIC NIELY GOLD AGUA TE;2409010;14.99;144869;0.0
TALCO TENYS PE S/PERFUME;2409011;13.99;144916;0.0
HAVAIANAS BRASIL BRANCO 3;2409012;49.9;144492;0.0
TINTURA COR TON LOURO MED;2409013;16.9;144867;0.0
DESOD AERO TOPPER STYLE 1;2409014;14.99;144876;0.0
SHAMPOO NIELY GOLD AGUA T;2409015;12.9;144870;0.0
LEITE FERMENTADO MORANGO;2409016;1.39;1;0.0
POLPA DANONE KIDS MULTI V;2409017;8.97;144480;0.0
AVEIA EM FLOCOS FINOS YOK;2409018;6.49;144707;0.0
ENXAG BUCAL LISTERINE TAR;2409019;24.99;144888;0.0
IOGURTE BATAVO BANANA/MAC;2409020;3.99;144479;0.0
FAROFA MANDIOCA YOKI TRAD;2409021;5.99;144772;0.0
CONJ XIC/PIRES WHEAATON V;2409022;5.9;1;0.0
VEJA LIMP PESADA ORIGINAL;2409023;11.9;144839;0.0
CADERNO CD TILIBRA ESPIRA;2409024;11.9;144504;0.0
SALGADINHO YOKITOS CONCHI;2409025;2.99;144855;0.0
AMIDO DE MILHO YOKI 200G;2409026;7.99;144732;0.0
CHA LEAO CAPIM CIDREIRA 1;2409027;4.45;144730;0.0
BATATA PALITO CG AURORA 1;2409028;24.9;144173;0.0
IOGURTE DANONE VITAMINAS;2409029;14.99;144480;0.0
NUGGET LIQ PRETO 60ML;2409030;19.9;144812;0.0
LEITE FERMENTADO ELEGE TR;2409031;9.95;144479;0.0
SABONETE FRANCIS LUXO ROS;2409032;3.49;144920;0.0
IOGURTE NATURAL DANONE ME;2409033;3.99;144480;0.0
PIPOCA P/MICRO YOKI PAPRI;2409034;5.99;144773;0.0
REGISTRO IMAR C/MAGUEIRA;2409035;64.9;144514;0.0
DANONINHO P/LEVAR MORANGO;2409036;3.99;144480;0.0
MANTEIGA DANONE C/SAL POT;2409037;19.9;144464;0.0
CREME PENTEAR SEDA CERAMI;2409038;10.99;144872;0.0
TORNEIRA P/BEBEDOURO KIMA;2409039;9.99;144514;0.0
PIPOCA P/MICRO YOKI NATUR;2409040;4.5;144773;0.0
COENTRO EM PO KITANO 10G;2409041;2.59;1;0.0
MULTI USO UAU LAVANDA 500;2409042;5.99;144839;0.0
SALGADINHO YOKITOS LUA QU;2409043;2.99;144855;0.0
SALGADINHO YOKITOS CEBOLA;2409044;10.99;144855;0.0
CADERNO TILIBRA CD 10X1 P;2409045;24.9;144504;0.0
DANONINHO ICE MORANGO POU;2409046;3.99;144480;0.0
PREGO 15X15 50G KIMARC;2409047;5.99;144514;0.0
IOGURTE ACTIVIA AMEIXA LV;2409048;13.99;144480;0.0
ENXAG BUCAL LISTERINE COO;2409049;17.99;144888;0.0
MARGARINA CLAYBOM C/SAL 1;2409050;18.9;144465;0.0
COLORIFICO KITANO 80G;2409051;3.99;149379;0.0
IOGURTE NATURAL DANONE DE;2409052;3.99;144480;0.0
CHIMICHURRI KITANO 12G;2409053;6.99;1;0.0
CANELA CASCA KITANO 8G;2409054;1.99;1;0.0
RATOEIRA FERRO GRANDE KIM;2409055;12.99;144514;0.0
TORNEIRA PLASTICA JD 3/4;2409056;9.99;144514;0.0
AGUARD 51 ICE FRUIT MIX 2;2409057;7.49;144808;0.0
SOBREMESA DANETTE DOCINHO;2409058;6.99;144480;0.0
TINTURA COR TON CASTANHO;2409059;16.9;144867;0.0
POLPA BRASFRUT ABACAXI 10;2409060;3.5;1;0.0
MARINEX FACILITA VAP 500M;2409061;23.9;144193;0.0
AGUARD 51 ICE KIWI 275ML;2409062;7.49;144808;0.0
SUCO MAGUARY GOIABA 1L;2409063;6.99;144669;0.0
PAO FORMA SUPREME NUTRELA;2409064;16.9;144320;0.0
HAVAIANAS BRASIL PRETO 41;2409065;49.9;144492;0.0
SUCO CONC MAGUARY MARACUJ;2409066;11.99;144666;0.0
HAVAIANAS BRASIL PRETO 35;2409067;49.9;144492;0.0
POLPA BRASFRUT ACEROLA 10;2409068;3.5;1;0.0
HAVAIANAS TOP PRETO 45/6;2409069;31.9;144492;0.0
DROPS MENTOS ICE GRAPE 24;2409070;1.99;144694;0.0
SUCO MAGUARY 1,5L UVA;2409071;16.99;144668;0.0
SH NIELY GOLD COMPRIDOS F;2409072;12.9;144870;0.0
TINTURA COR TON VERMELHO;2409073;16.9;144867;0.0
ROLINHO WAFER MINUETO COC;2409074;4.5;144691;0.0
CONDIC NIELY GOLD OLEO DE;2409075;14.99;144869;0.0
TALCO TENYS PE BARUEL SPO;2409076;13.99;144916;0.0
SHAMPOO NIELY GOLD HOMEM;2409077;12.9;144870;0.0
SUCO MAGUARY MARACUJA 1L;2409078;6.49;144669;0.0
WAFER PARATI MINUETO CHOC;2409079;3.99;144691;0.0
CONDIC NIELY GOLD QUERATI;2409080;14.99;144869;0.0
CHICLE BUBBALOO UVA 5G;2409081;0.4;144694;0.0
CHICLE TRIDENT MELANCIA 8;2409082;2.99;144694;0.0
BISC PARATI COOKIE BAUNIL;2409083;3.25;144683;0.0
HAVAIANAS TOP VERDE LIMAO;2409084;29.9;144492;0.0
TINTURA COR TON LOURO ESC;2409085;16.9;144867;0.0
CREME TRAT NOVEX BELLEZA;2409086;30.99;144873;0.0
TINTURA COR TON MEGACOLOR;2409087;16.9;144867;0.0
TINTURA FLEURY LOURO ESCU;2409088;7.49;144867;0.0
MENTOS 37,5G TUTTI FRUTTI;2409089;2.99;144694;0.0
SUCO CONC MAGUARY CAJU 50;2409090;5.45;144666;0.0
PAPEL HIG NEVE FD NT 12X3;2409091;22.9;144904;0.0
PANETONE PARATI FRUTAS 50;2409092;20.9;144858;0.0
ESCOVA TANQUE PLASTICA;2409093;4.99;144836;0.0
DOCE DE ABOBORA AB 75G;2409094;2.5;144715;0.0
AGUARD 51 ICE ACAI C/GUAR;2409095;7.49;144808;0.0
BOLINHO ANA MARIA GOTAS C;2409096;2.99;144320;0.0
HAVAIANAS BRASIL BRANCO 3;2409097;49.9;144492;0.0
DROPS MENTOS CRAZY FRUIT;2409099;1.99;144694;0.0
TALCO TENYS PE ORIGINAL 1;2409100;13.99;144916;0.0
PAPEL HIG PALOMA NEUTRO F;2409101;4.79;144904;0.0
AMACIANTE AMACITEL CARINH;2409102;9.49;144845;0.0
CASTANHA DE CAJU CAJUMIL;2409103;5.99;1;0.0
ARROZ SABOROSO TP1 5KG;2409104;22.99;144629;0.0
SABONETE LIVY CASTANHA DO;2409105;1.99;144920;0.0
MACARRAO AMALIA SEMOLA FU;2409106;3.45;1;0.0
MACARRAO RENATA ESPAGUETI;2409107;4.39;1;0.0
LUBRIFICANTE AERO THREE B;2409108;12.99;1;0.0
MACARRAO AMALIA SEMOLA PA;2409109;3.45;1;0.0
COLA THREE BOND 2G;2409110;2.99;151982;0.0
MOLHO REF TARANTELLA SC 3;2409111;2.29;144746;0.0
WAFER MARILAN MORANGO 115;2409112;4.35;144691;0.0
PAPEL HIG DUETTO FD NEUTR;2409113;31.99;144904;0.0
REQUEIJAO CREMOSO TIROLEZ;2409114;5.99;144478;0.0
BISC MARILAN CRACKER MANT;2409115;6.99;144688;0.0
BISC MARILAN TORTINHAS MO;2409116;9.9;144689;0.0
OLEO SOJA BREJEIRO 900ML;2409117;7.49;144633;0.0
SALSICHA ANGLO VIENA 180G;2409118;2.99;144764;0.0
LIMP CASA   PERFUME AMORE;2409119;6.79;144839;0.0
GUARDANAPO PAPEL MAXIM 31;2409120;3.99;144509;0.0
BISC MARILAN PIT STOP ORI;2409121;5.25;144688;0.0
AGUARD 51 ICE LIMAO 275ML;2409122;7.49;144808;0.0
CERA BRILHO FACIL ARDOSIA;2409123;14.9;144842;0.0
PAPEL HIG PALOMA PERF FS;2409124;4.79;144904;0.0
ARROZ BREJEIRO PREMIUM 5K;2409125;25.35;144629;0.0
GUARDANAPO PAPEL MAXIM 23;2409126;2.49;144509;0.0
GARRAFA TERMICA SOPRANO A;2409127;48.9;144190;0.0
SALGADINHO TAKIS XPLOSION;2409128;5.99;144855;0.0
SAL GROSSO CISNE 1KG;2409129;4.99;144798;0.0
LIMPADOR CASA PERFUME AMA;2409130;10.49;144839;0.0
MACARRAO RENATA PARAFUSO;2409131;4.65;1;0.0
BISC MARILAN TEENS BAUNY;2409132;4.5;144691;0.0
QUEIJO PARMESAO RALADO PR;2409133;7.99;144790;0.0
PAPEL HIG PALOMA CAMOMILA;2409134;4.79;144904;0.0
BISC MARILAN TEENS CHOC B;2409135;4.5;144691;0.0
GARRAFA TERMICA SOPRANO R;2409136;52.9;144190;0.0
VINHO TINTO SUAVE CHALISE;2409137;12.9;144673;0.0
BISC MARILAN LEITE 350G;2409138;6.99;144684;0.0
WAFER MARILAN BRIGADEIRO;2409139;4.35;144691;0.0
GARRAFA TERMICA SOPRANO V;2409140;52.9;144190;0.0
BISC MARILAN MANTEIGA 350;2409141;6.99;144684;0.0
CADERNO CD TILIBRA FEMINI;2409142;31.9;144504;0.0
FAROFA SOJA YOKI 200G;2409143;6.99;144772;0.0
POLPA BATAVO MORANGO/COCO;2409144;8.7;144479;0.0
IOGURTE BATAVO PENSE ZERO;2409145;4.45;144479;0.0
PIMENTA CALABRESA KITANO;2409146;5.49;1;0.0
REQUEIJAO CREMOSO DANONE;2409147;10.99;144478;0.0
MANTEIGA EXTRA DANONE C/S;2409148;14.95;144464;0.0
LEITE FERMENTADO BOB ESPO;2409149;2.75;1;0.0
PREGO 17X21 50G KIMARC;2409150;6.99;144514;0.0
CADERNO CD TILIBRA 10X1 P;2409151;24.9;144504;0.0
SALGADINHO YOKITOS CONCH;2409152;9.99;144855;0.0
SOBREMESA DANETTE CHOCOLA;2409153;2.99;144480;0.0
CREME LEITE PAULISTA TP 2;2409154;3.65;144719;0.0
PREGO 12X12 50G KIMARC;2409155;6.99;144514;0.0
SABAO EM PO OMO LAVAGEM P;2409156;12.99;144846;0.0
COND TRESEMME BLIND ANTFR;2409157;23.9;144869;0.0
CONDIC SEDA BOMBA COCO 32;2409158;13.99;144869;0.0
PAO DE HAMBURGUER CASA DO;2409159;5.59;144320;0.0
RODO PLASTICO OLIVATTO 60;2409160;19.99;144836;0.0
AMIDO DE MILHO MAIZENA 20;2409161;5.99;144732;0.0
SABAO EM PO OMO PURO CUID;2409162;15.99;144846;0.0
TINTURA KOLESTON LOURO ES;2409163;27.9;144867;0.0
MARGARINA CLAYBOM SABOR M;2409164;9.99;144465;0.0
BATATA PALITO CG SADIA 1,;2409165;23.99;144173;0.0
DESOD AERO REXONA NOW UNI;2409166;17.99;144876;0.0
AMERICANO TIGELA NADIR C/;2409167;7.5;144394;0.0
TINTURA KOLESTON PT AZULA;2409168;27.9;144867;0.0
DES AERO REXONA ANITTA VA;2409169;17.99;144876;0.0
SHAMPOO SEDA CRESPOS ENCA;2409170;11.75;144870;0.0
SABAO EM PO OMO LAVAGEM P;2409171;14.99;144846;0.0
SABAO EM PO OMO 800G;2409172;8.99;144846;0.0
DESOD AERO REXONA MOTION;2409173;17.99;144876;0.0
PAO FORMA SEVEN BOYS CAST;2409174;14.49;144320;0.0
AMACIANTE CONC COMFORT PU;2409175;12.95;144845;0.0
LIMPADOR VEJA MULTI USO 5;2409176;6.95;144839;0.0
MILHO VERDE OLE VIDRO 170;2409177;5.99;144804;0.0
AMACIANTE FOFO AZUL TRADI;2409178;12.99;144845;0.0
CREME PENTEAR SEDA COLAGE;2409179;10.99;144872;0.0
CR DENTAL CLOSEUP TRIPLE;2409180;3.65;144887;0.0
SABONETE DOVE GOFRESH REV;2409181;5.99;144920;0.0
SHAMPOO SEDA BOMBA DE COC;2409182;11.75;144870;0.0
SABAO EM PO OMO LAVAGEM P;2409183;25.9;144846;0.0
CONDIC SEDA BAMBU BIOTINA;2409184;13.99;144869;0.0
SABONETE LUX LAVANDA 85G;2409185;3.25;144920;0.0
CR DENTAL CLOSEUP TRIPLE;2409186;3.65;144887;0.0
SABONETE LUX FLOR LOTUS 8;2409187;3.25;144920;0.0
CONDIC DOVE TEXT REAIS CA;2409188;29.9;144869;0.0
CONDIC SEDA COLAGENO/VITA;2409189;13.99;144869;0.0
MILHO VERDE OLE VIDRO 120;2409190;4.59;144804;0.0
SH TRESEMME DETOX CAPILAR;2409191;24.99;144870;0.0
PA LIXO PLASTICA CABO LON;2409192;9.9;144836;0.0
ANIL COLMAN PEDRA 90G;2409193;26.99;144848;0.0
TINTURA KOLESTON CAST MED;2409194;27.9;144867;0.0
CONDIC DOVE NUTR OLEO MIC;2409195;18.99;144869;0.0
CONHAQUE DE GENGIBRE DOMU;2409196;21.99;144652;0.0
CONDIC DOVE RITUAL DE REP;2409197;29.9;144869;0.0
ESMALTE RISQUE LEO MANDOU;2409198;6.49;144924;0.0
PAO SOVADO SEVEN BOYS 500;2409199;16.49;144320;0.0
AMERICANO TIGELA NADIR 60;2409200;17.99;144394;0.0
DESOD AERO REXONA S/PERFU;2409201;17.99;144876;0.0
TINTURA KOLESTON PRETO 20;2409202;27.9;144867;0.0
CONDIC TRESEMME BAIXO POO;2409203;21.9;144869;0.0
PAPEL HIG NEVE NEUTRO 4X3;2409204;11.49;144904;0.0
TIGELA NADIR COPO AMERICA;2409205;11.99;1;0.0
VASSOURA VARRE CANTO OLIV;2409206;15.99;144836;0.0
RODO PIA OLIVATTO PLASTIC;2409207;5.99;144836;0.0
CONDIC TRESEMME CRESC MAX;2409208;21.9;144869;0.0
CONDIC DOVE HIDRA LISO 20;2409209;18.99;144869;0.0
SABONETE LUX FLOR DE VERB;2409210;3.25;144920;0.0
SABONETE LUX LIRIO AZUL 8;2409211;3.25;144920;0.0
PAO DE FORMA INTEGRAL CAS;2409212;6.99;144320;0.0
CHICLE PLUTONITA ZUMBISSS;2409213;1.99;144694;0.0
ESMALTE RISQUE CARMIM 8ML;2409214;6.49;144924;0.0
FILTRO P/EXAUSTOR FORT LI;2409215;4.99;1;0.0
CONDIC SEDA BOMBA ARGAN 3;2409216;13.99;144869;0.0
SHAMPOO TRESEMME BLINDAGE;2409217;24.99;144870;0.0
SABONETE LUX CAPIM LIMAO;2409218;3.25;144920;0.0
TINTURA KOLESTON 50 CAST;2409219;27.9;144867;0.0
TEMPERO KNORR 25G M.ASSAD;2409220;6.99;149379;0.0
DES AERO GREENWOOD S/PERF;2409221;15.99;144876;0.0
CHICLE TRIDENT MENTA 8G;2409222;2.99;144694;0.0
SUCO MAGUARY LARANJA 1L;2409223;6.99;144669;0.0
SHAMPOO NIELY GOLD OLEO D;2409224;12.9;144870;0.0
TINTURA COR TON CHOC 6.7;2409225;16.9;144867;0.0
SAL FRUTA ENO SACHE ORIGI;2409226;6.99;1;0.0
MACARRAO INTEGRAL PARATI;2409227;6.79;1;0.0
LASANHEIRA  MARINEX 5L;2409228;79.9;144193;0.0
SUCO MAGUARY MELANCIA 1L;2409229;6.99;144669;0.0
MARINEX FACILITA VAP 1L;2409230;32.9;144193;0.0
HAVAIANAS BRASIL BRANCO 3;2409231;49.9;144492;0.0
PAPEL HIG NEVE NEUTRO FD;2409232;8.49;144904;0.0
HAVAIANAS BRASIL BRANCO 4;2409233;49.9;144492;0.0
TINTURA COR TON MEGACOLOR;2409234;16.9;144867;0.0
DROPS MENTOS YOGURT MORAN;2409235;1.99;144694;0.0
MENTOS FRUTAS VERM 37,5G;2409236;2.99;144694;0.0
CHICLE TRIDENT TUTTI FRUT;2409237;2.99;144694;0.0
AMACIANTE CONC COMFORT FI;2409238;12.95;144845;0.0
SHAMPOO DOVE HIDRA LISO 4;2409239;24.99;144870;0.0
SHAMPOO CLEAR A CASPA DET;2409240;17.99;144870;0.0
MAC N CHEESE SADIA CHEDDA;2409241;11.99;144437;0.0
DESOD AERO AXE MUSK 152ML;2409242;16.99;144876;0.0
TEMPERO KNORR MEU ASSADO;2409243;8.99;149379;0.0
SHAMPOO DOVE RITUAL DE RE;2409244;24.99;144870;0.0
CONDIC TRESEMME DETOX CAP;2409245;26.9;144869;0.0
LIMPADOR MULTIUSO CIF GEL;2409246;18.9;144821;0.0
SHAMPOO DOVE HIDRATACAO I;2409247;15.49;144870;0.0
SABAO PO OMO LAVAGEM PERF;2409248;24.99;144846;0.0
TACA AGUA NADIR BUFFET 30;2409249;9.9;144394;0.0
CONDIC DOVE BRILHO OLEO M;2409250;29.9;144869;0.0
LEITE FERMENTADO YAKULT 4;2409251;12.9;144487;0.0
CONDIC DOVE RITUAL CRESCI;2409252;29.99;144869;0.0
SABONETE LUX ORQUIDEA NEG;2409253;3.25;144920;0.0
PAPEL HIG DUETTO PERF FD;2409254;25.9;144904;0.0
SABONETE DOVE NUTRIT SECR;2409255;5.65;144920;0.0
PAPEL HIG PALOMA NEUTRO F;2409256;23.49;144904;0.0
BISC MARILAN TORTINHAS CH;2409257;4.45;144689;0.0
COCO RALADO MENINA 100G;2409258;4.45;144864;0.0
BISC MARILAN MAIZENA 350G;2409259;6.99;144684;0.0
BOLO PULLMAN GOTAS CHOCOL;2409260;10.99;144320;0.0
BISC COOKIE MARILAN CHOCO;2409261;4.25;144683;0.0
BISC MARILAN TORTINHAS CH;2409262;9.9;144689;0.0
LIMPADOR CASA PERFUME SEN;2409263;10.49;144839;0.0
PAO FORMA PULLMAN ARTESAN;2409264;15.9;144320;0.0
BISC TODESCHINI AGUA E SA;2409265;5.25;144688;0.0
MACARRAO RENATA C/OVOS NI;2409266;6.59;1;0.0
LIMP CASA   PERFUME SPECI;2409267;6.79;144839;0.0
BISC SPECIALAT AGUA E SAL;2409269;3.99;144688;0.0
PAO FORMA NUTRELLA CASTAN;2409270;11.99;144320;0.0
MAIONESE LIZA 500G;2409271;6.99;144752;0.0
AMACIANTE VIDA MACIA 1L;2409272;11.99;144845;0.0
MACARRAO RENATA LINGUINE;2409273;4.65;1;0.0
OLEO MARIA TRADIC PET 500;2409274;17.99;144776;0.0
PAPEL HIG PALOMA FS CAMOM;2409275;8.99;144904;0.0
ESPONJA LAVA LOUCA ESFREB;2409276;2.5;144819;0.0
GARRAFA TERMICA SOPRANO S;2409277;42.9;144190;0.0
AMACIANTE AMACITEL LUXO P;2409279;9.49;144845;0.0
PAPEL TOALHA MAXIM STYLUS;2409280;5.49;144509;0.0
GARRAFA TERMICA SOPRANO P;2409281;48.9;144190;0.0
WAFER MARILAN DUO CHOC/CH;2409282;3.75;144691;0.0
SALGADINHO TAKIS FUEGO 56;2409283;5.99;144855;0.0
SABONETE LIVY KARITE 85G;2409284;1.99;144920;0.0
PAPEL HIG PALOMA NEUTRO F;2409285;28.9;144904;0.0
BISC MARILAN TEENS CHOCOL;2409286;4.5;144691;0.0
LIMP CASA E PERFUME BELA;2409287;6.79;144839;0.0
MACARRAO RENATA C/OVOS AV;2409288;4.65;1;0.0
FEIJOADA BORDON 430G;2409289;12.9;144766;0.0
AMACIANTE AMACITEL POESIA;2409290;9.49;144845;0.0
AMACIANTE AMACITEL LUXO O;2409291;9.49;144845;0.0
GARRAFA TERMICA SOPRANO A;2409292;52.9;144190;0.0
PAO FORMA PULLMAN ARTESAN;2409293;13.99;144320;0.0
MACARRAO RENATA PENA 500G;2409294;4.65;1;0.0
BOLO PULLMAN LARANJA 250G;2409295;8.99;144320;0.0
PAPEL HIG DUETTO NEUTRO F;2409296;17.99;144904;0.0
COLA THREE BOND 2G;2409297;2.5;151982;0.0
SHAMPOO DOVE RITUAL FORTA;2409298;24.99;144870;0.0
PAO HOT DOG CASA DO PAO 2;2409299;5.49;144320;0.0
DESOD AERO AXE MARINE 152;2409300;16.99;144876;0.0
SABONETE LUX LIRIO AZUL 1;2409301;4.39;144920;0.0
SHAMPOO DOVE TEXTURAS REA;2409302;21.99;144870;0.0
CONDIC DOVE HIDRATACAO 40;2409303;29.9;144869;0.0
SABAO PO SURF COCO 1KG;2409304;6.49;144846;0.0
SHAMPOO TRESEMME BAIXO PO;2409305;22.9;144870;0.0
ESMALTE RISQUE LAGRIMAS V;2409306;6.49;144924;0.0
CONDIC SEDA JUNTINHOS FRO;2409307;13.99;144869;0.0
TINTURA KOLESTON LOURO ME;2409308;27.9;144867;0.0
PAO CASEIRO MILHO CASA DO;2409309;7.49;144320;0.0
LIMPA AZULEJO OLIVATTO;2409310;16.99;144836;0.0
RODO PLASTICO OLIVATTO 30;2409311;12.99;144836;0.0
TINTURA KOLESTON CAST ESC;2409312;27.9;144867;0.0
LAMPADA PERA AVANT LED 9W;2409313;8.99;144520;0.0
AMACIANTE COMFORT CONC GL;2409314;12.95;144845;0.0
RODO PLASTICO OLIVATTO 40;2409315;13.99;144836;0.0
PAO FRANCES KG;2409316;14.99;144198;0.0
CERVEJA BUDWEISER LN 330M;2409317;5.89;144645;0.0
LING TOSCANA CONFINA;2409318;17.99;144296;0.0
COSTELA MINGA;2409319;23.9;144297;0.0
SALAME SADIA ITALIANO;2409320;49.99;144461;0.0
SUKITA UVA 2L;2409321;6.99;144679;0.0
VEJA MULTI USO FLORAL 500;2409322;6.95;144839;0.0
CAIXA DE LEITE INTEGRAL;2409323;65.88;1;0.0
AMAC COMFORT CONC DETOX 5;2409324;14.99;144845;0.0
NISSIN YAKISSOBA 500G;2409325;8.99;144782;0.0
BALA FREEGELLS MIX SABORE;2409326;9.95;144694;0.0
SHAMPOO SEDA GENGIBRE ANT;2409327;11.75;144870;0.0
BEB ALCOOLICA SKOL BEATS;2409328;6.45;1;0.0
BALA FREEGELLS RECH CHOC;2409329;9.95;144694;0.0
TANGERINA PONKAN KG;2409330;6.99;144120;0.0
REFRIG GUARANA ANTARCTICA;2409331;3.75;144677;0.0
CONDIC SEDA CRESC SAUDAVE;2409332;13.99;144869;0.0
CERVEJA SKOL LATA 473ML;2409333;3.99;144646;0.0
HAVAIANAS KIDS ATHLETIC B;2409334;35.9;144492;0.0
FRANGO PADARIA SEARA;2409335;16.99;144309;0.0
SHAMPOO SEDA LISO PERFEIT;2409336;11.75;144870;0.0
CREME PENTEAR SEDA BIOTIN;2409337;10.99;144872;0.0
CERVEJA SPATEN MUNICH PUR;2409338;4.15;144647;0.0
SHAMPOO SEDA PRETOS LUMIN;2409339;11.75;144870;0.0
SABAO COM QUEROSENE FORTE;2409340;29.9;1;0.0
PIZZA SEMI PRONTA L BELLA;2409341;27.9;144318;0.0
OREGANO TIO CHICO 30G;2409342;5.99;1;0.0
VINHO BRANCO MESA MARQUES;2409343;31.9;144673;0.0
CEREAL KELLOGGS SUCRILHOS;2409344;11.9;144729;0.0
FILTRO PERMANENTE COA FAC;2409345;7.99;1;0.0
CERVEJA TRIESTE PURO MALT;2409347;2.99;144647;0.0
PIMENTA DO REINO EXTRA FO;2409348;5.75;1;0.0
VINHO TINTO MESA NOBEL SU;2409349;24.9;144673;0.0
KAFTA BOVINA RECHEADA DO;2409350;18.9;1;0.0
FAROFA MANDIOCA CASEIRINH;2409351;11.45;144772;0.0
SACO XADREZ SAGA;2409352;6.99;1;0.0
REQUEIJAO POCOS DE CALDA;2409353;15.49;144478;0.0
OREGANO TIO CHICO 7G;2409354;2.35;1;0.0
LINGUICA CUIABANA BOVINA;2409355;29.99;144296;0.0
LAMPADA BULBO LED MUNDILU;2409356;12.99;144520;0.0
GARRAFA TERMICA PARIS UNI;2409357;78.9;144190;0.0
MUCARELA PRESIDENTE 150G;2409358;11.99;144470;0.0
VINHO FINO TINTO SECO CAB;2409359;59.9;144673;0.0
FAROFA MANDIOCA MOREA C/P;2409360;8.99;144772;0.0
AGUA DE COCO MAIS COCO 1L;2409361;8.99;144637;0.0
TEMPERO PARA FEIJOADA TIO;2409362;5.79;1;0.0
BISC RECH PARATI SPECIALE;2409364;3.99;144687;0.0
TEMPERO ANA MARIA TIO CHI;2409365;3.99;1;0.0
PIZZA SEMI PRONTA L BELLA;2409366;27.9;144318;0.0
CEREAL SUPERBOM SKARCHITO;2409367;8.99;144729;0.0
PIZZA SEMI PRONTA L BELLA;2409368;27.9;144318;0.0
LING EMA COZIDA(VACUO) KG;2409369;4.99;144296;0.0
LINGUICINHA DE FRANGO CHU;2409370;2.99;144296;0.0
CERVEJA ESTRELLA GALICIA;2409371;6.99;144647;0.0
BATATA PRINGLES CHURRASCO;2409372;14.99;144855;0.0
BOLO TOCA DO BOLO CHURROS;2409373;28.9;144320;0.0
BATATA PRINGLES ORIGINAL;2409374;12.99;144855;0.0
CEREAL KELLOGGS SUCRILHOS;2409375;12.99;144729;0.0
COCO RALADO SOCOCO 50G;2409376;4.99;144864;0.0
AZEITONAS MALAGUENA FATIA;2409377;9.99;144801;0.0
COLORAU TIO CHICO 70G;2409378;5.69;1;0.0
REQUEIJAO POCOS DE CALDA;2409379;14.99;144478;0.0
BISC MARILAN PIT STOP ORI;2409380;5.49;144688;0.0
PASTA MODELADORA SHOXX CR;2409381;18.9;145727;0.0
JARRA PLASUTIL GRADUADA C;2409382;19.9;1;0.0
CERVEJA BRAHMA ZERO 350ML;2409383;4.99;144643;0.0
MACARRAO RENATA C/OVOS PA;2409385;4.65;1;0.0
BISC REANTA AGUA E SAL 36;2409386;4.99;144688;0.0
MIX CASTANHA CAJU CAJUMIL;2409387;4.5;1;0.0
SUCO CONC LANJAL LARANJA;2409388;19.9;1;0.0
BISC MARILAN COCO 350G;2409389;6.99;144684;0.0
LIMP CASA PERFUME AGRAD 5;2409390;6.79;144839;0.0
EXTRATO TOMATE ELEFANTE 3;2409391;6.65;144745;0.0
PAPEL HIG PALOMA FD NEUTR;2409392;21.99;144904;0.0
PAPEL HIG PALOMA NEUTRO F;2409393;17.99;144904;0.0
AMACIANTE AMACITEL ENCANT;2409394;9.49;144845;0.0
PAPEL HIG PALOMA FD NEUTR;2409395;8.49;144904;0.0
RODO PLASTICO NOVICA VAI;2409396;22.9;144836;0.0
LIMPADOR CASA PERFUME PAS;2409397;8.99;144839;0.0
PAPEL HIG DUETTO FIT NEUT;2409398;33.9;144904;0.0
TORRADA MAGIC TOAST ORIG;2409399;6.79;144929;0.0
EXTRATO TOMATE ELEFANTE 1;2409400;4.75;144745;0.0
MARMITA TERMICA SOPRANO V;2409401;39.9;144190;0.0
CERVEJA BRAHMA LT 350ML;2409402;2.99;144646;0.0
BALA FREEGELLS MORANGO 58;2409404;9.95;144694;0.0
PRESUNTO PONTA;2409405;20.0;144457;0.0
SABAO BARRA VANISH WHITE;2409406;8.99;144848;0.0
SUKITA LARANJA 2L;2409407;6.99;144679;0.0
CASTANHA DE CAJU IRACEMA;2409408;7.99;144707;0.0
VEJA MULTI USO LAVANDA/AL;2409409;6.95;144839;0.0
BEB LACTEA VIGOR CHOCOLAT;2409410;3.45;149391;0.0
SHAMPOO SEDA CRESC SAUDAV;2409411;11.75;144870;0.0
DROPS FREEGELLS MENTA;2409412;1.5;144694;0.0
FERMENTO FRESCO;2409413;28.9;144320;0.0
ROCAMBOLE DE CARNE;2409414;39.9;1;0.0
TIRA MANCHAS VANISH PINK;2409416;24.9;144851;0.0
SHAMPOO SEDA LISO EXTREMO;2409417;11.75;144870;0.0
SHAMPOO SEDA PREBIOTICOS;2409418;11.75;144870;0.0
DROPS FREEGELLS CEREJA/CH;2409419;1.5;144694;0.0
CERVEJA SKOL 350ML;2409420;3.29;144646;0.0
DROPS FREEGELLS FRUTAS TR;2409421;1.5;144694;0.0
FILE SARDINHA G COSTA C/P;2409422;11.99;144767;0.0
COPO CERVEJA MUNICH 200ML;2409423;5.99;1;0.0
ALVEJANTE VANISH S/CLORO;2409424;12.99;144844;0.0
MASSA AREIA MAGICA 200G;2409425;15.99;1;0.0
BALA FREEGELLS MELAO RECH;2409426;9.95;144694;0.0
CERVEJA ANTARCTICA SUBZER;2409427;2.59;144646;0.0
SHAMPOO SEDA MEL ANTIQUEB;2409428;11.75;144870;0.0
SHAMPOO SEDA CACHOS DEFIN;2409429;11.75;144870;0.0
PAO CASEIRO;2409430;21.9;144198;0.0
DROPS FREEGELLS MELANCIA;2409431;1.5;144694;0.0
FAROFA DA CASA;2409432;47.9;157065;0.0
JOELHO DE PORCO;2409433;15.9;144499;0.0
VANISH RESOLV WHITE 500ML;2409434;21.9;1;0.0
SLIME ART KIDS KIMELEKA 1;2409435;9.9;1;0.0
TEMPERO KNOOR PO FEIJAO 5;2409436;5.99;149379;0.0
CONDIC SEDA OLEO HIDRATAC;2409437;13.99;144869;0.0
DROPS FREEGELLS MORANGO;2409438;1.5;144694;0.0
COPO BAR ROCKS 265ML;2409439;4.5;1;0.0
CEVEJA BRAHMA LATAO 550ML;2409440;5.89;144646;0.0
LING SUINA EDER;2409441;17.9;144296;0.0
TEMPERO KNORR PO ARROZ 50;2409442;5.99;1;0.0
CONDIC SEDA LISO EXTREMO;2409443;13.99;144869;0.0
PANETTONE BAUDUCCO 80G;2409444;6.99;144858;0.0
CERVEJA SKOL LATAO 550ML;2409445;5.89;144646;0.0
FITA ISOLANTE 3M 18MMX5M;2409446;4.5;1;0.0
SABAO PO BRILHANTE LIMPEZ;2409447;23.99;144846;0.0
ESPONJA LAVA LOUCAS SCOTC;2409448;2.79;144819;0.0
ALICATE P/CUTICULA MUNDIA;2409449;10.9;144924;0.0
SIFAO SANFONADO KIMARC;2409450;14.99;144514;0.0
COXAO MOLE;2409452;38.9;144297;0.0
CONDIC DOVE TEXTURAS REAI;2409453;29.9;144869;0.0
HAVAIANAS COLOR PTO 29/0;2409454;16.9;144492;0.0
WAFER LOOK MORANGO 55G;2409455;3.5;144691;0.0
BULE INVICTO VIENA PRETO;2409456;56.9;1;0.0
CR DENTAL SORRISO TRIPLA;2409457;3.99;144887;0.0
AP BARBEAR GILLETTE PREST;2409458;6.99;144898;0.0
ESPONJA BANHO PONJITA 3M;2409459;3.99;144923;0.0
BUCHA REDUCAO PLASTICO 3/;2409460;2.99;144514;0.0
HAVAIANAS TRADICIONAL PRE;2409461;19.99;144492;0.0
VEJA COZINHA DESENGORDURA;2409462;22.9;144821;0.0
MARGARINA CLAYBOM C/SAL 5;2409463;7.49;144465;0.0
COSTELINHA DE PORCO;2409464;32.9;144499;0.0
RUM MONTILLA CARTA BRANCA;2409465;39.9;1;0.0
DESOD AERO DOVE MEN INVIS;2409467;21.9;144876;0.0
ALICATE CUTICULA MUNDIAL;2409468;13.9;144924;0.0
HAVAIANAS TOP PRETO 35/6;2409469;31.9;144492;0.0
ACEM BOVINO;2409470;32.9;144297;0.0
GARRAFA TERMICA ALDDIN PT;2409471;55.9;144190;0.0
CORANTE XADREZ PRETO 50ML;2409472;7.49;144849;0.0
BARBEADOR METAL KIMARC;2409473;13.99;144514;0.0
HAVAIANAS TOP PRETO 33/4;2409474;31.9;144492;0.0
GARRAFA TERMICA ALADDIN P;2409475;52.9;144190;0.0
LIMP VEJA DESENGORDURANTE;2409476;31.99;144821;0.0
SHAMPOO DOVE TEXTURAS REA;2409477;15.49;144870;0.0
GEL DENTAL CLOSE UP RED H;2409478;5.99;144887;0.0
COCADA MORENA SABORES DO;2409479;2.99;1;0.0
CORTADOR DE UNHA GRANDE K;2409480;11.99;144514;0.0
ESPONJA ANTIADERENTE SCOT;2409481;5.49;144819;0.0
HAVAIANAS TOP PRETO 31/2;2409482;29.9;144492;0.0
INSET AERO DETEFON ACAO T;2409483;22.9;144837;0.0
FIGADO BOVINO KG;2409484;15.9;144297;0.0
HAVAIANAS TRADICIONAL AZU;2409485;19.99;144492;0.0
LINGUICA CHURRASCO REAL;2409486;24.99;144296;0.0
PAO DE FORMA BAUDUCCO 390;2409487;6.99;144320;0.0
DESOD BOM AR FLOR ALGODAO;2409488;17.99;144835;0.0
MIX TARTARO TIO CHICO 20G;2409489;3.45;1;0.0
ALVEJANTE PO VANISH OXI A;2409490;26.99;144844;0.0
INSET SBP ELETRICO PASTIL;2409491;8.99;1;0.0
CONDIC SEDA CERAMIDAS 325;2409492;13.99;144869;0.0
CREME PENTEAR SEDA GENGIB;2409493;10.99;144872;0.0
SUPER BARRA VANISH 75G;2409494;8.99;1;0.0
WAFER LOOK CHOCOLATE 55G;2409495;3.5;144691;0.0
LEITE FERM YAKULT 80G;2409496;1.4;144819;0.0
CONDIC SEDA FRUTAS VERMEL;2409497;13.99;144869;0.0
DROPS FREEGELLS EXTRA FOR;2409498;1.5;144694;0.0
ALCATRA;2409499;43.9;144297;0.0
PANETTONE BAUDUCCO 500G;2409500;23.99;144858;0.0
NISSIN ESPAGUETE 500G;2409501;8.99;144782;0.0
CHOCOTTONE BAUDUCCO 80G;2409502;6.99;144858;0.0
VEJA MULTI USO CAMPESTRE;2409503;6.95;144839;0.0
CHOCOLATE BATON AO LEITE;2409504;1.99;144699;0.0
BRILHANTE HIG TOTAL 1,6KG;2409505;23.99;144846;0.0
NISSIN LAMEN CREMOSO FRAN;2409506;3.25;144782;0.0
CATCHUP HELLMANNS 380G;2409507;13.99;144751;0.0
DROPS FREEGELLS AZEDINHO;2409508;1.5;144694;0.0
INSETIC SBP ELETRICO PAST;2409509;6.49;1;0.0
BATATA DOCE;2409510;3.49;144121;0.0
SARDINHA G COSTA OLEO 250;2409511;11.99;144767;0.0
QUEIJO FRESCO CORONATA;2409512;58.9;1;0.0
SBP ELETRICO 45NOITES LIQ;2409513;22.99;1;0.0
DROPS FREEGELLS MELAO;2409514;1.5;144694;0.0
BALA FREEGELLS EXTRA FORT;2409515;9.95;144694;0.0
DETERG PO BRILHANTE 800G;2409516;11.99;144846;0.0
BISC RECH BAUDUCCO MORANG;2409517;2.5;144687;0.0
BISC BAUDUCCO MAXI GOIABI;2409518;1.5;144687;0.0
CERVEJA ORIGINAL 350ML;2409519;4.99;144646;0.0
ALVEJ VANISH S/CLORO 500M;2409520;18.99;144844;0.0
AMACIANTE COMFORT CONC SE;2409521;12.95;144845;0.0
AMAC COMFORT CONC PURO CU;2409522;12.95;144845;0.0
ESPELHO COA FACIL N 12;2409523;7.99;1;0.0
VINHO BRANCO NIAGARA SECO;2409524;29.9;144673;0.0
COCO RALADO MAIS COCO 100;2409525;7.49;144864;0.0
GARRAFA TERMICA SIENA VER;2409526;52.9;144190;0.0
BISC MARILAN MAIZENA FARI;2409527;7.49;144684;0.0
BISC MARILAN TORTINHAS MA;2409528;9.9;144689;0.0
KIT PIA MARMORIZADO CINZA;2409529;18.9;1;0.0
POMADA MODELADORA SHOXX I;2409530;18.9;145727;0.0
GARRAFA TERMMICA UNITERMI;2409531;58.9;144190;0.0
PIMENTA DO REINO TIO CHIC;2409532;2.75;1;0.0
LINGUICA PERNIL APIMENTAD;2409533;27.9;144296;0.0
CEREAL KELLOGGS CORN FLAK;2409534;11.49;144729;0.0
CEREAL KELLOGGS FROOT LOO;2409535;21.49;144729;0.0
COCO RALADO SOCOCO 100G;2409536;8.99;144864;0.0
PIZZA SEMI PRONTA L BELLA;2409537;27.9;144318;0.0
BISC CHAMPAGNE PORTO ALEG;2409538;7.99;144684;0.0
PIZZA SEMI PRONTA L BELLA;2409539;22.9;144318;0.0
TORRADA MAGIC TOAST PEITO;2409540;6.79;144929;0.0
PIZZA SEMI PRONTA L BELLA;2409541;22.9;144318;0.0
BOLO TOCA DO BOLO MILHO C;2409542;28.9;144320;0.0
VINHO TINTO MARQUES MENDO;2409543;31.9;144673;0.0
PIZZA SEMI PRONTA L BELLA;2409544;21.9;144318;0.0
QUEIJO PRATO PRESIDENT FA;2409545;11.99;144472;0.0
MULTI USO REPELENTE FORTE;2409546;8.99;1;0.0
BISCOITOS CASEIROS VOVO T;2409547;7.99;1;0.0
CERVEJA PURO MALTE TRIEST;2409548;3.5;144647;0.0
LINGUICA NO ESPETO RECHEA;2409549;18.9;144453;0.0
BISC MARILAN TORTINHAS LI;2409550;9.9;144689;0.0
CEREAL KELLOGGS SUCRILHOS;2409551;14.99;144729;0.0
BISC RECH PARATI SPECIALE;2409552;6.5;144687;0.0
GARRAFA TERMICA UNITERMI;2409553;52.9;144190;0.0
FOLHA ALUMINIO LIFE CLEAN;2409554;8.99;144505;0.0
FAROFA MANDIOCA CASEIRINH;2409555;11.9;144772;0.0
BOLO TOCA DO BOLO LARANJA;2409556;28.9;144320;0.0
LINGUICA PRENSADA APIMENT;2409557;28.9;144296;0.0
ESPREMEDOR DE LARANJA MK;2409558;15.99;144166;0.0
ALCOOL ETILICO SANDEMIX 9;2409559;10.9;1;0.0
PIZZA SEMI PRONTA L BELLA;2409560;22.9;144318;0.0
GORDURA DO COMPADRE 900G;2409561;28.9;1;0.0
COCO SOCOCO SWEET FLOCOS;2409562;10.9;144864;0.0
KIT CARNES CESTA BASICA;2409563;70.0;144527;0.0
CEREAL KELLOGGS SUCRILHOS;2409564;10.49;144729;0.0
GARRAFA TERMICA UNITERM F;2409565;57.9;144190;0.0
MARTELO CB MADEIRA PHAEL;2409566;4.95;1;0.0
KIT PIA MARMORIZADO CARRA;2409567;18.9;1;0.0
PANETTONE PARATI TRADIC 4;2409568;24.99;144858;0.0
BISC MARILAN AMANTEIGADO;2409569;8.49;144684;0.0
GARRAFA TERMICA FLORENCA;2409570;57.9;144190;0.0
POMADA MODELADORA SHOXX P;2409571;18.9;145727;0.0
GARRAFA TERMICA INFANTIL;2409572;32.9;144190;0.0
AZEITONA MALAGUENA PRETA;2409573;8.69;144801;0.0
VINHO CABERNET SAUVIGNON;2409574;59.9;144673;0.0
VINHO MESA MARQUES MENDON;2409575;24.9;144673;0.0
TORRADA MAGIC TOAST INTEG;2409576;6.79;144929;0.0
TEMPERO PARA FEIJAO TIO C;2409577;5.49;149379;0.0
LINGUICA PERNIL TRADIC DO;2409578;27.9;144296;0.0
FILME DE PVC LIFE CLEAN 2;2409579;6.5;144510;0.0
PIMENTA ROSA TIO CHICO 30;2409580;8.45;1;0.0
ACAFRAO TIO CHICO 25G;2409581;3.59;144770;0.0
PIZZA SEMI PRONTA L BELLA;2409582;27.9;144318;0.0
CONDIC DOVE REGENERACAO E;2409583;18.99;144869;0.0
CONCHA PLASUTIL;2409584;7.99;1;0.0
COPO DESC ECONOPOT BRANCO;2409585;2.99;144510;0.0
JARRA TERMICA UNITERMI AZ;2409586;44.99;1;0.0
ESCOVA DENTAL LIMPIUS KID;2409587;4.99;144889;0.0
UVA THOMPSON ISIS SPECIAL;2409588;7.99;1;0.0
PENEIRA INOX ORIGINAL 16C;2409589;15.99;144192;0.0
CESTA P/PRENDEDOR PLASUTI;2409590;8.99;144356;0.0
LIXEIRA ECO BLACK C/PEDAL;2409591;45.99;144341;0.0
SALEIRO CLIC PLASUTIL 90M;2409592;3.99;1;0.0
DELIRIO MAD SABOR LIMAO 4;2409593;7.5;1;0.0
PINCEL DE BARBEAR SQ;2409594;8.99;144903;0.0
PRATO FUNDO FESTA FACIL 1;2409595;4.99;1;0.0
ESCUMADEIRA PLASUTIL;2409596;7.99;1;0.0
SQ DENTAL MACIA 38;2409597;3.99;144889;0.0
CONDIC SUAVE DETOX REFRES;2409598;13.49;144869;0.0
ESCOVA DENTAL LIMPIUS MAX;2409599;5.99;144889;0.0
PENEIRA INOX ORIGINAL 8CM;2409600;11.99;144192;0.0
LINGUICA DE FRANGO FINA C;2409601;15.9;144296;0.0
ESCOVA DENTAL FRESCOR MOR;2409602;5.99;144889;0.0
SHAMPOO SUAVE OLEO DE COC;2409603;10.99;144870;0.0
NUTRINHO MARACUJA 25G;2409604;0.6;1;0.0
GEL DENTAL CLOSE UP EUCAL;2409605;6.49;144887;0.0
LING SUINA SEARA;2409606;21.9;144296;0.0
CHA LEAO ICE LIMAO 1,5L;2409607;5.79;144730;0.0
CORANTE XADREZ VERMELHO 5;2409608;7.49;144849;0.0
ALHO GRANULADO KITANO 60G;2409609;6.75;144770;0.0
LIMPADOR VEJA MULTI USO L;2409610;6.95;144839;0.0
FIGADO DE FRANGO KG;2409611;6.99;144309;0.0
OLEO SINHA GIRASSOL 900ML;2409612;11.99;144777;0.0
SABAO PO BRILHANTE LIMPEZ;2409613;5.67;144846;0.0
LINGUICA PERNIL FRIMESA;2409614;25.9;144296;0.0
MOCOTO;2409615;16.99;144297;0.0
CR P/PENTEAR DOVE TEXT RE;2409616;18.9;144872;0.0
LUSTRA MOVEIS POLIFLOR LA;2409617;10.99;144840;0.0
CHA LEAO CAMOMILA/MARACUJ;2409618;5.99;144730;0.0
IPANEMA CARTAGO ATLANTA D;2409619;39.9;144493;0.0
PE DE FRANGO;2409620;9.9;144309;0.0
UNIAO SIMPLES P/MANGUEIRA;2409621;9.99;144514;0.0
BISC BAUDUCCO CHOCO BISCU;2409622;2.99;1;0.0
ESCOVA DENTAL SORRISO TP;2409623;15.99;144889;0.0
GEL LIQUIFRESH CLOSE UP I;2409625;8.99;144887;0.0
COXAO DURO;2409626;36.9;144297;0.0
CR DENTAL SORRISO DT BRAN;2409627;7.99;144887;0.0
HAVAIANAS TOP PRETO 29/0;2409628;29.9;144492;0.0
XICARA CAFE WHEATON S/PIR;2409629;2.99;1;0.0
MULTI USO UAU ROSAS E SED;2409630;5.99;144839;0.0
ALICATE P/CUTICULA MUNDIA;2409631;24.99;144924;0.0
SABAO PO BRILHANTE LIMPEZ;2409632;23.9;144846;0.0
HAVAIANAS TOP PRETO 39/0;2409633;31.9;144492;0.0
CORANTE XADREZ OCRE 50ML;2409634;7.49;144849;0.0
CURRY KITANO 50G;2409635;6.35;1;0.0
INSET SBP AERO MULT 450ML;2409636;19.9;144837;0.0
INSETIC AERO SBP MULTI EU;2409637;19.9;144837;0.0
CREME DE CEBOLA SINHA 62G;2409638;4.5;1;0.0
GARRAFA TERMICA ALADDIN P;2409639;53.9;144190;0.0
PAO DE FORMA BAUDUCCO TRA;2409640;6.99;144320;0.0
PEITO DE FRANGO;2409641;15.99;144309;0.0
CHA LEAO ICE TEA LIMAO 30;2409642;2.35;144640;0.0
XICARA CHA WHEATON S/PIRE;2409644;5.99;1;0.0
CHA LEAO FUZE ICE TEA PES;2409645;5.99;144730;0.0
PALETA BOVINA;2409646;32.9;144297;0.0
BISTECA SUINA;2409647;22.9;144499;0.0
ESPUMADEIRA P/FRITURA ARA;2409648;20.9;1;0.0
COPO TERMICO STANLEY S/TA;2409649;175.0;1;0.0
BOLO GOURMET BEM BOLADO L;2409650;19.99;144320;0.0
CAPPUCCINO TERRA DA SAUDA;2409651;16.9;144728;0.0
BISCOITO MILHO RUSCHEL 40;2409652;11.45;144684;0.0
CADERNETA PAUTA BRANCA 1/;2409653;2.99;144504;0.0
SACA ROLHAS BORGONHA;2409654;15.99;1;0.0
PAO DE ALHO MANA PICANTE;2409656;10.9;144318;0.0
ESCOVA DENTAL INOVA COMFO;2409657;8.99;144889;0.0
COADOR PANO CAFE MATAO G;2409658;6.99;1;0.0
FAROFA TEMPERADA PRECIOSA;2409659;4.95;144772;0.0
BATEDOR OVOS FUE INOX ORI;2409660;19.9;144192;0.0
SHAMPOO SUAVE BABOSA/PEPI;2409661;10.99;144870;0.0
CUCA DE MEL RUSCHEL 350G;2409662;11.95;144684;0.0
BATATA ELMA CHIPS STAX OR;2409663;17.99;144855;0.0
HASTES FLEXIVEIS ISABABY;2409664;8.49;1;0.0
COLHER DE SORVETE INOX CO;2409665;12.9;144192;0.0
COADOR PANO CAFE MATAO M;2409666;5.99;1;0.0
COPO DESC ECONOPOT 200ML;2409667;7.49;144510;0.0
TEMPERO SAZON ARROZ 60G;2409668;6.99;149379;0.0
POMADA P/MASSAGEM FASHION;2409669;14.99;1;0.0
ESCOVA SANITARIA C/BASE O;2409670;9.9;144836;0.0
ESCOVA DENTAL FRESCOR TIM;2409671;6.99;144889;0.0
MARMITA TERMICA RET PRETA;2409672;39.9;144190;0.0
DEFRIZANTE SALON LINE MEU;2409673;14.9;1;0.0
HAMBURGER PERDIGAO 56G;2409674;2.25;144174;0.0
TEMPERO KNORR MEU ASSADO;2409675;5.99;149379;0.0
ENERGETICO ICE FOX TROPIC;2409676;9.99;144659;0.0
ESPATULA RETA ORIGINAL PR;2409677;23.9;1;0.0
CONDIC DOVE RECONST COMPL;2409678;18.99;144869;0.0
FACA INOX ORIGINAL WOOD 5;2409679;14.9;144192;0.0
AMASSADOR DE BATATA INOX;2409680;19.99;144192;0.0
ESCOVA DENTAL FRESCOR T M;2409681;5.99;144889;0.0
COPOS DESCARTAVEIS ECONOP;2409682;6.49;144510;0.0
GELADINHO KE DELICIA 55ML;2409683;0.75;1;0.0
PEGADOR DE FRIOS INOX ORI;2409684;8.99;144192;0.0
REQUEIJAO CREMOSO DEALE 1;2409686;7.99;144478;0.0
SABONETE BARRA BARBATIMAO;2409687;6.99;144920;0.0
CAFE FAZENDA MINEIRA 500G;2409688;14.99;144728;0.0
SABAO EM PO BRILHANTE LIM;2409690;18.49;144846;0.0
RODO MULTIFUNCIONAL PAARA;2409691;32.9;144836;0.0
PAO CASEIRO MADALENA INTE;2409692;7.95;144320;0.0
SABAO EM PO SURF LIMAO/BI;2409693;9.9;144846;0.0
HAVAIANAS TRADICIONAL AZU;2409694;19.99;144492;0.0
LIMPADOR VEJA MULTI USO F;2409695;6.95;144839;0.0
PAO DE MEL BAUDUCCO CHOC;2409696;11.49;1;0.0
PANCETA SUINA;2409697;31.9;144499;0.0
CAPS 3/4 C/2 KIMARC;2409698;7.49;144514;0.0
DESOD AERO BOM AR JARDIM;2409699;17.9;144835;0.0
CHOCOTTONE BAUDUCCO M M 8;2409700;12.99;144858;0.0
HAVAIANAS TOP VERM RUBI 3;2409701;28.9;144492;0.0
CREME DENTAL SORRISO DENT;2409702;5.99;144887;0.0
CUSCUZ SINHA 500G;2409703;2.99;144772;0.0
SABAO PO BRILHANTE DELICA;2409704;23.9;144846;0.0
FITA CREPE 3M 18MMX50M;2409705;5.99;1;0.0
INSETIC AERO SBP MULTI CI;2409706;19.9;144837;0.0
CAFE SOLUVEL PELE REFIL 5;2409707;5.79;144728;0.0
AZEITONA PRETA;2409708;49.9;144317;0.0
ABOBRINHA;2409709;5.99;144121;0.0
RABADA DE BOI;2409710;35.9;144297;0.0
TILAPIA EVISC;2409711;26.9;144182;0.0
ORELHA SUINA;2409712;24.99;144499;0.0
CESTAS MILLAS;2409713;100.0;144527;0.0
PERNIL SUINO S/OSSO;2409714;18.99;144499;0.0
PAO DE QUEIJO KG;2409715;32.9;144198;0.0
LING CASEIRA FININHA;2409716;22.99;144425;0.0
SOBRECOXA TEMPERADA;2409717;15.99;144309;0.0
FILE DE COXA RECHEADA;2409718;19.9;1;0.0
BOLACHINHA UGA UGA;2409719;34.9;1;0.0
FILE DE FRANGO MARINADO;2409720;26.9;144309;0.0
CARNE MOIDA;2409721;32.9;144297;0.0
ABOBORA CABOTIA;2409722;2.99;144121;0.0
QUEIJO MINAS CANASTRA;2409723;65.9;144469;0.0
CANJICA;2409724;29.9;1;0.0
QUEIJO COALHO MATILAT;2409725;75.99;152427;0.0
QUEIJO COALHO CORONATA;2409726;67.99;144476;0.0
BOLO PUDIM;2409727;29.9;144199;0.0
RIM BOVINO;2409728;19.9;144297;0.0
RICOTA FRESCA COQUEIROS;2409729;23.9;1;0.0
TORTA PAULISTA;2409730;34.99;144199;0.0
BERINJELA;2409731;7.99;144121;0.0
INHAME;2409732;10.99;144121;0.0
LAGARTO RECHEADO;2409733;39.99;144426;0.0
BOLO RED VELVET;2409734;20.9;144199;0.0
CAPA DE FILE;2409735;34.9;144297;0.0
UVA PASSA PRETA KG;2409736;39.9;144317;0.0
PELE SUINA SALGADA;2409737;18.9;144499;0.0
FARINHA DE MANDIOCA TRADI;2409738;1.0;1;0.0
MORANGUINHO  250G;2409739;9.99;144120;0.0
HAMBURGUER COSTELA;2409740;32.9;144174;0.0
MUCARELA PEDACO;2409741;55.9;144470;0.0
FILE DE COXA;2409742;15.99;1;0.0
BIFE EMPANADO;2409743;39.9;144426;0.0
REPOLHO ROXO KG;2409744;3.99;144121;0.0
BELISCAO GOIABADA;2409745;43.9;1;0.0
LING CABO DE REIO;2409746;28.9;144425;0.0
PAO CASEIRINHO;2409747;24.99;144198;0.0
CHUCHU PICADO;2409748;6.99;1;0.0
COCO SECO;2409749;11.9;144120;0.0
QUEIJO FRESCO CORONATA BA;2409750;59.9;1;0.0
BOLO DE BANANA;2409751;39.99;144199;0.0
AZEITONA VERDE FATIADA;2409752;46.99;144317;0.0
QUIABO;2409753;11.99;144121;0.0
MOUSSE MARACUJA;2409754;42.9;144199;0.0
COSTELA BOV TEMP;2409755;29.9;144297;0.0
TENDER SUINO SEARA;2409756;61.99;144499;0.0
PERA WILLIANS;2409757;12.99;144120;0.0
CONTRA FILE GRILL KG;2409758;69.9;144297;0.0
LING CALABRESA DEF AURORA;2409759;31.9;144447;0.0
TORTA ALPINO;2409760;79.9;144199;0.0
LING PAIO FRIMESA;2409761;53.9;144449;0.0
MARACUJA KG;2409762;13.99;144120;0.0
CONDIC SUAVE JASMIM 325ML;2409763;13.49;144869;0.0
CONDIC SALON LINE MEU LIS;2409764;19.9;144869;0.0
ESCOVA DENTAL FRESCOR MOR;2409765;6.99;144889;0.0
RALADOR INOX STARHOUSE 4F;2409766;19.9;144192;0.0
AZEITE DE OLIVA FELICITA;2409767;14.9;144775;0.0
VELA P/FILTRO CRISTALINA;2409768;10.99;1;0.0
JARRA ACRILICO PARAMOUNT;2409769;32.9;1;0.0
TRITURADOR DE ALHO STARHO;2409770;12.9;1;0.0
SHAMPOO SALON LINE MEU LI;2409771;16.99;144870;0.0
ESPONJNOX ESPONJA DE ACO;2409772;3.99;144819;0.0
CAFE DOS INGLESES 500G;2409773;23.9;144728;0.0
GELADINHO KE DELICIA KAXU;2409774;13.99;1;0.0
SAB LIQ SAFRA ERVA DOCE 5;2409775;13.9;144919;0.0
COADOR CAFE PANO GRANDE J;2409776;5.49;144394;0.0
JARRA TERMICA UNITERMI CA;2409777;44.9;1;0.0
SABONETE GENIAL ENXOFRE 9;2409778;6.99;144920;0.0
ENERGETICO ICE FOX MACA V;2409779;9.99;144659;0.0
SUCO DE UVA TINTO INTEG A;2409780;29.9;144668;0.0
DELIRIO FURIOSO SABOR FUR;2409781;7.5;1;0.0
SAB LIQ SAFRA FRUTAS VERM;2409782;13.9;144919;0.0
ESPATULA NYLON PLASUTIL;2409783;8.99;1;0.0
PAO DE ALHO MANA CALABRES;2409784;10.9;144318;0.0
CONDIC SALON LINE JABORAN;2409785;19.9;144869;0.0
VINHO TINTO SANGUE BOI SU;2409786;15.9;144673;0.0
PENEIRA INOX ORIGINAL 12C;2409787;12.99;144192;0.0
ESCOVA DENTAL INOVA DRAGO;2409788;5.99;144889;0.0
POTE HERMETICO QUAD PARAM;2409789;24.9;1;0.0
COLHER PLASUTIL;2409790;7.99;1;0.0
POTE HERMETICO RET PARAMO;2409791;20.9;1;0.0
BISCOITO AMANTEIGADO RUSC;2409792;11.95;144684;0.0
SHAMPOO SALON LINE MEU LI;2409793;16.99;144870;0.0
PIRULITO DIPLOKO CABECA A;2409794;3.5;144694;0.0
UVAS VERDE ITALIA SPECIAL;2409795;9.9;1;0.0
NECTAR KMAIS 1,8L LARANJA;2409796;22.9;144348;0.0
LEITE BONOLAT INTEGRAL 1L;2409797;5.99;144632;0.0
SABAO PO BRILHANTE HIGIEN;2409798;20.9;144846;0.0
JARRA TERMICA UNITERMI CA;2409799;44.9;1;0.0
MELANCIA;2409800;4.99;144120;0.0
TOMATE;2409801;11.99;144121;0.0
MANDIOCA;2409802;6.99;1;0.0
SALSICHA COM PELE;2409803;14.9;144462;0.0
EMBALAGEM DE CESTAS;2409804;6.99;1;0.0
PERNIL DESOSSADO TEMPERAD;2409805;19.99;1;0.0
ROCAMBOLE SABORES;2409807;49.99;1;0.0
PUDIM DE FARINHA;2409808;25.99;1;0.0
LING CALABRESA;2409809;16.9;144447;0.0
ALMONDEGAS MILLAS;2409810;39.9;144426;0.0
LING PERNIL FININHA REAL;2409811;37.9;144296;0.0
CAROLINA RECHEADA;2409812;65.9;144199;0.0
CESTA PRATIKA PDV;2409813;479.0;144527;0.0
DOCE NO COPO;2409814;12.0;1;0.0
CESTA OURO PDV;2409815;575.0;144527;0.0
ALHO A GRANEL;2409816;46.9;144427;0.0
BIFE A ROLE;2409817;39.99;1;0.0
ARROZ DOCE;2409818;47.9;1;0.0
SALSICHA APERITIVO;2409819;15.9;144462;0.0
CEBOLA;2409820;3.99;144121;0.0
QUEIJO MEIA CURA;2409821;34.9;1;0.0
TORRADINHAS MILLAS;2409822;19.9;144198;0.0
BETERRABA;2409823;4.45;144121;0.0
CESTA ZAFFIRA PDV;2409824;699.0;144527;0.0
PAO MINI LEITE;2409825;15.9;1;0.0
QUEIJO GOUDA PROMISSAO;2409826;42.9;1;0.0
BACON REAL;2409827;59.99;144442;0.0
LOMBO SUINO TEMP SADIA;2409828;29.99;144499;0.0
CUPIM;2409829;31.99;1;0.0
DONUT S;2409830;6.99;1;0.0
PATE DE ALHO;2409831;29.9;1;0.0
PUDIM LEITE CONDENSADO;2409832;45.9;1;0.0
SONHO KG;2409833;25.99;144198;0.0
LIMAO KG;2409834;3.99;144120;0.0
CESTA SUPER OFERTA;2409835;260.0;144527;0.0
LING REAL PERNIL ALHO KG;2409836;36.99;144296;0.0
BOL ROSQUINHA GRANULADO;2409838;32.99;1;0.0
AMEIXA SECA S/CAROCO GRAN;2409839;49.9;144317;0.0
KAFTA BOVINA;2409840;3.99;144426;0.0
LING DE VACA;2409841;13.99;144447;0.0
LEGUMES;2409842;9.9;1;0.0
MUCARELA;2409843;59.9;144470;0.0
LARANJA PERA;2409844;6.75;144120;0.0
MINI CHICKEN KG;2409845;25.9;144437;0.0
BOLO SALGADO FRANGO;2409846;45.9;144199;0.0
BOLACHINHA DE NATA;2409848;34.9;1;0.0
ESMALTE RISQUE DOCE ORGUL;2409849;6.49;144924;0.0
COSTELA BOVINA;2409850;25.9;144297;0.0
WAFER VISCONTI CHOCOLATE;2409851;3.75;144691;0.0
ESMALTE RISQUE NUDE 8ML;2409852;6.49;144924;0.0
ELMA CHIPS CHEETOS TUBO C;2409853;2.99;144855;0.0
ELMA CHIPS DORITOS PIZZA;2409854;4.99;144855;0.0
ELMA CHIPS RUFFLES ORIGIN;2409855;3.99;144855;0.0
GATORADE LIMAO 500ML;2409856;8.5;144660;0.0
SALGADINHO TORCIDA VINAGR;2409857;2.99;144855;0.0
REFRIG H2OH LIMONETO 1,5L;2409858;9.49;144677;0.0
ELMA CHIPS LAYS SOUR CREA;2409859;4.99;144855;0.0
ELMA CHIPS RUFFLES CHEESE;2409860;3.99;144855;0.0
SALGADINHO TORCIDA PIMENT;2409861;1.99;144855;0.0
ELMA CHIPS RUFFLES ORIGIN;2409862;3.99;144855;0.0
HAVAIANAS TOP ROSA BALLET;2409863;31.9;144492;0.0
MINI CANECA CERAMICA COFF;2409864;10.9;1;0.0
MARGARINA QUALY C/SAL 250;2409865;6.49;144465;0.0
SALGADINHO TORCIDA CHURRA;2409867;2.99;144855;0.0
BATATA PALHA ELMA CHIPS E;2409868;8.49;144857;0.0
GATORADE MARACUJA 500ML;2409869;5.99;144660;0.0
SALGADINHO TORCIDA CEBOLA;2409871;1.99;144855;0.0
CHEETOS ONDA REQUEIJAO 75;2409872;6.99;144855;0.0
DESOD AERO ABOVE MEN SPOR;2409873;9.9;144876;0.0
MEIO DAS ASAS SADIA 1KG;2409874;29.9;144309;0.0
RUFFLES OUTBACK RIBS COST;2409875;9.99;144855;0.0
SALGADINHO TORCIDA PIMENT;2409876;2.99;144855;0.0
ELMA CHIPS RUFFLES CHURRA;2409877;3.99;144855;0.0
CEBOLITOS ELMA CHIPS 33G;2409878;2.99;144855;0.0
FILE DE PEITO SADIA 1KG;2409879;26.99;1;0.0
GATORADE TANGERINA 500ML;2409880;8.5;144660;0.0
PINGO D OURO ELMA CHIPS P;2409881;7.49;144855;0.0
ELMA CHIPS RUFFLES CEBOLA;2409882;3.99;144855;0.0
ELMA CHIPS CHEETOS ONDA R;2409883;8.99;144855;0.0
GATORADE FRUTAS CITRICAS;2409884;8.5;144660;0.0
COXINHAS ASAS SADIA DRUME;2409885;19.9;144309;0.0
ELMA CHIPS CEBOLITOS 91G;2409886;9.99;144855;0.0
BACONZITOS ELMA CHIPS 31G;2409887;2.99;144855;0.0
DESOD AERO ABOVE COUNTRY;2409888;9.9;144876;0.0
POTE ROSCA DEC ACUCAR PLA;2409889;16.99;1;0.0
HAVAIANAS TOP ROSA FLUX 3;2409890;31.9;144492;0.0
HAVAIANAS SLIM RETRO RS C;2409891;33.9;144492;0.0
DESOD AERO ABOVE FRESH 15;2409892;10.99;144876;0.0
PIZZA SADIA CALABRESA 460;2409893;21.9;1;0.0
SALGADINHO TORCIDA BACON;2409894;2.99;144855;0.0
BEB SMIRNOFF ICE ORIGINAL;2409895;10.99;144808;0.0
BISC RECH HIPOPO MORANGO;2409896;2.45;144687;0.0
DESOD AERO ABOVE FIERCE S;2409897;10.99;144876;0.0
QUEROSENE JACARE 900ML;2409898;22.9;144841;0.0
DESOD AERO ABOVE CANYON 1;2409899;9.9;144876;0.0
SUCO POTY FRUIT CAJU 200M;2409900;1.99;1;0.0
POTY MACA 2L;2409901;6.99;144679;0.0
CATUABA TOURO DO NORTE 90;2409902;10.99;1;0.0
COB P/SORVETE PREDILECTA;2409903;8.99;144739;0.0
QUEIJO DE COALHO FRIMESA;2409904;11.9;152427;0.0
ACHOC EM PO PREDILECTA SC;2409905;2.45;144727;0.0
BANHA VEGETAL FRIMESA 1KG;2409906;18.9;144463;0.0
REFRIG POTY GUARANA 200ML;2409907;1.99;144676;0.0
BISC PAO DE MEL QUERO QUE;2409908;7.49;144684;0.0
MACARRAO DA MAMMA PARAFUS;2409909;3.35;1;0.0
HAMBURGUER FRIMESA SUINO;2409910;1.75;144174;0.0
BANHA FRIMESA POTE 450G;2409911;8.49;144463;0.0
FIXADOR KARINA FIX EXTRA;2409912;26.99;144868;0.0
CARAMELOS EMBARE LEITE CO;2409913;16.99;144694;0.0
REFRESCO PO POTY MARACUJA;2409914;1.15;144930;0.0
CREME KANECHOM POWER CACH;2409915;8.99;1;0.0
ACHOC PO PREDILECTA SC 70;2409916;10.99;144727;0.0
OLEO PET VILA VELHA 900ML;2409917;3.99;144633;0.0
CREME KANECHON ARRASA LIS;2409918;9.9;144871;0.0
AGUARD  VILA VELHA 600ML;2409919;6.49;144651;0.0
CANINHA CARVALHO VILLA VE;2409920;16.99;144651;0.0
COQUETEL ALC DO BARRIL LI;2409921;4.99;1;0.0
BISC RECH HIPOPO CHOCOLAT;2409922;2.45;144687;0.0
AZEITONAS VERDES MALAGUEN;2409923;5.49;144801;0.0
REFRIG POTY GUARANA 3L;2409924;12.49;144679;0.0
LEITE EM PO FRIMESA INT I;2409925;20.9;144724;0.0
ALHO TRITURADO BARRETO 40;2409926;10.99;144794;0.0
KETCHUP PREDILECTA TRADIC;2409927;6.99;144751;0.0
CREME KANECHOM MANT KARIT;2409928;9.9;144871;0.0
BALA CHITA SORTIDA 500G;2409929;10.99;144694;0.0
PALMITO PUPUNHA PREDILECT;2409930;18.99;144805;0.0
AGUA COLONIA BABY MURIEL;2409931;14.9;144910;0.0
IOGURTE NATURAL INTEGRAL;2409932;2.69;1;0.0
POTY CITRUS 2L;2409933;7.49;144679;0.0
GELATINA ROYAL S/SABOR 24;2409934;10.99;144734;0.0
CARAMELOS EMBARE GOIABADA;2409935;16.99;144694;0.0
AMENDOIM ELMA CHIPS S/PEL;2409936;8.49;144856;0.0
QUEIJO DUETTO DOURADO;2409937;71.9;1;0.0
HAVAIANAS BABY MICKEY AZU;2409938;32.9;144492;0.0
ELMA CHIPS DORITOS SWEET;2409939;4.99;144855;0.0
REFRIG PEPSI COLA 1L;2409940;3.75;144677;0.0
DES AERO ABOVE WOMEN SPOR;2409941;10.99;144876;0.0
REFRIG H2OH LIMAO 500ML;2409942;4.99;144676;0.0
ELMA CHIPS FANDANGOS PRES;2409943;8.99;144855;0.0
SALGADINHO TORCIDA VINAGR;2409944;1.99;144855;0.0
ELMA CHIPS LANCHINHO SORT;2409945;12.99;144855;0.0
BATATA RUFFLES ORIGINAL 1;2409946;14.99;144855;0.0
BATATA RUFFLES SOUR CREAM;2409947;11.99;144855;0.0
HAVAIANAS TOP ROSA FLUX 2;2409948;29.9;144492;0.0
DORITOS ELMA CHIPS SWEET;2409949;4.99;144855;0.0
ELMA CHIPS CHEETOS LUA PA;2409950;3.49;144855;0.0
SALG RUFFLES 115G ORIG;2409951;14.99;144855;0.0
ELMA CHIPS CHEETOS ONDA R;2409952;2.99;144855;0.0
SALGADINHO TORCIDA PAO DE;2409953;1.99;144855;0.0
BATATA RUFFLES CEBOLA E S;2409954;9.99;144855;0.0
HAVAIANAS TOP ROSA FLUX 2;2409955;29.9;144492;0.0
DESOD AERO ABOVE TEEN BE;2409956;9.9;144876;0.0
RUFFLES OUTBACK RIBS COST;2409957;3.99;1;0.0
HAVAIANAS TOP ROSA BALLET;2409958;28.9;144492;0.0
SOBRECOXAS FRANGO SADIA 1;2409959;13.99;1;0.0
DORITOS ELMA CHIPS 84G;2409960;9.99;144855;0.0
BATATA LAYS SENSACOES FRA;2409961;5.99;144855;0.0
ODORIZANTE AMBIENTE PURO;2409962;14.99;1;0.0
ELMA CHIPS CHEETOS CRUNCH;2409963;3.49;144855;0.0
HAVAIANAS TOP CINZA ACO 4;2409964;28.9;144492;0.0
HAVAIANAS SWEET SUMMER BG;2409965;28.9;144492;0.0
GATORADE MORANGO/MARACUJA;2409966;8.5;144660;0.0
ELMA CHIPS FANDANGOS QUEI;2409967;2.99;144855;0.0
HAVAIANAS TOP FASHION ROS;2409968;31.9;144492;0.0
SALEIRO PLASUTIL ORQUIDEA;2409969;12.9;1;0.0
ELMA CHIPS DORITOS 140G;2409970;14.99;144855;0.0
ELMA CHIPS FANDANGOS PRES;2409971;9.99;144855;0.0
HAVAIANAS TOP ROSA FLUX 2;2409972;28.9;144492;0.0
ELMA CHIPS LAYS SOUR CREA;2409973;9.99;144855;0.0
POTE ROSCA PLASUTIL CAFE;2409974;16.99;1;0.0
ELMA CHIPS DORITOS DIPPAS;2409975;12.99;144855;0.0
ELMA CHIPS BACONZITOS 86G;2409976;9.99;144855;0.0
SALGADINHO ELMA CHIPS FAN;2409977;2.5;144855;0.0
OLEO AMENDOAS PAIXAO TENT;2409978;22.99;1;0.0
GEL FIXADOR NY LOOKS FIX;2409979;10.99;145727;0.0
EXTENSAO TRIPLA FIO 2X0,7;2409980;34.9;144514;0.0
COCA COLA S/ACUCAR 250ML;2409981;2.39;144675;0.0
LING AURORA TOSCANA;2409982;21.9;144296;0.0
CREME NEUTROX 1 CLASSICO;2409983;19.99;144869;0.0
GEL FIXADOR BOZZANO FORTE;2409984;14.9;145727;0.0
HIDRATANTE PAIXAO TENTADO;2409985;10.9;144913;0.0
ESPETINHO CARNE;2409986;39.9;1;0.0
MAIONESE VIGOR BISNAGA 1K;2409987;14.99;144752;0.0
EXTENSAO TRIPLA PP 3X0,75;2409988;49.9;144514;0.0
RESISTENCIA TP LORENZETTI;2409989;8.99;144514;0.0
COXINHA DA ASA S/TEMPERO;2409990;17.49;144309;0.0
TIC TAC MORANGO 16G;2409991;2.99;1;0.0
SETE BOVINO;2409992;42.9;144297;0.0
PRATO PLAST COPOBRAS REF;2409993;1.99;1;0.0
LING AURORA CHURRASCO;2409994;22.9;144296;0.0
SABONETE FRANCIS SUAVE GA;2409995;2.75;144920;0.0
FEMEA 2P 10A 250V KIMARC;2409996;6.99;144514;0.0
LING CASEIRA;2409997;18.99;144425;0.0
VELA QLZ BRANCA N 6 216G;2409998;12.9;144513;0.0
MAMINHA;2409999;53.99;144297;0.0
LASANHA PERDIGAO TIPO CAL;2410000;15.99;144437;0.0
CORANTE GUARANY AZUL 40G;2410001;3.99;144849;0.0
CAFE PILAO SOLUVEL CAFETE;2410002;7.99;144728;0.0
LINGUICA TOSCANA FRIMESA;2410003;20.99;144296;0.0
BAND SPUMA PAC B67 FUNDA;2410004;1.36;1;0.0
SABONETE FRANCIS SUAVE CA;2410005;2.95;144920;0.0
PES SALGADO SUINO;2410006;13.99;144499;0.0
COSTELA FATIADA;2410007;26.9;144297;0.0
SABONETE FRANCIS SUAVE LA;2410008;2.75;144920;0.0
PLUG ADAPTADOR UNIVERSAL;2410009;15.99;144514;0.0
MIOLO DE ALCATRA;2410010;55.9;144297;0.0
TIRINHAS DE FRANGO PERDIG;2410011;29.9;144309;0.0
PINO TRIANGULO ROBUSTO KI;2410012;12.99;144514;0.0
GEL FIX NY LOOKS EXTRA FO;2410013;10.99;145727;0.0
CONDIC NEUTROX 1 CLASSICO;2410014;4.99;144869;0.0
FRANGO EMPANADO BAITA;2410015;33.99;144309;0.0
CARVAO MATAO 8KG PRIME;2410016;45.9;144507;0.0
PAPEL SULFITE CHAMEX A4 7;2410017;39.99;144504;0.0
GEL FIX NY LOOKS FIX MEGA;2410018;12.99;145727;0.0
PINO 3SAIDAS 2P KIMARC;2410019;10.99;144514;0.0
ELMA CHIPS LAYS SALT VINE;2410020;9.99;144855;0.0
QUEIJO GOUDA FRACIONADO;2410021;42.9;1;0.0
ACHOC EM PO TODDY SC 1,02;2410022;23.9;144727;0.0
BATATA PALHA ELMA CHIPS 1;2410023;8.99;144857;0.0
HAVAIANAS TOP ROSA FLUX 3;2410024;31.9;144492;0.0
REFRIG H2O CITRUS 1,5L;2410025;9.49;144677;0.0
HAVAIANAS TOP LINE AREIA;2410026;31.9;144492;0.0
ELMA CHIPS CHEETOS LUA PA;2410027;8.99;144855;0.0
HAVAIANAS 4 NITE MARINHO;2410028;43.9;144492;0.0
ELMA CHIPS RUFFLES CHURRA;2410029;3.99;144855;0.0
MORTADELA ESTRELA 400G;2410030;6.99;144460;0.0
HAVAIANAS TOOP ROSA BALLE;2410031;19.9;144492;0.0
PIZZA SADIA LOMBO C/REQUE;2410032;21.9;1;0.0
BATATA RUFFLES 76G;2410033;9.99;144855;0.0
PIZZA SADIA FRANGO C/REQU;2410034;21.9;1;0.0
SALEIRO PLASUTIL AZUL 1L;2410035;12.9;1;0.0
ACHOC TODDY 370G;2410036;11.75;144727;0.0
PEPSI COLA 2L;2410037;9.95;144679;0.0
CEBOLITOS ELMA CHIPS 110G;2410038;12.99;144855;0.0
ELMA CHIPS CHEETOS MIX DE;2410039;9.99;144855;0.0
CIGARRO MARLBORO VERM PAC;2410040;62.5;144501;0.0
STEAK PERDIGAO DIA A DIA;2410041;3.49;144174;0.0
WAFER VISCONTI MORANGO 12;2410042;3.75;144691;0.0
CARVAO MATAO 8KG RAFIA;2410043;43.9;144507;0.0
CHOC TALENTO LEITE C/CAST;2410044;2.99;144699;0.0
BISC RECH VISCONTI CHOCOL;2410045;2.65;144687;0.0
SELECAO MILLAS CESTA C;2410046;125.0;144527;0.0
VASSOURA CAIPIRA;2410047;34.9;144836;0.0
GAS A VISTA;2410048;125.0;1;0.0
PULVERIZADOR EXPORT GUARA;2410049;15.99;1;0.0
NULL;2410050;1.0;1;0.0
SALGADO ASSADO;2410051;7.99;144430;0.0
CARVAO MATAO 6KG;2410052;38.9;144507;0.0
PANETTONE TOMMY C/GOTAS 4;2410053;13.99;144858;0.0
TORRESMO GRANEL KG;2410054;39.9;1;0.0
COSTELA SALGADA SUINA;2410055;19.99;144499;0.0
TORTA NESTLE GREGO MRCJ 9;2410056;3.5;1;0.0
CHEIRO VERDE;2410057;3.99;144122;0.0
PLUG ADAPTADOR C/3TOMADAS;2410058;16.99;144514;0.0
CORANTE GUARANY MARINHO 4;2410059;4.99;144849;0.0
LINGUICA TOSCANA NABRASA;2410060;27.99;144296;0.0
CESTA MILLAS;2410061;145.0;144527;0.0
GEL FIX NY LOOKS MEDIA IN;2410062;10.99;145727;0.0
DES REXONA ROLL ON ANTIBA;2410063;12.49;144878;0.0
LING PERNIL PERDIGAO;2410064;24.99;144296;0.0
CIGARRO MARLBORO BLUE ICE;2410065;14.75;144501;0.0
MINI CHIKEN PERDIGAO TRAD;2410066;9.9;144437;0.0
PIMENTA VERMELHA;2410067;22.99;144121;0.0
FRALDINHA;2410068;46.9;144297;0.0
GENGIBRE;2410069;15.99;144121;0.0
MUSCULO BOVINO;2410070;33.9;144297;0.0
CORANTE GUARANY CINZA 40G;2410071;4.99;144849;0.0
FRANGO CAIPIRA KG;2410072;21.9;144309;0.0
DESOD ROLL ON REXONA ANTI;2410073;11.99;144878;0.0
ESMALTE RISQUE BEIJO 8ML;2410075;6.49;144924;0.0
QUEIJO COALHO FRIMESA;2410076;79.9;152427;0.0
BISTECA BOVINA KG;2410077;54.9;144297;0.0
FITA ISOLANTE KIMARC C/6M;2410079;6.99;144514;0.0
PICANHA;2410080;56.9;144297;0.0
MAIONESE ARISCO 500G;2410081;8.49;144752;0.0
X BURGUER DUPLO;2410082;8.99;144430;0.0
CONJ PRATO CRYSTAL FUNDO;2410083;47.9;1;0.0
KINDER JOY COM SURPRESA;2410084;10.9;144696;0.0
PAO CASEIRO PANCO DE MILH;2410085;12.99;144320;0.0
DESOD AERO BOZZANO DRY 15;2410086;12.9;144876;0.0
MACARRAO ORSI PARAFUSO 50;2410087;2.49;144780;0.0
FRANGO TEMPERADO;2410088;14.99;144309;0.0
FILE DE FRANGO BIFE;2410089;25.9;144309;0.0
PIZZA DA CASA;2410090;29.99;1;0.0
MINI CHIKEN PERDIGAO QUEI;2410091;9.9;144437;0.0
LEITE BLINK SAQUINHO;2410092;17.5;144632;0.0
FEMEA 2P + TERRA 20A 250V;2410093;9.99;144514;0.0
CERVEJA HEINEKEN LAGER PR;2410094;15.99;144645;0.0
CARRO HOTWHEELS;2410095;19.9;144069;0.0
BATATA PRINGLES ORIGINAL;2410096;14.9;144855;0.0
BISCOITO PETA CASEIRA UAI;2410097;7.49;1;0.0
CHANDELLE NESTLE CHOCOLAT;2410098;5.99;144485;0.0
SPRITE 200ML;2410099;2.5;144675;0.0
FARINHA DE ROSCA PAULISTA;2410100;4.99;1;0.0
CIGARRO CAMEL BLUE BOX;2410101;10.5;144501;0.0
ABRACADEIRA ROSCA S/F 5/8;2410102;3.89;144514;0.0
DES REXONA ROLL ON POWDER;2410103;11.99;144878;0.0
TORTA DE LIMAO NESTLE GRE;2410104;3.65;1;0.0
CHOCOLATE BATON EXTRA MIL;2410105;1.75;144699;0.0
CADEADO GOLD 30MM KIMARC;2410106;36.9;144514;0.0
FRUTA CONG BAUM ABACAXI 1;2410107;4.5;1;0.0
DUCHA HYDRA GORDUCHA 127V;2410108;45.9;144516;0.0
BOMBOM BON O BON ARCOR BE;2410109;1.0;144696;0.0
SOQUETE P/TETO PORCELANA;2410110;7.99;144514;0.0
TIC TAC FRUTAS 14,5G;2410111;3.5;144694;0.0
CIGARRO CHESTERFIELD TERR;2410112;6.5;144501;0.0
TIC TAC MELANCIA MIX 16G;2410113;2.99;1;0.0
BOLO CASEIRO PAULISTA CHU;2410114;13.99;144320;0.0
CIGARRO DUNHILL ON RED;2410115;12.75;144501;0.0
DES ROLL ON DOVE ORIGINAL;2410116;12.9;144878;0.0
CIGARRO CHESTERFIELD REMI;2410117;10.25;144501;0.0
AZEITONAS VERDES LA PREFE;2410118;15.49;144801;0.0
PAO DE FORMA MILHO CASA D;2410119;7.49;144320;0.0
TAGLIATELLI MAGNO 500G;2410120;16.9;144318;0.0
PAO DE QUEIJO RECHEADO GO;2410121;10.99;144437;0.0
CREME DE CEBOLA ACHEI CON;2410122;13.9;1;0.0
PAO CASEIRINHO PAULISTA 3;2410123;6.99;144320;0.0
DROPS HALLS MENTA PRATA 2;2410124;1.99;144694;0.0
CIGARRO CAMEL YELLOW BOX;2410125;10.5;144501;0.0
PIRULITO ANEL GALINHA PIN;2410126;2.5;144694;0.0
BISCOITOS VOVO TOTA;2410127;9.9;144320;0.0
BOMBOM BON O BON ARCOR BR;2410128;1.0;144696;0.0
BISCOITO PETA CASEIRA UAI;2410129;13.49;1;0.0
NISSIN TALHARIM CARNE C/T;2410130;4.45;144782;0.0
POTY UVA 350ML;2410132;3.0;144675;0.0
CREME KANECHOM JABORANDI;2410133;9.9;144871;0.0
OLEO SOJA COAMO 900ML;2410134;8.75;144633;0.0
REFRIG POTY UVA 200ML;2410135;1.75;144676;0.0
BRINQUEDOS VALE MAIS N17;2410136;20.0;144069;0.0
REFRESCO PO POTY LARANJA;2410137;1.15;144930;0.0
DESOD AERO ABOVE MEN VULC;2410138;9.9;144876;0.0
DESOD AERO ABOVE TEEN BOU;2410139;10.99;144876;0.0
CREME DE LEITE LECO 1KG;2410140;24.99;144719;0.0
LEITE JUSSARA INT GFA 1L;2410141;5.49;144632;0.0
CREME KANECHOM LEITE CABR;2410142;9.9;1;0.0
AGUA DE COCO DONA ELZA 20;2410143;3.5;144637;0.0
SADIA HOT POCKET X BACON;2410144;10.99;144437;0.0
AGUA MINERAL LEVITY 510ML;2410145;2.5;144638;0.0
DESOD AERO ABOVE STRONG C;2410146;9.9;144876;0.0
CALDO KNORR COSTELA 57G;2410147;2.99;144795;0.0
REFRESCO PO POTY MANGA 25;2410148;1.15;144930;0.0
REFRESCO PO POTY ABACAXI;2410149;1.15;144930;0.0
DES AERO ABOVE DOLCE VITA;2410150;10.99;144876;0.0
CREME KANECHOM ARGAN 1KG;2410151;9.9;1;0.0
REFRIG ROLLER 200ML;2410152;1.99;144679;0.0
HAVAIANAS KIDS BEN 10 BCO;2410153;37.9;144492;0.0
CALDO KNORR BACON 57G;2410154;2.99;144795;0.0
XAROPE GROSELHA POTY 900M;2410155;17.99;144807;0.0
VINHO TINTO SUAVE ACALANT;2410156;18.99;144673;0.0
SOBREMESA FLAN FRIMESA CA;2410157;4.99;1;0.0
ACESSORIOS BIJ BLAZI;2410158;3.99;155381;0.0
DES AERO ABOVE MEN OCEAN;2410159;10.99;144876;0.0
PALMITO PUPUNHA PREDILECT;2410160;24.99;144805;0.0
HAVAIANAS TRADICIONAL ROS;2410161;19.99;144492;0.0
VELA SBJ DIVINO PAI ETERN;2410162;17.99;144513;0.0
POTY LARANJA 350ML;2410163;3.25;144675;0.0
CREME KANECHOM COCO BOM 1;2410164;9.9;144871;0.0
SOBREMESA FLAN FRIMESA FR;2410165;4.5;1;0.0
ABACAXI EM CALDA PREDILEC;2410166;15.9;144714;0.0
CREME KANECHOM MIX FRUIT;2410167;9.9;1;0.0
ESCONDIDINHO CARNE SADIA;2410168;26.9;1;0.0
CALDO KNORR LEGUMES 57G;2410169;2.69;144795;0.0
ISOTONICO ACTIVE 500ML;2410170;5.99;144660;0.0
REFRIG POTY GUARANA TUBAI;2410171;6.99;144679;0.0
CREME DE LEITE JUSSARA 20;2410172;3.65;144719;0.0
CADERNO JANDAIA BROCHURIN;2410174;2.99;144504;0.0
FLANELA MULTBOM 38X58CM;2410175;6.99;144345;0.0
REFRIG COCA COLA 2,5L;2410176;10.99;144679;0.0
CADERNO BROCHURINHA JANDA;2410177;5.49;144504;0.0
SACO XADREZ MULTBOM 40X60;2410178;7.99;144291;0.0
CHUPETA PLUS BOLINHA C/CO;2410179;10.99;144328;0.0
REFRIG FANTA LARANJA 2L;2410180;8.49;144679;0.0
DESINFETANTE LYSOFORM CIT;2410181;17.99;144834;0.0
PENTE PLASTICO ESPETACULO;2410182;9.99;1;0.0
SUCO KAPO MORANGO 200ML;2410183;2.75;144665;0.0
MARROM GLACE PREDILECTA 3;2410184;8.99;144715;0.0
MAMADEIRA NINA POP CONV R;2410185;14.9;144328;0.0
MOLHO BRANCO PREDILECTA 2;2410186;5.49;144746;0.0
GELATINA PREDILECTA ABACA;2410187;1.75;144734;0.0
MAMADEIRA NINA CONV DEC R;2410188;22.9;144328;0.0
CHUPETA NINA CORACAO PP R;2410189;9.49;144328;0.0
CADERNO BROCHURAO JANDAIA;2410190;6.99;144504;0.0
GELATINA PREDILECTA UVA 2;2410191;1.75;144734;0.0
AZEITONAS PREDILECTA DP 1;2410192;5.49;144801;0.0
REPELENTE BAYGON ESPIRAL;2410193;7.99;1;0.0
AZEITONAS PREDILECTA FATI;2410194;12.49;144801;0.0
AZEITONAS PREDILECTA DP 2;2410195;8.45;144801;0.0
CHUPETA NINA SILICONE CON;2410196;15.99;144328;0.0
MOLHO P/SALADA PREDILECTA;2410197;6.49;144796;0.0
SPRITE 350ML;2410198;3.99;144675;0.0
SUCO DEL VALLE FRESH LARA;2410199;6.49;144669;0.0
REFRIG COCA COLA 600ML;2410200;6.49;144676;0.0
BICO MAMADEIRA SIL SUPER;2410201;15.99;144328;0.0
ISOTONICO POWERADE GOLD R;2410202;6.59;144660;0.0
MAMADEIRA NINA SILICONE O;2410203;16.9;144328;0.0
FLANELA MULTBOM BR 38X58C;2410204;5.99;144345;0.0
INSETIC AERO RAID ACAO TO;2410205;19.99;144837;0.0
PANO DE PRATO ESPECIAL MU;2410206;7.99;144394;0.0
MOLHO REF PREDILECTA SACH;2410207;1.45;144746;0.0
ESCOVA LAVA MAMADEIRA NIN;2410208;15.99;144328;0.0
DEL VALLE UVA 290ML;2410209;4.75;144669;0.0
REFRIG COCA COLA 2250ML;2410210;9.99;144679;0.0
FIGO EM CALDA PREDILECTA;2410211;17.99;1;0.0
SUCO DEL VALLE FRESH LARA;2410212;1.5;144669;0.0
REFRIG COCA COLA 220ML;2410213;3.5;144675;0.0
INSETIC AERO BAYGON ACAO;2410214;17.99;144837;0.0
CREME DE LEITE FRIMESA 20;2410215;4.25;144719;0.0
CIGARRO KENT BLUE SERIES;2410216;11.75;144501;0.0
MACARRAO C/OVOS ORSI PARA;2410217;2.75;144780;0.0
DOCE DE LEITE FRIMESA RES;2410218;13.9;144739;0.0
BEB VINHO QUINTA JUBAIR B;2410219;32.99;1;0.0
BISC PAO DE MEL QUERO QER;2410220;7.49;144684;0.0
CREME KANECHOM BANHO CRIS;2410221;9.9;1;0.0
DOCE MOCOTO MOCOFORTE 140;2410222;5.49;1;0.0
REFRESCO PO POTY UVA 25G;2410223;1.15;144930;0.0
CALDO KNORR GALINHA 114G;2410224;4.99;144795;0.0
VINHO BRANCO SUAVE UVA NI;2410225;18.99;144673;0.0
DOCE DE LEITE COM CACAU B;2410226;11.99;1;0.0
EXTRATO TOMATE PREDILECTA;2410227;6.49;144745;0.0
BISC RECH HIPOPO MORANGO;2410228;1.99;144687;0.0
SALAME TIPO ITALIANO FRIM;2410229;24.9;144461;0.0
AMIDO MILHO MAIZENA 500G;2410230;15.9;144732;0.0
POLPA FRIMESA FRUTAS BDJ;2410231;5.7;1;0.0
HAMBURGUER BOVINO FRIMESA;2410232;2.75;144174;0.0
CIGARRO WINSTON HAND SELE;2410233;7.5;144501;0.0
CIGARRO WINSTON RED 8;2410234;9.0;144501;0.0
CHOCOLATE KINDER OVO NATO;2410235;9.5;144696;0.0
DES ROLL ON DOVE S/PERFUM;2410236;14.9;144878;0.0
CHOCOLATE KINDER OVO MENI;2410237;9.9;144696;0.0
MARGARINA DELICIA C/SAL 5;2410238;7.49;144465;0.0
TOMADA EMBUTIR C/PLACA 2P;2410239;13.99;144514;0.0
CIGARRO MARLBORO TROPICAL;2410240;15.25;144501;0.0
PILHA DURACELL AAA C/2;2410241;12.99;144522;0.0
DROPS HALLS CEREJA 28G;2410242;1.99;144694;0.0
DES REXONA ROLL ON V8 50M;2410243;11.99;144878;0.0
COCAO PAULISTA 450G;2410244;8.79;1;0.0
CIGARRO WINSTON BLUE SLIM;2410245;8.0;144501;0.0
CIGARRO LM FIRST CUT;2410246;7.5;144501;0.0
BOMBOM RAFFAELLO 30G;2410247;11.5;144696;0.0
FERMENTADO CHAMYTO NESTLE;2410248;1.59;144485;0.0
CHOCOLATE KINDER OVO MENI;2410249;9.9;144696;0.0
CREME DE PEQUI ACHEI COND;2410250;13.9;1;0.0
CIGARRO ROTHMANS SILVER B;2410252;6.75;144501;0.0
DES REXONA ROLL ON XTRA C;2410253;11.99;144878;0.0
CROCK E CIA PALITINHOS DE;2410254;7.5;1;0.0
ACUCAR REF UNIAO 1KG;2410255;5.99;144628;0.0
CIGARRO WINSTON CLASSIC H;2410256;7.5;144501;0.0
CROCK E CIA PALITINHOS CE;2410257;7.99;1;0.0
DUCHA HYDRA BALLERINA 127;2410258;62.9;144516;0.0
TRAVESSA SEMPRE REDONDA C;2410259;49.99;1;0.0
UVA NIAGARA LOPES/VIEIRA;2410260;12.99;144120;0.0
SUCO DEL VALLE FRESH LARA;2410261;1.5;144669;0.0
MASSA LASANHA MAGNO 800G;2410262;22.9;144318;0.0
PAO DO PADRE PAULISTA 400;2410263;7.35;144320;0.0
PILHA DURACELL AA C/4;2410264;22.9;144522;0.0
DROPS HALLS MORANGO 28G;2410265;1.99;144694;0.0
CIGARRO CHESTERFIELD TERR;2410266;8.5;144501;0.0
COLA PARA MADEIRA KIMARC;2410267;15.99;144514;0.0
CIGARRO WINSTON EXOTIC MI;2410268;9.75;144501;0.0
PAO DE QUEIJO SANTA DELI;2410269;10.99;144437;0.0
CHOCOLATE BATON CREME 16G;2410270;1.5;144699;0.0
DES REXONA ROLL ON BAMBOO;2410271;12.49;144878;0.0
CHOCOLATE BATON 2EM1 16G;2410272;1.99;144699;0.0
TOMADA EXTERNA 2P+T 10A K;2410273;9.99;144514;0.0
CONJ COPO NADIR INCOLOR G;2410274;17.99;144394;0.0
DEL VALLE FRESH LARANJA 1;2410275;6.49;1;0.0
CIGARRO LUCKY STRIKE R.A.;2410276;7.0;144501;0.0
KINDER OVO MINIONS 20G;2410277;8.99;144696;0.0
BICO ADAPTADOR PLASTICO P;2410278;8.99;144514;0.0
ABRACADEIRA NYLON PT 25X1;2410279;17.99;144514;0.0
DUCHA HYDRA SS 3T 127V 54;2410281;54.9;144516;0.0
CIGARRO CHESTERFIELD REMI;2410282;10.25;144501;0.0
CIGARRO CAMEL COMPACT;2410283;6.5;144501;0.0
BOMBOM OURO BRANCO 20G;2410284;1.75;144696;0.0
TAMANCO AZALEIA;2410285;41.9;1;0.0
CIGARRO CAMEL COMPACT;2410286;13.0;144501;0.0
DES REXONA ROLL ON COTTON;2410287;12.49;144878;0.0
ENERGETICO RED BULL 250ML;2410288;10.99;144659;0.0
PILHA DURACELL AAA C/2;2410289;13.99;144522;0.0
MASSA P/PASTEL MAGNO 800G;2410290;14.99;144318;0.0
DES ROLL ON DOVE INVISIBL;2410291;12.9;144878;0.0
CIGARRO CHESTERFIELD TERR;2410292;8.5;144501;0.0
GEL DENTAL TANDY UVA 50G;2410293;9.49;144907;0.0
CIGARRO LUCKY STRIKE RED;2410294;9.75;144501;0.0
DES REXONA ROLL ON ACTIVE;2410295;11.99;144878;0.0
GEL DENTAL TANDY MORANGO;2410296;9.49;144907;0.0
CIGARRO CHESTERFIELD REMI;2410298;10.25;144501;0.0
BOMBOM SONHO DE VALSA 20G;2410299;1.75;144696;0.0
CHUPETA SILICONE NINA ROS;2410300;15.9;144328;0.0
PASTILHA ADESIVA PATO LAV;2410301;7.49;1;0.0
TOUCA DE REFLEXO PVC;2410302;8.99;1;0.0
CADERNO BROCHURAO JANDAIA;2410303;9.99;144504;0.0
REFRIG COCA COLA K WAVE S;2410304;3.99;144675;0.0
MAIONESE HELLMANNS 500G;2410305;13.99;144752;0.0
AGUA MINERAL CRYSTAL C/GA;2410306;4.5;144638;0.0
CHUPETA SILICONE NINA AZU;2410307;15.9;144328;0.0
EXTRATO TOMATE PREDILECTA;2410308;2.65;144745;0.0
CHUPETA NINA BORBOLETA DE;2410309;8.9;144328;0.0
ISOTONICO POWERADE MIX DE;2410310;6.59;144660;0.0
CONJ ESCOVA E PENTE NINA;2410311;18.9;1;0.0
INSETIC AERO BAYGON MULTI;2410313;17.99;144837;0.0
REFRIG COCA COLA 2L;2410314;9.69;144679;0.0
MOLHO PREDILECTA TRES QUE;2410315;8.99;144746;0.0
PENTE DE BOLSO NINA;2410317;4.99;1;0.0
CHUPETA BOLINHA ROSA ORT;2410318;9.49;144328;0.0
AGUA MINERAL CRYSTAL S/GA;2410319;2.5;144638;0.0
COBERTURA P/SORVETE PREDI;2410320;8.99;1;0.0
MAMADEIRA NINA SUPER CONV;2410321;34.9;144328;0.0
CHUPETA NINA SILICONE CON;2410322;15.99;144328;0.0
COADOR DE PANO MULTBOM 10;2410323;8.99;1;0.0
MULTI USO MR MUSCULO COZI;2410324;11.9;1;0.0
SUCO KAPO MACA 200ML;2410325;2.75;144665;0.0
CADERNO BROC CD 48F;2410326;3.99;144504;0.0
AZEITONAS PREDILECTA FATI;2410327;7.49;144801;0.0
COPO EDUCATIVO NINA AZUL1;2410328;14.9;144328;0.0
GELATINA PREDILECTA FRAMB;2410329;1.75;144734;0.0
REFRIG SCHWEPPES CITRUS 1;2410330;8.49;144677;0.0
CADERNO DESENHO JANDAIA 4;2410331;5.49;144504;0.0
ACHOC PREDILECTA SHOWCAU;2410332;4.99;144727;0.0
MAMADEIRA NINA CONV ANAT;2410333;21.99;144328;0.0
LEMON DOU LIMAO E MEL LT;2410334;5.99;1;0.0
PALITO PROFISSIONAL NINA;2410335;6.99;1;0.0
PACK DUAL COCA COLA + FAN;2410336;13.99;144679;0.0
PANO DE CHAO FELPUDO MULT;2410337;16.99;1;0.0
CHUPETA NINA BORBOLETA DE;2410338;9.99;144328;0.0
COCA COLA 350ML  S/ACUCAR;2410339;4.5;144675;0.0
BICO MAMADEIRA SILICONE O;2410340;8.99;144328;0.0
MOLHO PREDILECTA GOURME E;2410341;14.99;144746;0.0
EXTRATO TOMATE PREDILECTA;2410342;4.99;144745;0.0
BISNAGUINHAS PAULISTA 250;2410343;5.99;144320;0.0
NUGGET LIQ MARROM 60ML;2410344;17.99;144812;0.0
ESCOVA MAO MADEIRA OLIVAT;2410345;4.99;144356;0.0
BISC COOKIES BAUDUCCO GOT;2410346;4.75;144683;0.0
MISTURA DE LEITE MOCOCA T;2410347;2.59;1;0.0
ESPONJA LAVA LOUCAS LIMPA;2410348;1.65;144819;0.0
POLPA DANONE MORANGO 510G;2410349;8.97;144480;0.0
CR DENTAL CONDOR ABRBIE M;2410350;4.99;144907;0.0
PAO DE MEL BAUDUCCO C/COB;2410351;11.99;1;0.0
REQUEIJAO VIGOR LIGHT 200;2410352;12.99;144478;0.0
NISSIN MIOJO CHICO BENTO;2410353;3.45;144782;0.0
NISSIN LAMEN CREMOSO COST;2410354;3.25;144782;0.0
CR DENTAL CONDOR LILICA B;2410355;11.9;144907;0.0
PANO DE CHAO MICROFIBRA C;2410356;15.99;1;0.0
ESPUMA BARBEAR AERO BOZZA;2410357;21.9;144900;0.0
ROLO PINTURA N9 KIMARC;2410358;9.99;144514;0.0
WAFER BAUDUCCO MAXI CHOCO;2410359;3.99;144691;0.0
ESCOVA SANITARIA CONDOR C;2410360;16.9;144836;0.0
DORFLEX CPR C/10;2410361;11.5;144885;0.0
MANJERICAO KITANO 7G;2410362;2.79;1;0.0
POLPA DANONE MORANGO 510G;2410363;7.95;144480;0.0
GLICOSE YOKI 350G;2410364;21.99;1;0.0
TORRADA BAUDUCCO MULTIGRA;2410365;4.99;144929;0.0
UVAS PASSAS LA VIOLETERA;2410366;4.99;144693;0.0
MAIONESE VIGOR SACHE 200G;2410367;1.49;144752;0.0
CERA INGLEZA MAXX INCOLOR;2410368;15.99;144842;0.0
PASSA CERA OLIVATTO;2410369;12.99;1;0.0
ESCOVA DENTAL CONDOR MULT;2410370;15.9;144889;0.0
NISSIN LAMEN GALIGUMES 85;2410371;3.45;144782;0.0
VASSOURA VARRE FACIL COND;2410372;12.99;144836;0.0
LEITE FERMENTADO VIGOR 45;2410373;8.1;1;0.0
PIPOCA P/MICRO YOKI NATUR;2410374;4.5;144773;0.0
IOGURTE NATURAL DANONE IN;2410375;3.99;144480;0.0
SAB LIQ FACIAL SOUL ROSA;2410376;14.99;144919;0.0
BOLINHO BAUDUCCO ROLL CHO;2410377;1.5;144320;0.0
MASCARA HIDRAT SOUL BABOS;2410378;13.99;144873;0.0
CONJ XIC/PIRES WHEATON RX;2410379;5.9;1;0.0
MACARRAO CUP NOODLES BOLO;2410380;5.99;144782;0.0
PIMENTA DO REINO GRAOS KI;2410381;3.99;1;0.0
NISSIN LAMEN T MONICA GAL;2410382;3.45;144782;0.0
MOSTARDA PREDILECTA 670G;2410383;9.9;144753;0.0
PIPOCA MICRO YOKI NATURAL;2410384;3.5;144773;0.0
COGUMELO CHAMPIGNON PREDI;2410385;12.99;144803;0.0
SARDINHA COQUEIRO TOMATE;2410386;6.95;144767;0.0
CHUPETA NINA BOLINHA CONV;2410387;15.99;144328;0.0
MILHO VERDE ESPIGA 750G;2410388;8.99;144121;0.0
MOLHO P/SALADA PREDILECTA;2410389;6.49;144796;0.0
INSETICIDA RAID MULTI BAS;2410390;21.9;144837;0.0
MILHARINA QUAKER 500G;2410391;4.99;144772;0.0
INSETIC AERO RAID MULTI B;2410392;19.99;144837;0.0
ISOTONICO POWERADE TANGER;2410393;6.59;144660;0.0
ISOTONICO POWERADE FRUTAS;2410394;6.59;144660;0.0
CHUQUINHA NINA ROSA 60ML;2410395;15.99;1;0.0
GELATINA PREDILECTA MARAC;2410396;1.75;144734;0.0
COCA COLA 350ML LT;2410397;4.5;144675;0.0
PENTE FINO NINA BEAUTY;2410398;2.5;144328;0.0
REFRIG COCA COLA RET 2L;2410400;7.99;144678;0.0
INSET RAID REFIL PASTILHA;2410401;5.95;1;0.0
MASCARA CAPILAR SOUL STAR;2410402;15.99;144873;0.0
BOLO INDIANO PAULISTA 400;2410403;9.9;144320;0.0
PIMENTA DO REINO KITANO 1;2410404;3.95;1;0.0
KIMILHO FLOCAO YOKI 500G;2410405;6.99;1;0.0
UVA BENETAKA BDJ 500G;2410406;15.9;144120;0.0
SABONETE LIQ FACIAL SOUL;2410407;16.99;144919;0.0
MACARRAO CUP NOODLES CHED;2410408;5.99;144782;0.0
MACARRAO CUP NOODLES FG T;2410409;5.99;144782;0.0
PHALAENOPSIS MIX P12;2410410;39.9;144626;0.0
NISSIN YAKISSOBA UFO C/CA;2410411;8.99;144782;0.0
MACARRAO CUP NOODLES FRUT;2410412;5.99;144782;0.0
FITA EMBALAGEM TRANSPAREN;2410413;12.99;144514;0.0
IOGURTE DANONE MORANGO 85;2410414;13.99;144480;0.0
TORRADA VISCONTI TRADICIO;2410415;4.49;144929;0.0
WAFER BAUDUCCO MAXI COOKI;2410416;3.99;144691;0.0
PETIT SUISSE DANONINHO CR;2410417;9.16;1;0.0
COMINHO EM PO KITANO 8G;2410418;2.25;1;0.0
SUCO VIGOR LARANJA 200ML;2410419;3.5;144665;0.0
ESCOVA DENTAL CONDOR CLAS;2410420;9.9;144889;0.0
PAO DE FORMA PAULISTA 450;2410421;6.49;144320;0.0
ESC CAB CONDOR BASIC MARI;2410422;12.9;155381;0.0
MACARRAO CUP NOODLES COST;2410423;5.99;144782;0.0
SOBREMESA DANETTE CHOC BR;2410424;2.99;144480;0.0
NISSIN TALHARIM FRANGO 90;2410425;4.45;144782;0.0
PAO FORMA VISCONTI 400G T;2410426;5.99;144320;0.0
DANONINHO ICE TUTTI FRUTT;2410427;3.99;144480;0.0
SARDINHA SALGADA ROCHA 40;2410428;17.99;144347;0.0
SOBREMESA DANETTE CARAMEL;2410429;6.99;144480;0.0
OREGANO KITANO 3G;2410430;2.39;1;0.0
ESCOVA MAO PLASTICA OLIVA;2410431;5.99;144836;0.0
ESGUICHO PLASTICO TIPO RE;2410432;19.99;144514;0.0
TORRADA BAUDUCCO TRADIC 1;2410433;4.99;144929;0.0
MACARRAO CUP NOODLES GALI;2410434;5.99;144782;0.0
NISSIN LAMEN FRANGO ASSAD;2410435;3.45;144782;0.0
CONDIC SOUL STAR BLOND 38;2410436;15.99;144869;0.0
LIMA P/ENCHADA 8 C/1 KIMA;2410437;19.99;144514;0.0
SUCO VIGOR UVA 200ML;2410438;3.5;144665;0.0
MACARRAO CUP NOODLES CARN;2410439;5.99;144782;0.0
MASSA DUREPOX 50G KIMARC;2410440;13.99;144514;0.0
AMEIXA SECA LA VIOLETERA;2410441;8.75;1;0.0
FRUTAS CRISTALIZ LA VIOLE;2410442;5.99;1;0.0
BALA PECCIN TRI BALA MAST;2410443;4.99;144694;0.0
LIXEIRA SANTANA MARBLE 6L;2410444;28.9;144341;0.0
COCA COLA S/ACUCAR 600ML;2410445;6.49;144676;0.0
REFRIG FANTA LARANJA 2,25;2410446;8.49;144679;0.0
CHOCOLATE TRENTO MASSIMO;2410447;2.5;144699;0.0
EXTRATO TOMATE PREDILECTA;2410448;5.79;144745;0.0
PIRULITO DO AMOR PECCIN C;2410449;13.99;144694;0.0
BALA PECCIN FRUTOMILA MAS;2410450;3.5;144694;0.0
BALA PICIN MAST TRI BALA;2410451;4.99;144694;0.0
SOPAO GALINHA C/LEGUMES P;2410452;5.49;144783;0.0
GOIABADA PREDILECTA POLI;2410453;6.99;144715;0.0
GOMAS FLORESTAL BRUXOLITA;2410454;1.0;1;0.0
JERKED SUINO SEARA 400G;2410455;15.9;144499;0.0
SUCO FRUCCO FR CITRICAS 2;2410456;9.75;1;0.0
MANTEIGA AVIACAO S/SAL 20;2410458;18.99;144464;0.0
MAIONESE PREDILECTA ST UP;2410459;4.35;144752;0.0
VINHO TINTO CANTINA DA SE;2410460;9.9;144673;0.0
CHOCOLATE TRENTO LIMAO 32;2410461;2.5;144699;0.0
PIRULITO FLOPITO BABY COL;2410462;6.5;144694;0.0
LAMEN PREDILECTA PRA JA L;2410463;1.65;144782;0.0
MOLHO PREDILECTA MADEIRA;2410464;4.99;144746;0.0
ESCORREDOR DE MASSAS SANT;2410465;12.9;144394;0.0
MARGARINA DORIANA C/SAL 2;2410466;4.45;144465;0.0
BEB LACTEA MARAJOARA CHOC;2410467;1.5;149391;0.0
BISC WAFER TRENTO AVELAS;2410468;2.5;144691;0.0
FANTA MARACUJA 350ML LT;2410469;4.5;144675;0.0
REFRIG FANTA UVA RET 2L;2410470;6.49;144678;0.0
LASANHA SEARA BOLONHESA 6;2410471;21.9;144437;0.0
CHOCOLATE TRENTO MASSIMO;2410472;2.75;144699;0.0
MINI TRENTO BITES BRANCO;2410473;3.99;144700;0.0
MILHO VD PREDILECTA  140G;2410474;4.25;144804;0.0
KETCHUP PREDILECTA TRAD 1;2410475;13.99;144751;0.0
MANTEIGA AVIACAO TB S/SAL;2410476;17.99;144464;0.0
DOCE JAZAM TETOP 84G;2410477;5.99;1;0.0
COXINHA DAS ASAS C VALE 1;2410478;15.99;144309;0.0
PIRULITO PECCIN LOVE LOLL;2410479;13.99;144694;0.0
AGUA MINERAL MINALICE 1,5;2410480;2.99;144638;0.0
REFRIG FANTA UVA 600ML;2410481;6.49;144676;0.0
PACOQUITA SANTA HELENA 20;2410482;0.35;1;0.0
MINI TRENTO BITES AVELAS;2410483;3.99;144700;0.0
LEITE SOJA ADES LARANJA 1;2410484;8.49;144636;0.0
CAROLINA ACUCARADA PAULIS;2410485;5.49;1;0.0
SALSA DESIDRATADA KITANO;2410486;3.79;1;0.0
NISSIN TALHARIM QUEIJO PA;2410487;4.45;144782;0.0
CREME DE CEBOLA KITANO 65;2410488;7.99;149379;0.0
CANELA DA CHINA EM PO KIT;2410489;1.99;1;0.0
VEJA LIMPEZA PESADA CLORO;2410490;10.9;144839;0.0
PIPOCA MICRO YOKI MANTEIG;2410491;3.5;144773;0.0
CR DENTAL CONDOR HOTWHEEL;2410492;11.9;144907;0.0
LEITE COND MOCOCA TP 395G;2410493;8.59;144718;0.0
SHAMPOO SOUL BABOSA 380ML;2410494;13.99;144870;0.0
ALICATES CUTICULA MUNDIAL;2410495;13.9;144924;0.0
TORRADA VISCONTI MULTIGRA;2410496;4.49;144929;0.0
CONJ ESPATILA MANTEIGA 6P;2410497;18.9;1;0.0
CERA INGLEZA MAXX VERMELH;2410498;15.99;144842;0.0
CREME BARBEAR BOZZANO SEN;2410499;8.99;144900;0.0
CREME LEITE MOCOCA TP 200;2410500;3.89;144719;0.0
SUVO VIGOR MACA 200ML;2410501;3.5;144665;0.0
NISSIN LAMEN CHICO BENTO;2410502;3.45;144782;0.0
SALGADINHO YOKITOS CEBOLA;2410503;3.5;144855;0.0
LIMP VEJA MULTI USO ORIG;2410504;4.65;144839;0.0
INS. SBP AEROSOL ULTRA 36;2410505;21.9;144837;0.0
OREGANO KITANO 10G;2410506;4.5;1;0.0
LIMPADOR VEJA BANHEIRO PO;2410507;22.9;144839;0.0
MILHO P/PIPOCA YOKI PREMI;2410508;8.49;144773;0.0
BANHA REF AURORA 1KG;2410509;19.49;144463;0.0
LANCHE FAROESTE CHEDDAR C;2410510;8.75;144437;0.0
IOGURTE ACTIVIA AVEIA 800;2410511;13.99;144480;0.0
FAROFA MILHO YOKI 400G;2410512;7.99;144772;0.0
CADERNO CD TILIBRA MAIS 1;2410513;16.99;144504;0.0
DESOD AERO BOM AR LAVANDA;2410514;17.99;144835;0.0
BISC RECH BAUDUCCO BAUNIL;2410515;2.35;144687;0.0
VANISH RESOLV PRE LAVAGEM;2410516;22.9;144851;0.0
TOMILHO KITANO 10G;2410517;3.79;1;0.0
ANIL COLMAN LIQUIDO 200ML;2410518;21.9;144852;0.0
PASSE BEM RECARGA 500ML;2410519;10.9;1;0.0
YOPRO DANONE CAFE EXPRESS;2410520;10.99;144480;0.0
BEB LACTEA BATAVO MRG 540;2410521;7.5;144479;0.0
FARINHA DE AVEIA YOKI 170;2410522;4.99;1;0.0
FUBA MIMOSO YOKI 500G;2410523;5.95;144772;0.0
HAVAIANAS KIDS ATHLETIC A;2410524;35.9;144492;0.0
INSETIC AERO SBP MULTI 38;2410525;21.9;144837;0.0
CADERNO TILIBRA CD FEMINI;2410526;13.99;144504;0.0
BALDE PLASUTIL HYDRUS 12L;2410527;21.9;144356;0.0
PIRULITO BLONG BLACK 672G;2410528;18.9;144694;0.0
KETCHUP PREDILECTA PICANT;2410529;6.99;144751;0.0
SALAME SEARA ITALIANO FAT;2410530;14.99;144461;0.0
REFRIG KUAT GUARANA 2L;2410531;4.99;144679;0.0
PASSATA RUSTICA PREDILECT;2410532;3.95;144745;0.0
COXINHA DA ASA SEARA 1KG;2410533;18.99;144309;0.0
GELEIA PREDILECTA GOIABA;2410534;12.99;1;0.0
MOLHO REF PREDILECTA BOLO;2410535;4.45;144746;0.0
VARAL DE ACO ASSESSORLAR;2410536;3.5;144356;0.0
MINI TRENTO BITES AO LEIT;2410537;3.5;144700;0.0
GUARANA COTUBA ZERO 2L;2410538;5.75;144679;0.0
MOLHO REF PREDILECTA HOT;2410539;2.99;144746;0.0
MINI TRENTO BITES MARACUJ;2410540;3.5;144700;0.0
PIRULITO FLOPITO GIGA CHI;2410541;14.99;144694;0.0
CHOCOLATE TRENTO CREME 32;2410542;2.5;144699;0.0
MINI TRENTO BITES DUO 40G;2410543;3.5;144700;0.0
PIRULITO BLONG ENERGY CIT;2410544;18.9;144694;0.0
CHOCOLATE TRENTO AVELA/CH;2410545;2.75;144699;0.0
GUARANA COTUBA 2L;2410546;6.99;144679;0.0
COCA COLA S/ACUCAR RET 2L;2410547;7.99;144678;0.0
PALITEIRO CLEAR SANTANA;2410548;2.5;144394;0.0
MINI TRENTO BITES DARK 40;2410549;3.99;144700;0.0
FORMA DE GELO FLEXIVEL SA;2410550;12.99;144394;0.0
MANTEIGA AVIACAO TB C/SAL;2410551;17.99;144464;0.0
HAMBURGUER SEARA TEXAS BU;2410552;24.9;144174;0.0
SEARA FETTUCCINE C/LEVISS;2410553;8.99;1;0.0
MILHO VD PREDILECTA 170G;2410554;3.69;144804;0.0
MARGARINA DORIANA C/SAL 5;2410555;7.49;144465;0.0
PIRULITO BLONG MORANGO 67;2410556;18.9;144694;0.0
PIRULITO BLONG CEREJA 672;2410557;18.9;144694;0.0
REFRIG SPRITE ZERO ACUCAR;2410558;8.49;144679;0.0
PIRULITO PECCIN LOVE LOLL;2410559;11.99;144694;0.0
MOLHO INGLES PREDILECTA 1;2410560;3.75;144756;0.0
BEB SOJA ADES ORIGINAL 1L;2410561;7.99;144636;0.0
REFRIG ARCO IRIS GUARANA;2410562;3.99;1;0.0
CESTO TELADO SANTANA 8L;2410563;5.99;144341;0.0
CHOCOLATE TRENTO MORANGO;2410564;2.75;144699;0.0
GOIABADA PREDILECTA 500G;2410565;8.49;144715;0.0
FILEZINHO EMPANADO SEARA;2410566;25.49;1;0.0
BALDE SANREMO HYDRUS 15L;2410567;26.99;144356;0.0
LEITE COND MARAJOARA TP 3;2410568;6.49;144718;0.0
AURORA SALAME FATIADO 100;2410569;13.9;144452;0.0
REQUEIJAO CREMOSO CATUPIR;2410570;11.49;144478;0.0
MILHO VERDE SO FRUTA 280G;2410571;3.99;144804;0.0
LASANHA SEARA PRES/QUEIJO;2410572;17.99;144437;0.0
DUETO PREDILECTA 280G;2410573;3.99;144806;0.0
BEB SOJA ADES PESSEGO 1L;2410574;8.49;144636;0.0
REFRIG FANTA GUARANA 600M;2410575;6.49;144676;0.0
SEARA STEAK DE FRANGO 100;2410576;2.99;144174;0.0
ERVILHA PREDILECTA 170G;2410577;3.75;144802;0.0
PIRULITO BLONG UVA 672G;2410578;18.9;144694;0.0
PECCIN TRIBALA FRAMBOESA;2410579;4.99;144694;0.0
REFRIG FANTA LARANJA S/AC;2410580;8.49;144679;0.0
REFRIG FANTA GUARANA 2,25;2410581;8.49;144679;0.0
EXTRATO TOMATE PREDILECTA;2410582;3.79;144745;0.0
REFRIG COTUBA 237ML;2410583;2.5;144676;0.0
LAMEN PREDILECTA PRA JA G;2410584;1.75;144782;0.0
PIRULITO PECCIN BLONG 12;2410585;4.99;144694;0.0
BEB SOJA ADES UVA TP 200M;2410586;2.5;144636;0.0
TINTURA COR TON LOURO CL;2410587;16.9;144867;0.0
SACO P/LIXO PLASTIZEN REF;2410588;7.99;144510;0.0
MARGARINA DORIANA S/SAL 2;2410589;4.45;144465;0.0
HAMBURGUER TEXAS BURGER 9;2410590;2.99;144174;0.0
SACO P/LIXO PLASTIZEN REF;2410591;7.99;144510;0.0
MINI CHICKEN SEARA 300G;2410592;11.9;144437;0.0
EMPANADOS SEARA T MONICA;2410593;13.49;1;0.0
TINTURA COR TON PRETO 2.0;2410594;16.9;144867;0.0
BALA MENTOS FANTA LARANJA;2410595;2.99;144694;0.0
FILE DE PEITO SEARA 1KG;2410596;26.9;1;0.0
SUCO MAGUARY ABACAXI 1L;2410597;6.99;144669;0.0
SHAMPOO ELSEVE CACHOS SON;2410598;17.9;144870;0.0
FRALDA DESC HIPOPO BABY H;2410600;51.9;144908;0.0
FRALDA DESC ISACARE ADULT;2410601;25.9;144908;0.0
CONDIC ELSEVE OLEO EXTR C;2410602;19.9;144869;0.0
CHICLE BUBBALOO MORANGO 5;2410603;0.4;144694;0.0
TINTURA COR TON ACAJU 6.5;2410604;13.99;144867;0.0
FRALDA DESC SCOOBY DOO HI;2410605;52.9;144908;0.0
BALA GOMA DOCILE ABOBORA;2410606;5.99;144694;0.0
HAVAIANAS TOP VERDE LIMAO;2410607;29.9;144492;0.0
CREME TRAT ELSEVE HIDRA H;2410608;31.9;144873;0.0
HAVAIANAS BRASIL PRETO 43;2410609;49.9;144492;0.0
SUCO MAGUARY TANGERINA 1L;2410610;6.99;144669;0.0
SUCO MAGUARY UVA 1L;2410611;6.99;144669;0.0
LIMPADOR VEJA MULTI USO 5;2410612;6.95;144839;0.0
SALGADINHO YOKITOS RENDIN;2410613;10.99;144855;0.0
TRINCHA 700 C/1 KIMARC;2410614;13.99;144514;0.0
ALVEJANTE PO VANISH OXI A;2410615;37.9;144844;0.0
DESOD AERO FIORUCCI NUIT;2410616;23.99;144876;0.0
CHA LEAO CAMOMILA 10G;2410617;4.49;144730;0.0
DESOD AERO FIORUCCI L AMO;2410618;22.99;144876;0.0
SABORES DO COCO COCADA BR;2410619;2.5;1;0.0
VEJA MULTI USO ORIGINAL 5;2410620;6.95;144839;0.0
IOGURTE BATAVO MORANGO 17;2410621;3.99;144479;0.0
DESOD AERO FIORUCCI PARIS;2410622;23.9;144876;0.0
VASSOURA PELO PLASTICO OL;2410623;13.99;144836;0.0
LEITE FERMENTADO ELEGE MO;2410624;9.95;144479;0.0
SALGADINHO TRIGO BIG BACO;2410625;4.5;144855;0.0
DES AERO FIORUCCI WALLSTR;2410626;23.9;144876;0.0
LUSTRA MOVEIS DESTAC LAVA;2410627;9.99;1;0.0
YOPRO DANONE CAPPUCCINO 2;2410628;10.99;144480;0.0
DESOD AERO BOM AR TALCO 3;2410629;17.9;144835;0.0
BISCOITO BAUDUCCO CHOCO B;2410630;6.45;1;0.0
MORTADELA AURORA 2,5KG;2410631;32.9;144460;0.0
PAPRICA DOCE KITANO 12G;2410632;3.49;1;0.0
IOGURTE DANONE FRUTAS VER;2410633;3.65;144480;0.0
VEDA ROSCA 12X10MM KIMARC;2410634;4.99;144514;0.0
BISCOITO BAUDUCCO CHOCO B;2410635;7.49;144683;0.0
ESMALTE RISQUE CRISTAL 8M;2410636;6.49;144924;0.0
DESOD AERO FIORUCCI ABSOL;2410637;23.9;144876;0.0
AVEIA EM FLOCOS YOKI 170G;2410638;4.99;144707;0.0
VEJA X 14 TIRA LIMO 2 EM;2410639;21.9;144839;0.0
TORNEIRA PLASTICA PIA C/A;2410640;16.99;1;0.0
TRINCHA 700 1" KIMARC;2410641;9.99;144514;0.0
INSET AERO SBP CITR LV 45;2410642;21.9;144837;0.0
SALGADINHO YOKI YOKITOS Q;2410643;9.99;144855;0.0
NUGGET LIQUIDO MARROM 60M;2410644;24.9;144812;0.0
CADERNO TILIBRA CD MASCUL;2410645;13.99;144504;0.0
FLOCAO MILHO SINHA 500G;2410646;3.49;1;0.0
FAROFA PRONTA YOKI TRADIC;2410647;8.79;144772;0.0
INS. SBP AEROSOL ANTI A.;2410648;21.9;144837;0.0
CANELA EM CASCA KITANO 20;2410649;6.5;1;0.0
BEB LACTEA PARMALAT WHWYF;2410650;11.49;149391;0.0
SARDINHA G COSTA OLEO 125;2410651;6.49;144767;0.0
TINTURA COR TON CAST CL A;2410652;16.9;144867;0.0
CHA LEAO PRETO 16G;2410653;3.79;144730;0.0
TINTURA COR TON MARROM DO;2410654;13.99;144867;0.0
CONDIC ELSEVE LONGO DOS S;2410655;19.9;144869;0.0
HAVAIANAS TOP BRANCO 45/6;2410656;31.9;144492;0.0
HAVAIANAS BRASIL PRETO 37;2410658;49.9;144492;0.0
HAVAIANAS BRASIL BRANCO 4;2410659;49.9;144492;0.0
TINTURA COR TON CAST MEDI;2410660;16.9;144867;0.0
CHOCOLATE SNICKERS PE DE;2410662;3.5;144699;0.0
TINTURA COR TON LOURO CIN;2410663;13.99;144867;0.0
TINTURA COR TON BORDO 4.6;2410664;16.9;144867;0.0
FRALDA DESC SCOOBY DOO HI;2410665;52.9;144908;0.0
FARINHA DE TRIGO CELINA 1;2410666;3.99;144630;0.0
CHOCOLATE SNICKERS DARK 4;2410667;4.5;144699;0.0
SHAMPOO NIELY GOLD USO DI;2410668;12.9;144870;0.0
SACO P/LIXO PLASTIZEN 50L;2410669;6.49;144510;0.0
SABONETE MARAN ALFAZEMA 8;2410670;1.79;144920;0.0
MORTADELA CONFIANCA SEARA;2410671;39.9;144460;0.0
BALA MENTOS BERRY MIX;2410672;5.99;144694;0.0
SAL GROSSO MARFIM 1KG;2410673;3.99;144798;0.0
CREME PENTEAR ELSEVE OLEO;2410674;17.9;144872;0.0
MAXI DUCHA LORENZETTI 127;2410675;84.99;144516;0.0
SUCO MAGUARY MORANGO 1L;2410676;6.99;144669;0.0
MINI M M S TUBO 30G;2410677;4.99;144694;0.0
CREME PENTEAR ELSEVE CACH;2410678;19.9;144872;0.0
HAVAIANAS BRASIL BRANCO 4;2410679;49.9;144492;0.0
CREME PENTEAR ELSEVE LISO;2410680;19.9;144872;0.0
HAVAIANAS BRASIL BRANCO 3;2410681;49.9;144492;0.0
SUCO MAGUARY CAJU 1L;2410682;6.99;144669;0.0
TINTURA COR TON 7.2 LOURO;2410683;16.9;144867;0.0
PIPOQUEIRA ALUMINIO ARARY;2410684;69.99;144166;0.0
SHAMPOO ELSEVE LONGO DOS;2410685;17.9;144870;0.0
X BURGUER SEARA HOT HIT B;2410686;11.99;144437;0.0
MORTADELA CONFIANCA SEARA;2410687;13.99;144460;0.0
SABONETE MARAN PESSEGO 85;2410688;1.79;144920;0.0
TINTURA COR TON LOURO CLA;2410689;16.9;144867;0.0
MAXI DUCHA LORENZETTI 220;2410690;74.9;144516;0.0
CHICLE BUBBALOO HORTELA 5;2410691;0.4;144694;0.0
TIGELA MARINEX ASTRAL C/T;2410692;14.9;144193;0.0
CREME DENTAL ICECLEAN 70G;2410693;2.99;144887;0.0
CREME TRAT ELSEVE HYDRA D;2410694;23.99;144873;0.0
CHOCOLATE MMS CRISPY 35G;2410695;4.5;144699;0.0
ESCONDIDINHO DE CARNE MOI;2410696;24.9;144437;0.0
PAO DE FORMA BAUDUCCO INT;2410697;6.95;144320;0.0
SABONETE FRANCIS SUAVE AL;2410698;2.75;144920;0.0
WHEYFIT COCO/BATATA 250ML;2410699;11.49;149391;0.0
IOGURTE DANONE DAN UP MOR;2410700;3.25;144480;0.0
SALGADINHO YOKITOS BOLINH;2410701;3.5;144855;0.0
LEITE FERMENTADO ELEGE TR;2410702;9.49;144479;0.0
CADERNO ESPIRAL 1/4 FLEXI;2410703;4.99;144504;0.0
OLEO SINHA MILHO 900ML;2410704;14.49;144633;0.0
ERVA DOCE KITANO 8G;2410705;3.39;1;0.0
COLORIFICO KITANO 20G;2410706;1.99;149379;0.0
MARGARINA CLAYBOM C/SAL 2;2410707;5.49;144465;0.0
YOPRO DANONE CHOCOLATE 25;2410708;10.99;144480;0.0
SALSICHA HOT DOG AURORA 5;2410709;11.99;144454;0.0
SARDINHA G COSTA TOMATE 1;2410710;6.45;144767;0.0
INSETIC SBP ELETRICO LIQ;2410711;18.99;1;0.0
CHA LEAO HORTELA 10G;2410712;4.45;144730;0.0
SALGADINHO YOKITOS REDINH;2410713;3.5;144855;0.0
ACAFRAO DA TERRA KITANO 5;2410714;9.95;144770;0.0
CANJICA BRANCA YOKI 500G;2410715;12.9;1;0.0
DESOD AERO FIORUCCI MR. G;2410716;21.9;144876;0.0
LANCHE FAROESTE AURORA X;2410717;8.49;144437;0.0
SALGADINHO YOKITOS LUA QU;2410718;3.5;144855;0.0
MILHO P/PIPOCA YOKI 400G;2410719;6.45;144773;0.0
LUSTRA MOVEIS POLIFLOR LA;2410720;10.9;1;0.0
BISC COOKIES BAUDUCCO MAX;2410721;4.5;144683;0.0
LIMPADOR VEJA MULTI USO C;2410722;6.95;144839;0.0
CAFE PELE TRADICIONAL VAC;2410723;15.9;144728;0.0
TRENA EMBORRACHADA 3M KIM;2410724;19.99;144514;0.0
NUGGET LIQUIDO PRETO 60ML;2410725;24.9;144812;0.0
DESOD AERO BOM AR LIMAO S;2410726;17.99;144835;0.0
LEITE FERMENTADO ELEGE BO;2410727;9.49;144479;0.0
ESMALTE RISQUE RENDA 8ML;2410728;6.49;144924;0.0
CADERNO ESPIRAL TILIBRA 1;2410729;7.99;144504;0.0
MULTIUSO UAU FLORAL 500ML;2410730;5.99;144839;0.0
GARRAFA TERMICA ALADDIN R;2410731;69.99;144190;0.0
CORANTE XADREZ VERDE 50ML;2410732;7.49;144849;0.0
AGUA DE COCO QUADRADO MEL;2410733;2.5;144637;0.0
SACO P/LIXO LIMPALE REF 3;2410734;7.99;144510;0.0
CAMOMILA KITANO 10G;2410735;4.99;1;0.0
HAVAIANAS TRADICIONAL PRE;2410736;19.99;144492;0.0
CHA LEAO ERVA DOCE 20G;2410737;4.45;144730;0.0
SACOS P/LIXO LIMPALE 30L;2410738;6.99;144510;0.0
MINI PAO DE QUEIJO SHALAN;2410739;4.99;144437;0.0
SALAME CAIPIRA LOMBO CANA;2410740;26.9;144461;0.0
TEE LLL 3/4 C/1 KIMARC;2410741;4.99;144514;0.0
AGUA MICELAR SOUL ROSA MO;2410742;16.9;1;0.0
GRAMPO P/CABELO KIMARC PR;2410743;8.99;144514;0.0
TAPIOCA TAPIOLIFE 500G;2410744;5.99;1;0.0
HAVAIANAS TOP PRETO 43/4;2410745;31.9;144492;0.0
TULIPA MARINADA;2410746;28.9;144309;0.0
SALAME CAIPIRA TRADICIONA;2410747;26.9;144461;0.0
LUVA LR 3/4 C/1 KIMARC;2410748;5.99;144514;0.0
FITA ISOLANTE 3M 18MMX10M;2410749;4.5;144518;0.0
AMENDOIM TORRADO S/PELE C;2410750;6.99;144856;0.0
FILE DE FRANGO;2410751;22.9;144309;0.0
ENERGY MONSTER JUICE KHAO;2410752;10.49;144659;0.0
TOUCINHO;2410753;25.9;144499;0.0
LAMINA WILKINSON C/3;2410754;2.5;144901;0.0
INSETIC DETEFON ESPIRAL C;2410755;6.99;1;0.0
PINCA DEPILATORIA C/2 KIM;2410756;6.99;144514;0.0
AMENDOIM TORRADO C/PELE C;2410757;5.49;144856;0.0
COURINHO DE PORCO;2410758;14.9;144499;0.0
HAVAIANAS TOP PRETO 37/8;2410759;31.9;144492;0.0
CHA MATTE LEAO 250G;2410760;8.49;144730;0.0
PE SUINO KG;2410761;14.99;144499;0.0
HAVAIANAS TRADICIONAL PRE;2410762;19.99;144492;0.0
COPO DESC FONPLAST TRANSP;2410763;3.75;144510;0.0
INSET SBP ELETRICO LIQUID;2410764;25.9;144837;0.0
PANETONE CASA DO PAO 500G;2410765;12.99;144858;0.0
ASA FRANGO TEMPERADA;2410766;22.9;144309;0.0
KIT SOUL SH/CONDIC/CR BAB;2410767;41.9;144928;0.0
APARELHO BARBEAR BIC COMF;2410768;8.49;144898;0.0
PERNIL SUINO C/OSSO;2410769;19.9;144499;0.0
VELAS SR BOM JESUS 5F 8G;2410770;4.35;144513;0.0
ENERGY MONSTER ABSOLUTELY;2410771;10.49;144659;0.0
SABONETE LIQ INTIMO SOUL;2410772;9.49;144918;0.0
COLORIFICO DA VOVO 400G;2410773;4.99;149379;0.0
PASTA MODELADORA SHOXX BL;2410774;18.9;145727;0.0
PANETTONE ITALIA MIA FRUT;2410775;11.9;144858;0.0
POMADA MODELADORA SHOXX B;2410776;18.99;145727;0.0
RACAO CATCHONI MIX FHT AD;2410777;18.9;144488;0.0
PAPRICA PICANTE SABOR DO;2410778;2.99;1;0.0
LAVA ROUPAS LIQ FORTE MAX;2410779;17.99;144852;0.0
TOP FACIL BOWLS PARAMOUNT;2410780;4.99;1;0.0
FILME DE PVC LIFE CLEAN 2;2410781;4.5;144510;0.0
CERA MODELADORA WAX MATTE;2410782;18.99;145727;0.0
SUSTAGEM KIDS CHOCOLATE S;2410783;10.9;1;0.0
AMENDOIM MONTE TORRADO SA;2410784;4.99;144856;0.0
PIZZA SEMI PRONTA L BELLA;2410785;27.9;144318;0.0
CHIMICHURRI S MONTE 20G;2410786;3.99;144770;0.0
RATICIDA ATUAL 25G;2410787;3.99;1;0.0
POMADA MOD SHOXX CRISTAL;2410788;15.9;145727;0.0
PILHA BR 55 AA C/4;2410789;6.99;144522;0.0
ENERGY MONSTER PIPELINE P;2410790;10.49;144659;0.0
ESPREMEDOR DE ALHO ALUMIN;2410791;6.99;144166;0.0
SUCO K MAIS LARANJA VOVO;2410792;8.99;1;0.0
SUSTAGEN KIDS MORANGO 380;2410793;24.9;1;0.0
CRACVO MOIDO SABOR DO MON;2410794;2.39;1;0.0
OLEO COCO SHOXX 60ML;2410795;10.49;144873;0.0
PAPEL ALUMINIO LIFE CLEAN;2410796;3.99;144505;0.0
LAVA ROUPAS FORTE MAX COC;2410797;18.99;144852;0.0
FARINHA MANDIOCA BIJU SAB;2410798;8.99;144772;0.0
TOALHINHAS UMEDECIDAS ISA;2410799;7.99;144909;0.0
TEMPERO BAIANO SABOR DO M;2410800;2.99;1;0.0
CLORO GEL FORTE MAX 2L;2410801;29.9;1;0.0
CHOCOLATE GRANULADO SABOR;2410802;2.49;144739;0.0
SOFIOLLI ARTESANAL MAGNO;2410803;39.9;144318;0.0
FRALDA DESC HIPOPO BABY M;2410804;15.99;144908;0.0
CASTANHA DE CAJU SABOR DO;2410805;11.99;1;0.0
FORMA DE ALUMINIO TOSTEX;2410806;19.99;144166;0.0
PASTA MODELADORA SHOXX CR;2410807;18.9;145727;0.0
FARINHA MANDIOCA GROSSA S;2410808;6.49;144772;0.0
RACAO CATCHONI PEIXE 1KG;2410809;22.9;144488;0.0
CANJICA SABOR MONTE 500G;2410810;9.9;144773;0.0
LAMPADA BULBO LED MUNDILU;2410811;11.99;144520;0.0
PAPEL ALUMINIO LIFE CLEAN;2410812;6.99;144505;0.0
LASANHA SEARA BOLONHESA 3;2410813;12.99;144437;0.0
PENTE P/CASPA KIMARC;2410814;3.99;144514;0.0
CEBOLA ALHO E SALSA 40G;2410815;6.35;1;0.0
ENGATE LAVATORIO 40CM PLA;2410816;11.99;1;0.0
OLEO SOJA SOYA 900ML;2410817;5.99;144633;0.0
CREME HIDRATANTE SOUL SEB;2410818;11.99;144913;0.0
AGUA DE COCO QUADRADO MAR;2410819;2.5;144637;0.0
ESCOVA OVAL KIMARC;2410820;3.99;144514;0.0
GEL DENTAL CLOSE UP MENTH;2410821;6.49;144887;0.0
COPO TERMICO STANLEY S/TA;2410822;175.0;1;0.0
SACOS P/LIXO LIMPALE 15L;2410823;6.99;144510;0.0
COXAO MOLE GRILL;2410824;34.99;144297;0.0
UVA ITALIA RIBER 500G;2410825;7.99;144120;0.0
HAVAIANAS TOP PRETO 41/2;2410826;31.9;144492;0.0
CREME PENTEAR SEDA CACHOS;2410827;10.99;144872;0.0
AGULHEIRO C/19UNID KIMARC;2410828;4.99;144514;0.0
SACO P/LIXO LIMPALE REF 1;2410829;7.99;144510;0.0
HAVAIANAS TOP VERM RUBI 3;2410830;31.9;144492;0.0
MEDALHAO DE MANDIOCA ESTA;2410831;18.9;1;0.0
SAB LIQ INTIMO SOUL TALCO;2410832;9.49;144918;0.0
BRACO DE CHUVEIRO 40CM KI;2410833;19.99;144514;0.0
ESCOVA P/ROUPAS CONDOR MA;2410834;3.99;144836;0.0
MANDIOQUINHA AJ MONTEIRO;2410835;8.99;1;0.0
COXA E SOBRECOXA;2410836;11.99;144309;0.0
PACOCA TIA DADA 80G;2410837;2.75;144715;0.0
SACO P/LIXO LIMPALE PIA/B;2410838;6.49;144510;0.0
HAVAIANAS TOP VERM RUBI 3;2410839;28.9;144492;0.0
AGUA COCO QUADRADO 200ML;2410840;2.75;144637;0.0
LIMPADOR VEJA MULTI USO O;2410841;6.95;144839;0.0
TINTURA COR TON ACAJU ACO;2410842;16.9;144867;0.0
AGUA DE COCO PURO COCO MA;2410843;2.49;144637;0.0
CHICLE TRIDENT MORANGO 8G;2410844;2.99;144694;0.0
CHICLE X CLE TUTTI FRUTTI;2410845;1.5;144694;0.0
HOT HIT SEARA X PICANHA 1;2410846;10.9;144437;0.0
PUDINZEIRA ARARY ALUMINIO;2410847;64.9;144166;0.0
FILEZINHO DE PEITO SEARA;2410848;28.9;1;0.0
LING PAIO SEARA 370G;2410849;13.99;144449;0.0
CREME TRAT ELSEVE LONGO D;2410850;31.9;144873;0.0
CONDIC ELSEVE OLEO EXTRAO;2410851;18.9;144869;0.0
CHOCOLATE SNICKERS COCO 4;2410852;3.5;144699;0.0
DROPS MENTOS 37,5G RAINBO;2410853;2.99;144694;0.0
SACO P/LIXO PLASTIZEN 30L;2410854;6.49;144510;0.0
HAVAIANAS TOP VERDE LIMAO;2410855;29.9;144492;0.0
FILE DE PEITO LAR 1KG;2410856;21.99;1;0.0
XICARA DE CHA ASTRAL NADI;2410857;10.5;1;0.0
SACO P/LIXO PLASTIZEN 100;2410858;6.49;144510;0.0
TINTURA COR TON CAST CLAR;2410859;16.9;144867;0.0
HOT HIT SEARA X BACON 145;2410860;9.49;144437;0.0
CREME CULINARIO TRIANGULO;2410861;3.19;1;0.0
CHOCOLATE SNICKERS 45G;2410862;4.5;144699;0.0
FRALDA DESC TOM AND JERRY;2410863;29.9;144908;0.0
CONDIC ELSEVE HIDRA HIALU;2410864;19.9;144869;0.0
MORTADELA SEARA CONFIANCA;2410865;6.99;144460;0.0
TINTURA COR TON VERMELHO;2410866;15.9;144867;0.0
DROPS MENTOS FRUIT 24,1G;2410867;1.99;144694;0.0
CHOCOLATE MMS AMENDOIM 45;2410868;5.49;144699;0.0
CONDIC ELSEVE HYDRA DETOX;2410869;19.9;144869;0.0
CREME DENTAL ICEFRESH DEN;2410870;1.99;144887;0.0
MAXI DUCHA LORENZETTI 127;2410871;74.9;144516;0.0
SABONETE MARAN ERVA DOCE;2410872;1.79;144920;0.0
TINTURA COR TON CAST ESC;2410873;16.9;144867;0.0
CHICLE BUBBALOO TUTTIFRUT;2410874;0.4;144694;0.0
ESCOVA P/UNHAS KIMARC;2410875;6.99;144514;0.0
COCO RALADO SOCOCO FLOCOC;2410876;12.99;144864;0.0
BISC MARILAN TORTINHAS LI;2410877;4.45;144689;0.0
BATATA PRINGLES ORIGINAL;2410879;14.99;144855;0.0
CROCANTISSIMO SALAME E LI;2410880;3.99;144929;0.0
BISC MARILAN TORTINHAS MO;2410881;4.45;144689;0.0
CONDIC NIELY GOLD COMPRID;2410882;14.99;144869;0.0
BISC MARILAN MAIZENA 170G;2410883;3.99;144684;0.0
TORRADA MAGIC TOAST INTEG;2410884;6.79;144929;0.0
CONDIC NIELY GOLD FOR MEN;2410885;10.99;144869;0.0
CEREAL KELLOGGS SUCRILHOS;2410886;7.95;144729;0.0
ESCOVA BETTA JEANS P/TANQ;2410887;8.49;144836;0.0
BISC MARILAN AGUA E SAL 3;2410888;6.99;144688;0.0
BOLO PULLMAN CHOCOLATE 25;2410889;10.99;144320;0.0
GARRAFA TERMICA UNITERMI;2410890;57.9;144190;0.0
AGUARD 51 ICE MARACUJA 27;2410891;7.49;144808;0.0
VASSOURA BETTANIN NOVICA;2410892;17.99;144836;0.0
BATATA PRINGLES QUEIJO 10;2410893;13.99;144855;0.0
PAO FORMA PULLMAN ARTESAN;2410894;15.9;144320;0.0
PAO DE FORMA PULLMAN 100%;2410895;16.9;144320;0.0
CEREAL KELLOGGS POWER POP;2410896;16.49;144729;0.0
AZEITONAS VERDES MALAGUEN;2410897;8.99;144801;0.0
LEITE DE COCO SOCOCO 200M;2410898;8.45;144863;0.0
BATATA PRINGLES CREME E C;2410899;14.99;144855;0.0
BISC MARILAN PIT STOP PIZ;2410900;5.49;144688;0.0
ROSQUINHAS MARILAN COCO 3;2410901;8.65;1;0.0
BISC MARILAN MAIZENA CHOC;2410902;8.49;144684;0.0
AGUARD 51 ICE TANGERINA 2;2410903;7.49;144808;0.0
LAVA LOUCAS MULTIUSO ESFR;2410904;6.99;1;0.0
TORRADA MARILAN MAGIC TOA;2410905;6.49;144929;0.0
BISC PIT STOP RECH CHOCOL;2410906;5.35;144687;0.0
SHAMPOO NIELY GOLD AGUA D;2410907;12.9;144870;0.0
AGUARDENTE PIRASSUNUNGA 5;2410908;16.99;144651;0.0
BISC MARILAN PIT STOP PAO;2410909;5.25;144688;0.0
CONDIC NIELY GOLD MEGA BR;2410910;10.99;144869;0.0
SUCO DE UVA MARQUES DE ME;2410911;26.99;144666;0.0
CEBOLA SALSA BACON TIO CH;2410912;4.45;1;0.0
SUCRILHOS KELLOGGS ORIGIN;2410913;22.9;144729;0.0
AZEITONAS MALAGUENA S/CAR;2410914;10.99;144801;0.0
TEMPERO E DU GUEDES TIO C;2410915;3.99;1;0.0
JARRA TERMICA UNITERMI AZ;2410916;46.9;1;0.0
IPANEMA R1 STYLE DEDO PTO;2410917;35.99;144493;0.0
ADESIVO DE TUBO PVC 17G K;2410918;8.99;144514;0.0
HAVAIANAS TRADICIONAL AZU;2410919;26.9;144492;0.0
COXINHAS ASAS MARINADA;2410921;16.99;144309;0.0
ASA DE FRANGO;2410922;18.99;144309;0.0
ESPONJA LIMPEZA SCOTCH BR;2410923;6.49;144819;0.0
LUVA LL 3/4 C/2 KIMARC;2410924;6.99;144514;0.0
GARRAFA TERMICA ALADDIN M;2410925;84.9;144190;0.0
COPO FONPLAST 300ML 50UN;2410926;13.99;144510;0.0
TULIPA S/TEMPERO;2410927;24.9;144309;0.0
SAB LUX SUAVE BUQUE SONHO;2410928;1.59;144920;0.0
ESPONJA MULTIUSO SCOTCH B;2410929;7.99;144819;0.0
CREME HIDRATANTE SOUL SEB;2410930;9.9;144913;0.0
HAVAIANAS TRADICIONAL AZU;2410931;26.9;144492;0.0
RUM MONTILLA CARTA OURO 1;2410932;39.9;1;0.0
PLUG 3/4 C/2 KIMARC;2410933;5.99;144514;0.0
PAO SOVADO CASA DO PAO 50;2410934;7.35;144320;0.0
CHA LEAO MORANGO 16G;2410935;8.95;144730;0.0
FRANGO INTEIRO;2410936;10.99;144309;0.0
BICARBONATO SODIO KITANO;2410937;5.99;144770;0.0
MASCARA SOUL CRINA HORSE;2410938;10.9;144873;0.0
ENERGY MONSTER ULTRA VIOL;2410940;10.49;144659;0.0
DESOD BOM AR ROMANCE 360M;2410941;17.99;144835;0.0
ROLO ADESIVO SCOTCH BRITE;2410942;19.9;1;0.0
AGUA DE COCO QUADRADO MOR;2410943;2.5;144637;0.0
ESPONJA DUPLA FACE SCOTCH;2410944;2.95;144819;0.0
HAVAIANAS COLOR PTO 25/6;2410945;16.9;144492;0.0
ROSQUINHA DE PINGA DULLY;2410946;13.99;144684;0.0
ESPONJA LAVA LOUCA SCOTCH;2410947;3.25;144819;0.0
CALDEIRAO BOJUDO MEGA ALU;2410948;46.9;144166;0.0
CONDIC PANTENE RESTAURACA;2410949;31.9;144869;0.0
MORTADELA DEFUMADA;2410950;28.99;144460;0.0
AP BARBEAR GILLETTE ULTRA;2410951;8.99;144898;0.0
ENERGY MONSTER ULTRA PARA;2410952;10.49;144659;0.0
MEL APIARIO BEIJA FLOR 50;2410953;12.9;1;0.0
MORTADELA MARBA;2410954;21.9;144460;0.0
SHAMPOO PANTENE HIDRO CAU;2410955;16.9;144870;0.0
SABONETE PROTEX CARVAO/DE;2410957;5.45;144920;0.0
DOBRADINHA KG;2410958;22.9;144297;0.0
CR DENTAL ORAL-B COMPLETE;2410959;3.99;144887;0.0
COND PANTENE EQUILIBRIO 1;2410960;18.99;144869;0.0
CONDIC PANTENE CACHOS 400;2410961;31.9;144869;0.0
CHICLE TRIDENT FRESH INTE;2410963;2.99;144694;0.0
SHAMPOO DARLING DETOX 350;2410964;9.9;144870;0.0
FILE DE FRANGO EMPANADO;2410965;34.9;144309;0.0
ESCOVA DENTAL ORAL B PRO;2410966;4.99;144889;0.0
ABS ALWAYS SECA C/ABAS C/;2410968;6.49;144892;0.0
SHAMPOO HEAD SHOULDERS DE;2410969;22.9;144870;0.0
AMACIANTE DOWNY CONC LIRI;2410970;29.9;144845;0.0
ABS ALWAYS SECA NOTURNO C;2410971;11.99;144892;0.0
AMACIANTE DOWNY CONC SENS;2410972;12.99;144845;0.0
AMACIANTE DOWNY CONCENT P;2410973;14.99;144845;0.0
BACON;2410974;49.9;144442;0.0
MEDALHAO FRANGO;2410975;34.9;144426;0.0
CREME DENTAL COLGATE LUMI;2410976;11.9;144887;0.0
SALSICHA HOT DOG;2410977;9.9;144462;0.0
SOMBRINHA BOLSA COLORIDA;2410978;25.9;157428;0.0
AMACIANTE DOWNY BRISA SUA;2410979;25.9;144845;0.0
REFRESCO PO TANG LARANJA;2410980;1.65;144930;0.0
CHOC LACTA AO LEITE OREO;2410981;9.49;144699;0.0
CONDIC PANTENE MICELAR 40;2410982;31.9;144869;0.0
SHAMPOO  HEAD SHOULDERS H;2410983;22.9;144870;0.0
DESOD AERO NIVEA BLACK WH;2410984;15.99;144876;0.0
CR DENTAL ORAL B 3D WHITE;2410985;4.95;144887;0.0
SHAMPOO PALMOLIVE HYDRATE;2410986;12.99;144870;0.0
REFRESCO PO TANG ABACAXI;2410987;1.65;144930;0.0
SOMBRINHA DE SEDA LONGA D;2410988;46.9;157428;0.0
FORMA ALUMINIO MEGA 3X1 N;2410989;99.9;144166;0.0
FRALDA DESC PAMPERS SUPER;2410990;36.99;144908;0.0
SHAMPOO PANTENE RESTAURAC;2410991;16.9;144870;0.0
GARRAFA TERMICA FLORENCA;2410992;44.9;144190;0.0
FRALDA DESC PAMPERS SUPER;2410993;36.99;144908;0.0
CONDIC NIELY GOLD AGUA DE;2410994;14.99;144869;0.0
VINHO MESA TINTO MARQUES;2410995;31.9;144673;0.0
AGUARD 51 ICE BALADA 275M;2410996;7.49;144808;0.0
CROCANTISSIMO PEITO DE PE;2410997;3.99;144929;0.0
BATATA PRINGLES CHURRASCO;2410999;12.99;144855;0.0
PAO DE HAMBURGUER ARTESAN;2411000;16.99;144320;0.0
BISC MARILAN CREAM CRACKE;2411001;3.79;144688;0.0
CONDIC NIELY GOLD POS QUI;2411002;14.99;144869;0.0
BATATA PRINGLES CHEDDAR E;2411003;12.99;144855;0.0
BOLINHO ANA MARIA DUPLO C;2411004;2.99;144320;0.0
BISNAGUITO PULLMAN 300G;2411005;9.9;144320;0.0
WAFER MARILAN CHOCOLATE 1;2411006;4.35;144691;0.0
RAP 10 PULLMAN INTEGRAL 3;2411007;13.5;144320;0.0
BOLO PULLMAN FRAPE 250G;2411008;10.99;144320;0.0
PAO HAMBURGUER PULLMAN GE;2411009;14.99;144320;0.0
BISC MARILAN TEENS CHOCO;2411010;3.95;144691;0.0
BISC MARILAN AMANTEIGADO;2411011;8.49;144684;0.0
GARRAFA TERMICA UNITERM F;2411012;57.9;144190;0.0
COCO RALADO MAIS COCO 50G;2411013;3.75;144864;0.0
BISC MARILAN AMANTEIGADO;2411014;8.49;144684;0.0
BATATA PRINGLES QUEIJO 12;2411015;14.99;144855;0.0
BISC MARILAN PIT STOP REC;2411017;5.95;144687;0.0
AGUARD 51 ICE CITRUS 275M;2411018;7.49;144808;0.0
BISNAGA ARTESANO PULLMAN;2411020;10.99;144320;0.0
AZEITONAS VERDES MALAGUEN;2411022;5.35;144801;0.0
BISC MARILAN AMANTEIGADO;2411023;8.9;144684;0.0
BISC AMANTEIGADO MARILAN;2411024;8.49;144684;0.0
CROCANTISSIMO QUEIJO E  C;2411025;3.99;144929;0.0
BISC MARILAN MAIZENA L400;2411026;6.49;144684;0.0
SHAMPOO NIELY GOLD OLEO A;2411027;12.9;144870;0.0
ANA MARIA PINGUINOS BAUNI;2411028;5.49;1;0.0
PANETTONE PARATI CHOCOLAT;2411029;24.99;144858;0.0
TORRADA MAGIC TOAST MULTI;2411030;6.79;144929;0.0
AGUA DE COCO SOCOCO 1L;2411031;16.9;144637;0.0
PIZZA SEMI PRONTA L BELLA;2411032;22.9;144318;0.0
BISNAGUINHA CHAPA PULLMAN;2411033;10.99;144320;0.0
LEITE DE COCO SOCOCO TP 2;2411034;5.99;144863;0.0
PAO DE FORMA PULLMAN INTE;2411035;11.9;144320;0.0
PIMENTA DO REINO TIO CHIC;2411036;7.49;1;0.0
RAP 10 PULLMAN ORIGINAL 3;2411037;13.5;144320;0.0
CARGA MACH 3 GILLETTE C/1;2411038;15.49;144899;0.0
MOELA;2411039;10.9;1;0.0
CHICLE TRIDENT ACID BLUEB;2411040;2.99;144694;0.0
FRALDA DESC PAMPERS SUPER;2411042;36.99;144908;0.0
SHAMPOO PANTENE HIDRATACA;2411043;33.9;144870;0.0
SHAMPOO PANTENE CACHOS 17;2411044;16.9;144870;0.0
FRALDA DESC PAMPERS SUPER;2411045;36.99;144908;0.0
AMACIANTE DOWNY CONC BRIS;2411046;29.9;144845;0.0
CONDIC PANTENE LISO EXTRE;2411047;18.99;144869;0.0
SABONETE PROTEX DUOPROTEC;2411048;5.45;144920;0.0
AZEITE OLIVA ANDORINHA EX;2411049;36.99;144775;0.0
DES AERO GILLETTE ANTIBAC;2411050;21.9;144876;0.0
PINCEL MARCADOR PERMANENT;2411051;4.99;1;0.0
ISQUEIRO BIG GRANDE DECOR;2411052;8.0;144506;0.0
FRANGO A PASSARINHO;2411053;11.99;144309;0.0
REFRESCO PO TANG MORANGO;2411054;1.65;144930;0.0
ESCOVA DENTAL COLGATE COL;2411055;13.99;144889;0.0
SABONETE PALMOLIVE MELANC;2411056;3.49;144920;0.0
AZEITE GALLO PURO 500ML;2411057;53.99;144775;0.0
SHAMPOO PANTENE HIDRO CAU;2411058;33.9;144870;0.0
DESOD AERO DOVE GO FRESH;2411059;21.9;144876;0.0
GUARDA CHUVA AUTOMATICO;2411060;31.9;157428;0.0
SHAMPOO PANTENE LISO EXTR;2411061;16.9;144870;0.0
AP BARBEAR GILLETTE ULTRA;2411062;14.99;144898;0.0
CONDIC PANTENE HIDRO CAUT;2411063;31.9;144869;0.0
SHAMPOO PANTENE BAMBU NUT;2411064;16.9;144870;0.0
REFRESCO EM PO FRESH LARA;2411065;1.65;144930;0.0
PINCEL MARCADOR PERMANENT;2411066;4.99;1;0.0
DES AERO AXE URBAN 152ML;2411067;16.99;144876;0.0
SHAMPOO HEAD SHOULDERS ME;2411068;22.9;144870;0.0
AMACIANTE DOWNY CONC BRIS;2411069;14.99;144845;0.0
SHAMPOO PANTENE HIDRATACA;2411070;16.9;144870;0.0
SHAMPOO PANTENE RESTAURAC;2411071;33.9;144870;0.0
AMACIANTE DOWNY CONC AGUA;2411072;28.9;144845;0.0
ABS ALWAYS SUAVE S/ABAS C;2411073;5.49;144892;0.0
LING SUINA AURORA;2411074;24.99;144296;0.0
LING CABO DE REIO SECA;2411075;28.9;144425;0.0
REFRESCO PO TANG GUARANA;2411076;1.65;144930;0.0
CREME DENTAL ORAL B 123 7;2411077;3.99;144887;0.0
CONDIC PANTENE HIDRO CAUT;2411078;18.99;144869;0.0
CHICLE TRIDENT MAX RASPBE;2411080;3.99;144694;0.0
PAO FORMA PULLMAN INTEGRA;2411081;7.45;144320;0.0
DESOD AERO NIVEA INVIS BL;2411082;15.99;144876;0.0
RAP 10 PULLMAN CHOCOLATE;2411083;11.99;144320;0.0
PAO FORMA NUTRELLA FRUTAS;2411084;16.9;144320;0.0
BISC MARILAN TORTINHAS MA;2411085;4.45;144689;0.0
CEBOLA ALHO E SALSA TIO C;2411086;3.99;1;0.0
PIZZA SEMI PRONTA L BELLA;2411087;22.9;144318;0.0
BOLO PULLMAN COCO 250G;2411088;10.99;144320;0.0
PANCETA TEMP EMA 500G;2411089;18.9;144499;0.0
ROSQUINHAS MARILAN LEITE;2411090;8.65;1;0.0
ARROZ BREJEIRO TP1 5KG;2411091;26.75;144629;0.0
TINTURA COR TON PRETO AZU;2411092;16.9;144867;0.0
BISC MARILAN DISTRACAO BA;2411093;9.65;144687;0.0
BISC MARILAN CREAM CRACKE;2411094;6.99;144688;0.0
CHIMICHURRI TIO CHICO 15G;2411095;4.99;1;0.0
CHOCOLATE GRANULADO PRETO;2411096;6.35;144739;0.0
PAO DE FORMA PULLMAN 480G;2411097;10.99;144320;0.0
CROCANTISSIMO CHURRASCO 4;2411098;3.99;144929;0.0
BATATA PRINGLES CREME/CEB;2411099;13.99;144855;0.0
GARRAFA TERMICA UNITERMI;2411100;52.9;144190;0.0
SHAMPOO PANTENE MICELAR 2;2411101;16.9;144870;0.0
REFRESCO TAMPICO FRUTAS C;2411102;8.99;1;0.0
PRESUNTO COZ MAGRO;2411103;34.9;144457;0.0
CHOCOLATE BIS XTRA BLACK;2411104;3.5;144699;0.0
SOMBRINHA DE BOLSA;2411105;28.9;157428;0.0
FITA CORRETIVA JOCAROFFIC;2411106;7.99;144504;0.0
SOMBRINHA DE BOLSA;2411107;26.9;157428;0.0
FRALDA DESC PAMPERS SUPER;2411108;51.9;144908;0.0
AMACIANTE DOWNY CONCENT B;2411109;14.99;144845;0.0
PEITO DE PERU;2411110;52.9;1;0.0
SHAMPOO HEAD SHOULDERS ME;2411111;22.9;144870;0.0
AMACIANTE DOWNY CONC BRIS;2411112;26.9;144845;0.0
DESOD AERO DOVE ORIGINAL;2411113;21.9;144876;0.0
LING CALABRESA DEFUMADA;2411114;36.9;144447;0.0
SABONETE PALMOLIVE MELANC;2411115;5.49;144920;0.0
GEL DENTAL SORRISO CARVAO;2411116;5.99;144887;0.0
CONDIC DOVE RECONSTRUCAO;2411117;29.9;144869;0.0
BOLACHINHA CHOCOFESTA;2411118;42.9;1;0.0
PEPINO JAPONES;2411119;7.99;144121;0.0
PESCOCO DE FRANGO;2411120;8.99;144309;0.0
DESOD AERO REXONA ACTIVE;2411121;17.99;144876;0.0
FLOR ANTURIO P09;2411122;15.0;144626;0.0
AZEITONA VERDE;2411123;34.9;144317;0.0
LING CALABRESA DEFUMADA R;2411124;32.9;144447;0.0
MACA;2411125;13.99;144120;0.0
AP BARBEAR GILLETTE MACH3;2411126;29.9;144897;0.0
PIMENTAO VERDE;2411127;14.99;144121;0.0
REPOLHO;2411128;5.49;144121;0.0
NUGGET PASTA MARROM 36G;2411129;17.99;144836;0.0
MUCARELA BOLINHA DEF KG;2411130;29.9;144470;0.0
SHAMPOO DOVE RECONSTRUCAO;2411131;24.99;144870;0.0
RIDER R1 CHAVES DEDO AD;2411132;40.9;144493;0.0
ENXAG BUCAL LISTERINE CT;2411133;24.99;144888;0.0
CHUCHU;2411134;5.49;144121;0.0
NUGGET PASTA PRETO 36G;2411135;16.99;144812;0.0
REFRESCO TANG GOIABA 25G;2411136;1.65;144930;0.0
HAVAIANAS TOP CINZA ACO 4;2411137;28.9;144492;0.0
BISCOITO CLUB SOCIAL ORIG;2411138;6.49;144688;0.0
CHOCOLATE BIS XTRA LACTA;2411139;3.75;144699;0.0
CHOC LACTA LAKA 80G;2411141;7.49;144699;0.0
BISC RECH TRAKINAS TORTIN;2411142;2.65;144689;0.0
CORACAO DE BOI;2411143;14.99;144297;0.0
FATIAS HUNGARA;2411144;32.99;1;0.0
BATATA PALHA POPFRITA TRA;2411145;4.99;144857;0.0
DESOD AERO AXE BS BLACK 1;2411146;16.99;144876;0.0
FERMENTO EM PO ROYAL 250G;2411147;11.99;144733;0.0
MANDIOQUINHA;2411148;29.9;144121;0.0
FARINHA DE ROSCA;2411149;16.9;1;0.0
GELATINA ROYAL FRAMBOESA;2411150;1.99;144734;0.0
HAVAIANAS TOP NETFLIX ARE;2411151;42.9;144492;0.0
MELAO AMARELO;2411152;11.9;144120;0.0
PRESUNTO PEDACO;2411153;27.9;144457;0.0
REFRESCO PO TANG LARANJA;2411154;1.65;144930;0.0
AZEITONA VERDE S/CAROCO;2411155;35.99;144317;0.0
HAVAIANAS TOP MARINHO 41/;2411156;28.9;144492;0.0
BISC RECH OREO MILKSHAKE;2411157;3.79;144687;0.0
CARNE SECA MANTA;2411158;56.99;144297;0.0
CHOCOLATE BIS LACTA BRANC;2411159;7.49;144700;0.0
QUEIJO PRATO CRIOULO LANC;2411160;89.9;144472;0.0
APARELHO PROBAK II REG C/;2411161;4.99;144898;0.0
CARNE SECA EMA;2411162;64.99;144297;0.0
HAVAIANAS TOP ROSE GOLD 3;2411163;28.9;144492;0.0
CEREJA EM CALDA KG;2411164;118.99;144317;0.0
DESOD AERO REXONA V8 150M;2411165;17.99;144876;0.0
DESOD AERO REXONA BAMBOO;2411166;17.99;144876;0.0
CHOCOLATE LACTA AO LEITE;2411167;6.99;144699;0.0
TORRESMO SEMI PRONTO REAL;2411168;39.9;1;0.0
LING MISTA FINA AURORA DE;2411169;27.99;144447;0.0
CONTRA FILE BOI BOM;2411170;56.9;144297;0.0
CHOCOLATE LACTA AO LEITE;2411171;1.99;144699;0.0
CHOC LACTA SHOT 80G;2411172;8.5;144699;0.0
HAVAIANAS TOP NETFLIX ARE;2411173;42.9;144492;0.0
DESOD AERO REXONA INVISIB;2411174;17.99;144876;0.0
ABACATE KG;2411175;8.49;144120;0.0
CARNE P/CHURRASCO TEMPERA;2411176;34.99;1;0.0
BATATA;2411177;5.99;144121;0.0
LOMBO SUINO;2411178;29.9;144499;0.0
BANANINHA;2411179;45.9;1;0.0
FILE DE FRANGO BIFE TEMPE;2411180;24.9;144309;0.0
COSTELA SUINA;2411181;16.99;144499;0.0
BOLO DA CASA;2411182;33.9;144199;0.0
SARDINHA SALGADA KG;2411183;21.99;144347;0.0
MORTADELA EMA;2411184;29.9;144460;0.0
HAVAIANAS TOP AZUL MARINH;2411185;28.9;144492;0.0
SOBRECOXA FRANGO;2411186;11.9;144309;0.0
DESOD AERO NIVEA ACTIVE D;2411187;15.99;144876;0.0
DESOD AERO REXONA XTRACOO;2411188;17.99;144876;0.0
GELATINA ROYAL MORANGO 25;2411189;1.99;144734;0.0
BOMBOM LACTA FAVORITOS 25;2411190;14.99;144696;0.0
MAMAO PAPAYA;2411191;9.9;144120;0.0
DES REXONA ROLL ON EMOTIO;2411192;11.99;144878;0.0
DES REXONA ROLL ON INVISI;2411193;11.9;144878;0.0
LAGARTO BOVINO KG;2411194;33.9;144297;0.0
LING TOSCANA SEARA;2411195;22.99;144296;0.0
MANTEIGA DE CACAU BRASIL;2411196;4.99;144464;0.0
HAVAIANAS TOP MARINHO 37/;2411197;28.9;144492;0.0
CHOC BIS LACTA BRANCO 126;2411198;7.65;144700;0.0
MANGA;2411199;7.99;144120;0.0
BISC RECH TRAKINAS MORANG;2411200;2.79;144687;0.0
CHOCOLATE LAKA OREO 20G;2411201;1.79;144699;0.0
PIMENTAO VERMELHO;2411202;25.99;144121;0.0
BISC RECH OREO CHOCOLATE;2411203;3.79;144687;0.0
CHOC LACTA AMARO 80G;2411204;7.49;144699;0.0
BISC RECH TRAKINAS CHOCHO;2411205;2.79;144687;0.0
BANANA NANICA;2411206;6.49;144120;0.0
CENOURA;2411207;5.99;144121;0.0
QUEIJO PROVOLONE LARA;2411208;87.9;144473;0.0
QUEIJO MINAS ARTESANAL FI;2411209;44.9;144469;0.0
HAVAIANAS TOP CINZA ACO 3;2411210;28.9;144492;0.0
COOKIES LACTA AO LEITE 80;2411211;4.5;1;0.0
BISC RECH TRAKINAS CHO/MR;2411212;2.79;144687;0.0
RICOTA FRESCA LARA;2411213;24.9;1;0.0
KIBE DA CASA;2411214;29.9;1;0.0
RAQUETE DE FRANGO;2411215;18.99;144309;0.0
HAVAIANAS KIDS ATHLETIC C;2411216;29.9;144492;0.0
MEDALHAO MANDIOCA C/QUEIJ;2411217;36.9;144174;0.0
GELATINA ROYAL MARACUJA 2;2411218;1.99;144734;0.0
CONTRA FILE CHORIZO;2411219;59.99;144297;0.0
FRALDINHA GRILL;2411220;49.9;144297;0.0
VAGEM;2411221;24.99;144121;0.0
BOLO DE CENOURA;2411222;33.9;144199;0.0
DESOD AERO DOVE GO FRESH;2411223;21.9;144876;0.0
GOIABA VERMELHA;2411224;8.49;144120;0.0
COMPOSTO LACTEO NUTREN SE;2411225;69.9;1;0.0
CHAMBINHO NESTLE CHOCOLAT;2411226;9.8;144485;0.0
PICANHA BARRA MANSA;2411227;45.9;144297;0.0
CALDO MAGGI GALINHA 63G;2411228;1.99;144795;0.0
CESTA SELECAO D;2411229;120.0;144527;0.0
GALAO DE AGUA;2411230;13.0;144638;0.0
CESTA HIPER ELITE CLASSE;2411231;829.0;144527;0.0
HAVAIANAS TOP AZUL NAVAL;2411232;31.9;144492;0.0
CESTA SELECAO A;2411233;205.0;144527;0.0
COMBO COXINHA + ROLLER 20;2411234;5.99;1;0.0
DOG CHOW CARNE AO MOLHO A;2411235;3.99;144191;0.0
CARVAO MATAO 4KG;2411236;26.9;144507;0.0
CESTA CLASSIC PDV;2411237;649.0;144527;0.0
SALGADO FRITO;2411238;7.49;144431;0.0
COMBO SALGADO+POTY 200ML;2411239;7.99;144430;0.0
HAVAIANAS TOP AZUL NAVAL;2411240;31.9;144492;0.0
LING PERNIL FININHA ALHO/;2411241;33.99;144296;0.0
INSETICIDA GEL MAX FORMI;2411242;6.99;144837;0.0
PIRULITO FLOPITO BABY COR;2411243;14.9;144694;0.0
GELEIA PREDILECTA UVA 230;2411244;12.99;1;0.0
FLOCOS CEREAIS OVOMALTINE;2411245;5.5;1;0.0
PASSA CERA CRISTAL;2411246;12.99;1;0.0
CHOCOLATE MASSIMO TRENTO;2411247;2.5;144700;0.0
ESCOVA DE ROUPAS CRISTAL;2411248;5.99;144836;0.0
PAPEL HIG DUALETTE ULTRA;2411249;8.99;144904;0.0
MANTEIGA AVIACAO C/SAL LA;2411250;23.99;144464;0.0
MAIONESE PREDILECTA SC 20;2411251;2.79;144752;0.0
LIXEIRA BASCULANTE PLASMO;2411252;38.99;144341;0.0
BALA MASTIG PECCIN FRUTIG;2411253;4.99;144694;0.0
DESENTUPIDOR PIA SANFONAD;2411254;6.99;144836;0.0
FILE DE PEITO C VALE 1KG;2411255;29.9;1;0.0
FILEZINHO FRANGO EMPANADO;2411256;35.9;144309;0.0
VELA SR BOM JESUS STA EDW;2411257;14.9;144513;0.0
PIRULITO FLOPITO GIGA CHI;2411258;14.99;144694;0.0
ALHO TRITURADO CACIQUE 40;2411259;10.9;144794;0.0
ACHOC PREDILECTA SHOWCAU;2411260;4.45;144727;0.0
FILE DE POLACA DO ALASCA;2411261;31.9;1;0.0
POMADA MODELADORA NAXOS M;2411262;15.9;145727;0.0
AMOLECEDOR DE CUTICULAS N;2411263;9.9;144924;0.0
PIRULITO FLOPITO CORACAO;2411264;11.99;144694;0.0
CHOCOLATE TRENTO DUO 32G;2411265;2.5;144699;0.0
PAO DE ALHO RESERVA ONE 3;2411266;11.9;144318;0.0
RODO PLASTICO CRISTAL 40C;2411267;13.99;144836;0.0
PECCIN TRI BALA YOGURT MO;2411268;4.99;144694;0.0
GELEIA PREDILECTA MORANGO;2411269;13.99;1;0.0
CONDIC ISABABY BU ROSA 20;2411270;16.9;144906;0.0
CHOCOLATE TRENTO MASSIMO;2411271;2.5;144699;0.0
LAMEN PREDILECTA PRA JA T;2411272;1.75;144782;0.0
PIRULITO FLOPITO GIGA CHI;2411273;14.99;144694;0.0
MANTEIGA PAULISTA C/SAL 2;2411274;16.99;144464;0.0
BALA PECCIN MAST FRUTIBEL;2411275;3.99;144694;0.0
JARRA TRANSP C/TAMPA PLAS;2411276;8.99;1;0.0
BACIA PLASMONT 18L;2411277;17.99;144356;0.0
ACHOC EM PO SHOWCAU SC 70;2411278;7.99;144727;0.0
REFRIG COTUBA 600ML;2411279;4.99;144676;0.0
GELATINA FINALIZADOR DE C;2411280;15.9;144868;0.0
MOLHO SHOYU PREDILECTA 15;2411281;3.99;144758;0.0
VELAS SBJ REPELENTE 100G;2411283;9.9;144513;0.0
PIZZA SEMI PRONTA L BELLA;2411284;27.9;144318;0.0
FRALDA DESC HIPOPO BABY G;2411285;16.99;144908;0.0
PAPEL ALUMINIO LIFE CLEAN;2411286;6.99;144505;0.0
ESPREMEDOR DE BATATA ALUM;2411287;18.9;144166;0.0
OVOS YOSHINAGA VERMELHO;2411288;14.9;144428;0.0
RACAO DOGCHONI VEGETAIS 1;2411289;19.9;144191;0.0
VELA P/FILTRO CRISTALINA;2411290;13.9;1;0.0
SALEIRO PARAMOUNT 140ML;2411291;3.99;1;0.0
PIRULITO DIPLOKO MONSTERS;2411292;3.5;144694;0.0
FUBA MIMOSO SABOR DO MONT;2411293;3.99;144772;0.0
SUSTAGEM KIDS MORANGO SC;2411294;19.9;1;0.0
MILHO P/PIPOCA SABOR DO M;2411295;7.99;144773;0.0
GARRAFA TERMICA UNITERMI;2411296;78.9;144190;0.0
PASTA MODELADORA SHOXX MA;2411297;18.9;145727;0.0
PASTA MODELADORA SHOXX CR;2411298;18.9;145727;0.0
ERVA DOCE SABOR DO MONTE;2411299;3.99;1;0.0
CANELONE MAGNO PRES/MUS 8;2411300;31.9;144318;0.0
RONDELLI MAGNO PRESUNTO/M;2411301;28.9;144318;0.0
TEMPERO P/CHURRASCO SABOR;2411302;3.99;1;0.0
SAGU PEROLA SABOR DO MONT;2411303;13.49;1;0.0
OREGANO SABOR DO MONTE 10;2411304;2.49;1;0.0
RACAO DOG CHONI JUNIOR 10;2411305;128.0;144191;0.0
ESPREMEDOR DE LIMAO ALUMI;2411306;12.9;144166;0.0
PIZZA SEMI PRONTA L BELLA;2411307;27.9;144318;0.0
GARRAFA TERMICA INFANTIL;2411308;32.9;144190;0.0
SUCO LARANJA DA VOVO KMAI;2411309;15.9;1;0.0
PIZZA SEMI PRONTA L BELLA;2411310;22.9;144318;0.0
FAROFA TEMPERADA PRECIOSA;2411311;5.99;144772;0.0
ESPREMEDOR DE ALHO MK ALU;2411312;11.99;144166;0.0
JARRA TERMICA UNITERMI CA;2411313;44.9;1;0.0
FUBA MIMOSO SABOR DO MONT;2411314;5.99;144772;0.0
OLEO RICINO SHOXX 60ML;2411315;10.99;144873;0.0
BOLO TOCA DO BOLO BANANA/;2411316;28.9;144320;0.0
AMENDOIM MONTE TORRADO SA;2411317;13.99;144856;0.0
RACAO CATCHONI FRANGO/ARR;2411318;23.99;144488;0.0
MARSHMALLOW RECHEADO MALL;2411319;3.5;1;0.0
SALSA DESIDRATADA SABOR D;2411320;2.99;1;0.0
PIMENTA DO REINO MOIDA SA;2411322;7.99;1;0.0
GARRAFA TERMICA UNITERMI;2411323;52.9;144190;0.0
CHOCOLATE GRANULADO SABOR;2411324;4.99;144739;0.0
CHOCOLATE KINDER BUENO AV;2411325;8.99;144699;0.0
PAO QUEIJO STA DELI 400G;2411326;7.49;144437;0.0
CHOCOLATE BEL MORANGUETE;2411327;1.5;144699;0.0
BISC RECH PANCO TRUFADO 1;2411328;3.45;144687;0.0
BARRA CEREAIS NUTRY FR VE;2411329;1.99;144710;0.0
CIGARRO LUCKY STRIKE ORIG;2411330;11.75;144501;0.0
PAO CASEIRO CASA DO PAO 4;2411331;7.49;144320;0.0
CIGARRO KENT RED SERIES;2411332;11.75;144501;0.0
BEBEZINHO PANCO 210G;2411333;13.49;144320;0.0
STEAK PERDIGAO RECH PRES/;2411334;5.99;144174;0.0
DES ROLL ON DOVE GOFRESH;2411335;12.9;144878;0.0
SABONETE FRANCIS SUAVE LI;2411336;2.75;144920;0.0
CROCK E CIA PALITINHOS CE;2411337;7.99;1;0.0
PAPEL HIG NEVE NEUTRO FD;2411338;21.9;144904;0.0
PILHA DURACELL AAA C/4;2411339;22.9;144522;0.0
BATERIA DURACELL LITIO ME;2411340;12.9;144522;0.0
ESMALTE RISQUE SEDA BASE;2411341;6.49;144924;0.0
TIC TAC LARANJA 14,5G;2411342;3.5;144694;0.0
TIC TAC MENTA FRESH 14,5G;2411343;3.5;144694;0.0
CERVEJA HEINEKEN LN 250ML;2411344;5.45;144645;0.0
MORANGOS RIUL 250G;2411345;7.99;144120;0.0
CIGARRO MARLBORO VERMELHO;2411346;13.25;144501;0.0
TIRINHAS DE FRANGO PERDIG;2411347;9.9;1;0.0
PENNE MOLHO ROSE SALSICHA;2411348;11.99;1;0.0
CIGARRO MARLBORO GOLD SEL;2411349;10.0;144501;0.0
BALA TIC TAC COCA COLA 14;2411351;2.99;144694;0.0
MOLHO PIMENTA CHIPOTLE AC;2411352;13.9;144757;0.0
BISC RECH PANCO GOLDEN BL;2411353;3.45;144687;0.0
ESMALTE RISQUE BIANCO PUR;2411354;6.49;144907;0.0
PAO FORMA PANCO VIDA 100%;2411355;12.99;144320;0.0
CIGARRO KENT SILVER SERIE;2411356;11.75;144501;0.0
CIGARRO ROTHMANS BLUE BOX;2411357;7.0;144501;0.0
WAFER BAUDUCCO CHOCOLATE;2411358;3.99;144691;0.0
LASANHA SADIA QUATRO QUEI;2411359;19.9;144437;0.0
DES REXONA ROLL ON INVISI;2411360;12.49;144878;0.0
CIGARRO WINSTON SELECTED;2411361;7.0;144501;0.0
CERVEJA HEINEKEN LT 473ML;2411362;7.99;144645;0.0
ESMALTE RISQUE GABRIELA 8;2411363;6.49;144924;0.0
PAO DE QUEIJO SANTA DELI;2411364;10.99;144437;0.0
CIGARRO DUNHILL ON BLUE;2411365;12.75;144501;0.0
SAL GOURMET SAL MIX C/LIM;2411366;7.5;144798;0.0
MUCARELA PONTA;2411367;38.9;144470;0.0
TIC TAC LARANJA 16G;2411368;2.99;1;0.0
TIC TAC MENTA 16G;2411369;2.99;1;0.0
CARNE BOVINA OSSOBUCO;2411370;32.9;1;0.0
CIGARRO EGIPT;2411371;5.0;144501;0.0
CIGARRO ROTHMANS BLUE SER;2411372;8.5;144501;0.0
FILE MINGNON;2411373;89.9;144297;0.0
FANTA LARANJA 200ML;2411374;2.5;144675;0.0
PINO 3SAIDAS 2P + TERRA K;2411375;14.99;144514;0.0
SABAO EM PO SURF CUIDADO;2411376;8.99;144846;0.0
SALAME PERDIGAO;2411377;49.99;144461;0.0
RESISTENCIA TIPO LORENZET;2411378;8.99;144514;0.0
WAFER LOOK ATREVIDOS 55G;2411379;3.5;144691;0.0
CHA LEAO ICE TEA PESSEGO;2411380;2.99;144640;0.0
DIPIRONA ANADOR C/4;2411381;7.5;1;0.0
KIT CESTA BRONZE;2411382;225.0;144527;0.0
GEL FIXADOR BOZZANO FIX M;2411383;17.49;145727;0.0
HAVAIANAS CASUAL CZ 39/0;2411384;49.9;144492;0.0
DROPS HALLS MENTA 28G;2411385;2.0;144694;0.0
LING TOSCANA SADIA;2411386;23.99;144296;0.0
CHOC BATON CREME NORANGO;2411387;1.5;144699;0.0
DES REXONA ROLL ON S/PERF;2411388;12.49;144878;0.0
WAFER LOOK DOCE DE LEITE;2411389;3.5;144691;0.0
PINO SOQUETE KIMARC;2411390;9.99;144514;0.0
SABAO EM PO BRILHANTE LIM;2411391;23.9;144846;0.0
TRIGO P/KIBE YOKI 500G;2411392;7.99;144772;0.0
NISSIN LAMEN PICANHA 85G;2411393;3.45;144782;0.0
QUEIJO MINAS PADRAO MATIL;2411394;92.9;144469;0.0
CIGARRO WINSTON PURPLE MI;2411395;9.75;144501;0.0
CAQUI;2411396;9.49;144120;0.0
MORTADELA OURO PERDIGAO;2411397;39.9;144460;0.0
CIGARRO CAMEL DOUBLE MINT;2411398;14.75;144501;0.0
CIGARRO MARLBORO GOLD;2411399;13.25;144501;0.0
CIGARRO EGIPT;2411400;5.0;144501;0.0
QUEIJO MINAS PADRAO CRIOU;2411401;99.9;144469;0.0
MORTADELA SAO LUIZ BOLA;2411402;24.99;144460;0.0
LOCAO HIDRATANTE PAIXAO I;2411403;10.9;144913;0.0
DETERG PO BRILHANTE 800G;2411404;11.99;144846;0.0
HAMBURGUE DA CASA;2411405;32.9;144426;0.0
IOGURTE NESTLE GREGO TRAD;2411406;3.99;144485;0.0
CHAVE FENDA TESTE 10A 250;2411407;8.99;1;0.0
LOMBO BOVINO;2411408;29.9;144297;0.0
CERVEJA HEINEKEN LN 330ML;2411409;7.49;144645;0.0
GEL FIXADOR BOZZANO FIX M;2411410;15.99;145727;0.0
CHOCOLATE TRENTO ALLEGRO;2411411;2.99;144699;0.0
REQUEIJAO NESTLE TRAD 200;2411412;11.99;144478;0.0
IPANEMA HAPPY FEM AD;2411413;23.99;144493;0.0
CALDO PO MAGGI GALINHA 35;2411414;2.49;144795;0.0
BOLACHA CHOCOFESTA;2411415;42.9;1;0.0
BISC RECH NESTLE PRESTIGI;2411416;5.25;144687;0.0
CAFE SOLUVEL NESCAFE TRAD;2411417;32.9;144728;0.0
IOGURTE NESFIT FR VERMELH;2411418;4.69;1;0.0
REQUEIJAO NESTLE LIGHT 20;2411419;11.99;144478;0.0
BISCOITO PASSATEMPO JUNIO;2411420;3.5;144684;0.0
HAVAIANAS TOP BRANCO 47/8;2411421;28.9;144492;0.0
SALGADINHOS CONGELADOS;2411422;17.0;144437;0.0
CESTA BRONZE PDV;2411423;305.0;144527;0.0
RUCULA;2411424;3.99;1;0.0
CEBOLA ROXA;2411425;8.49;144121;0.0
FARINHA LACTEA NESTLE SC;2411426;8.99;144729;0.0
LEITE COND MOCA SEMIDESNA;2411427;8.45;144718;0.0
GAS A PRAZO;2411428;140.0;1;0.0
CHANDELLE CHANTILLY CHOCO;2411429;7.99;144485;0.0
CHOCOLATE SUFLAIR 50G;2411430;4.99;144699;0.0
COUVE;2411431;3.99;144122;0.0
SOPAO MAGGI CARNE DE PANE;2411432;10.9;144783;0.0
PANCETA TEMPERADA;2411433;34.9;144499;0.0
CEREAL NESTLE SNOW FLAKES;2411434;8.49;144729;0.0
BISC RECH BONO TORTA DE L;2411435;3.65;144687;0.0
BEGUETTO SABORES DO INTER;2411436;33.9;144497;0.0
IPANEMA CLASS EASY;2411437;34.99;144493;0.0
PALITO DE CHOCOLATE;2411438;42.9;144320;0.0
ALFACE;2411439;3.99;144122;0.0
HAVAIANAS TOP SALMAO 37/8;2411440;28.9;144492;0.0
COPO MOUSSE;2411441;12.0;144199;0.0
TORRADINHA TEMPERADA;2411442;29.9;1;0.0
PAO MINI DOCE;2411443;26.9;1;0.0
CESTAS MILLAS;2411444;179.0;144527;0.0
BOLACHINA NATA OURO C/COB;2411445;45.9;1;0.0
BISCOITO NESTLE NESFIT CA;2411446;4.95;144705;0.0
FORMULA INFANTIL NESTOGEN;2411447;54.9;1;0.0
PESSEGO NACIONAL;2411448;11.99;144120;0.0
HAVAIANAS TOP AZUL NAVAL;2411449;29.9;144492;0.0
TANGERINA CRAVO;2411450;5.49;144120;0.0
CHANDELLE NESTLE CHOC BRA;2411451;8.59;144485;0.0
BOLO RECHEADO;2411452;69.9;144199;0.0
CAFE SOLUVEL NESCAFE ORIG;2411453;27.9;144728;0.0
FERMENTADO CHAMYTO NESTLE;2411454;10.2;144485;0.0
BOLO TOCA DO BOLO CENOURA;2411455;28.9;144320;0.0
CESTA PRATA PDV;2411456;485.0;144527;0.0
DESOD AERO ISACARE AVENTU;2411457;13.99;144876;0.0
FARINHA MANDIOCA FINA SAB;2411458;6.49;144772;0.0
GARRAFA TERMICA SIENA 750;2411459;52.9;144190;0.0
COLORIFICO SABOR DO MONTE;2411460;6.99;149379;0.0
CLORO ATIVO FORTE MAX 2L;2411461;21.9;1;0.0
CANJICA AMARELA SABOR DO;2411462;4.99;1;0.0
PIMENTA DO REINO EM GRAO;2411463;4.99;1;0.0
SOFIOLLI MAGNO PRES/MUSSA;2411464;33.9;144318;0.0
OVOS YOSHINAGA COM 20UND;2411465;14.99;144428;0.0
PAPEL MANTEIGA LIFE CLEAN;2411466;6.49;1;0.0
GARRAFA TERMICA PARIS GAT;2411467;78.9;144190;0.0
CRAVO FLOR SABOR DO MONTE;2411468;4.99;144770;0.0
OVOS BRANCOS YOSHINAGA C/;2411469;10.49;144428;0.0
COPO DESC CRISTALCOPO 500;2411470;14.99;144510;0.0
RACAO DOGCHONI RACAS PEQ;2411471;19.99;144191;0.0
FARINHA MANDIOCA GROSSA S;2411472;10.99;144772;0.0
PIZZA SEMI PRONTA L BELLA;2411473;22.9;144318;0.0
UVA PASSAS PRETA S/SEMENT;2411474;5.99;144693;0.0
COPOS DESCARTAVEIS ECONOP;2411475;10.9;144510;0.0
RONDELLI MAXI MASSAS 4QUE;2411476;24.9;1;0.0
BIG CHIKEN PERDIGAO C/QUE;2411477;38.9;144174;0.0
MORANGUINHO BDJ 250G;2411478;12.99;144120;0.0
REQUEIJAO CREMOSO RIQUEZA;2411479;8.99;144478;0.0
FARINHA MANDIOCA GROSSA S;2411480;14.49;144772;0.0
PICOLE BEGUETTO MILHO VER;2411481;3.5;144497;0.0
PICOLE BEGUETTO FRUTAS LI;2411482;3.0;144497;0.0
COLHER DE MADEIRA MADLAR;2411483;6.49;1;0.0
AMENDOIM S BAHIA GRAUDO 5;2411484;11.45;144773;0.0
PEQUI FATIADO D HORTA 310;2411485;22.9;1;0.0
SABAO EM PO OMO LAVAGEM P;2411486;8.99;144846;0.0
COMINHO MOIDO S BAHIA 10G;2411487;3.45;144770;0.0
CONDIC SUAVE AMENDOAS 325;2411488;13.49;144869;0.0
QUIRELA MILHO SILVA BAHIA;2411489;6.99;144489;0.0
SEBO DE CARNEIRO FASHION;2411490;12.9;1;0.0
SABONETE LIQ FEMININO FAS;2411491;13.99;144918;0.0
RONDELLI MAXI MASSAS PRE/;2411492;24.9;144318;0.0
MISTURA P/BOLO NITA CENOU;2411493;6.49;144736;0.0
CESTO ORGANIZ C/DIVISORIA;2411494;11.9;144341;0.0
SHAMPOO DOVE CONTROL QUED;2411495;15.49;144870;0.0
DOCE DE LEITE PINGO BEL 5;2411496;2.99;1;0.0
OLEO MISTO DO CHEFE GOURM;2411497;14.99;144776;0.0
MISTURA P/BOLO NITA LARAN;2411498;6.49;144736;0.0
ENERGETICO ICE FOX MELANC;2411499;9.99;144659;0.0
ENERGETICO ICE FOX 2L;2411500;9.99;144659;0.0
FARINHA MANDIOCA TORRADA;2411501;7.59;144772;0.0
OREGANO S BAHIA 10G;2411502;3.75;144770;0.0
FARINHA DE MILHO S BAHIA;2411503;7.69;144772;0.0
CONDIC FASHION CAVIAR 280;2411504;13.99;144869;0.0
FERMENTO EM PO NITA 100G;2411505;4.45;144733;0.0
BEM BOLADO BOLOS GOURMET;2411506;19.99;144320;0.0
BEGUETTO TRADICAO ABACAXI;2411507;9.9;144497;0.0
SORVETE BEGUETTO CHOCOLAT;2411508;33.9;144497;0.0
MASSA P/PASTEL MAXI MASSA;2411509;15.99;1;0.0
CONDIC SALON LINE MEU LIS;2411510;15.9;144869;0.0
MASSA P/LASANHA MAXI MASS;2411511;9.49;144318;0.0
FARINHA ROSCA S BAHIA 500;2411512;8.99;144772;0.0
SLIME OVO SURPRESA FUNDO;2411513;10.9;1;0.0
SORVETE BEGUETTO ABACAXI;2411514;33.9;144497;0.0
MARMITAS TERMITA NAPA PRE;2411515;36.9;144190;0.0
BEGUETTO BEG+ MESCLETTO 1;2411516;11.5;144497;0.0
PAO DE FORMA MADALENA 450;2411517;9.49;144320;0.0
PIMENTA DO REINO S BAHIA;2411518;9.9;144770;0.0
ESCOVA DENTAL INOVA JUNGL;2411519;5.99;144889;0.0
COLORIFICO S BAHIA 500G;2411520;14.99;144770;0.0
SEMENTE DE GIRASSOL S BAH;2411521;5.95;144489;0.0
SHAMPOO DOVE RECONST COMP;2411522;15.49;144870;0.0
LOURO FOLHAS S BAHIA 5G;2411523;3.45;144770;0.0
FARINHA TRIGO NITA 1KG;2411524;5.99;144630;0.0
NHOQUE MAXI MASSAS 500G;2411525;8.75;1;0.0
BANANADA CASAGRANDE 300G;2411526;13.99;1;0.0
PAO CASEIRO MADALENA 350G;2411527;9.49;144320;0.0
AMIDO DE MILHO MAIZENA 50;2411528;13.99;144732;0.0
BEGUETINHO 70G;2411529;1.25;144497;0.0
CANJICA SILVA BAHIA  500G;2411530;9.9;144773;0.0
CANELA CASCA S BAHIA 10G;2411531;4.49;1;0.0
CAFE TERRA SAUDADE 500G;2411532;21.9;144728;0.0
TEMPER COMPL RECEITA CASA;2411533;14.99;144794;0.0
CANELA PO S BAHIA 10G;2411534;3.25;144770;0.0
COPO DESC ECONOPOT 200ML;2411535;7.49;144510;0.0
CONDIC DOVE CONTROLE QUED;2411536;18.99;144869;0.0
MISTURA P/BOLO NITA COCO;2411537;6.49;144736;0.0
CORACAO PERDIGAO 1KG;2411538;37.9;144309;0.0
SORVETE BEGUETTO MORANGO;2411539;33.9;144497;0.0
MISTURA P/BOLO NITA LIMAO;2411540;6.49;144736;0.0
PIRULITO DIPLOKO NEON CAV;2411541;3.5;144694;0.0
CHIMICHURRI S BAHIA 20G;2411542;3.45;144770;0.0
PAO DE ALHO CHEF LINO TRA;2411543;7.99;144318;0.0
SAL GROSSO SALINAS 1KG;2411544;3.49;144798;0.0
BISC RECH BAUDUCCO DUPLO;2411545;2.35;144687;0.0
NOZ MOSCADA S BAHIA 10G;2411546;4.75;144770;0.0
SABONETE BARRA AROEIRA 90;2411547;6.99;144920;0.0
COLORIFICO S BAHIA 100G;2411548;8.49;144770;0.0
SHAMPOO SUAVE AMENDOA 325;2411549;10.99;144870;0.0
SAB LIQ SAFRA ALFAZEMA 50;2411550;13.9;144919;0.0
LIMPA ALUMINIO PIQ BRILHO;2411551;7.49;144820;0.0
SAB LIQ SAFRA AVEIA 500ML;2411552;13.9;144919;0.0
MILHO P/PIPOCA S BAHIA 50;2411553;7.49;144773;0.0
ERVA DOCE S BAHIA 10G;2411554;3.75;144770;0.0
ALPISTE S BAHIA 500G;2411555;11.99;144489;0.0
BEGUETTO BEG DESEJOS NINH;2411556;35.9;144497;0.0
SHAMPOO DOVE REGENERACAO;2411557;15.49;144870;0.0
ENERGETICO ICE FOX ABSOLU;2411558;6.99;144659;0.0
RUM BACARDI BIG APPLE 980;2411559;54.9;1;0.0
PAO HOT DOG MADALENA 400G;2411560;9.49;144320;0.0
CADERNETA APONTAMENTO 1/1;2411561;1.5;144504;0.0
COLORIFICO S BAHIA 50G;2411562;4.49;144770;0.0
PICOLE BEGUETTO FRUTAS UV;2411563;3.0;144497;0.0
CERVEJA PROIBIDA LATA 350;2411564;2.49;144646;0.0
ESCOVA DENTAL INOVA EQUAL;2411565;5.99;144889;0.0
ENERGETICO ICE FOX ACAI 2;2411566;9.99;144659;0.0
TEMPERO KNORR MEU ASSADO;2411567;5.99;149379;0.0
MOLHO PIMENTA S BAHIA 150;2411568;4.99;144757;0.0
TRIGO P/KIBE S BAHIA 500G;2411569;8.99;144772;0.0
SABONETE BARRA ARGILA VER;2411570;6.99;144920;0.0
PAO DE ALHO MANA 400G;2411571;10.9;144318;0.0
BEGUETTO BEG TRADICAO FLO;2411572;11.5;144497;0.0
VINHO TINTO COUNTRY WINE;2411573;15.9;144673;0.0
LING TOSCANA PERDIGAO NA;2411574;35.9;144296;0.0
BEGUETTO CHOCOLATE E CREM;2411575;35.9;144497;0.0
ESCOVA DENTAL LIMPIUS MAX;2411576;5.99;144889;0.0
ACHOC PO SHOWCAU CHOCOLAT;2411577;9.85;144727;0.0
GOIABADA CASCAO COLHER DA;2411578;13.99;144715;0.0
COLHER BAMBU ORIGINAL 30C;2411579;12.9;1;0.0
CORTADOR PIZZA ORIGINAL L;2411580;14.9;1;0.0
PEGADOR DE MASSA INOX ORI;2411581;11.9;144192;0.0
BEGUETTO 1,5L ACAI  LEIT;2411582;43.9;149393;0.0
BEGUETTO BEG TRUFAS TRUFA;2411583;35.9;144497;0.0
PENEIRA INOX ORIGINAL 18C;2411584;14.9;144192;0.0
MEL DE ABELHA HOLANDA 200;2411585;18.9;1;0.0
DES AERO ABOVE WOMEN LADY;2411586;9.9;144876;0.0
DESOD AERO MEN SPORT 150M;2411587;9.9;144876;0.0
SARDINHA ROBINSON CRUSOE;2411588;5.99;144767;0.0
BEGUETTO SABOR DO INTERIO;2411589;33.9;144497;0.0
CACHACA TULINHA 470ML;2411590;4.0;144651;0.0
SOBRECOXAS CONFINA 1KG;2411591;15.9;1;0.0
FINI BANANAS 90G;2411592;8.49;144694;0.0
ABRIDOR LATA GARRAFA STAR;2411593;5.99;144394;0.0
FINI MINHOCAS BRILHO 90G;2411594;8.49;144694;0.0
ESCOVA DENTAL LIMPIUS MAX;2411595;5.99;144889;0.0
FINI AROS AZEDINHOS MORAN;2411596;8.49;144694;0.0
RAPADURA RUSCHEL 400G;2411597;12.79;144684;0.0
VARAL MULTIUSO OVAL LIG B;2411598;11.9;144356;0.0
CANECA AGATA PRETA 150ML;2411599;5.99;1;0.0
CORTADOR PASTEL INOX ORIG;2411600;14.9;144192;0.0
PRATO DESC RASO FESTA FAC;2411601;2.99;144508;0.0
BEGUETTO MORENINHA CREME;2411602;7.5;144497;0.0
BEGUETTO BOMBOM SKIMO 104;2411603;12.0;144497;0.0
CADEADO SQ 50MM;2411604;39.99;144503;0.0
REGADOR ARQPLAST 10L;2411605;14.9;1;0.0
ESCOVA DENTAL SQ MACIA;2411606;3.99;144889;0.0
BEGUETTO SABORES DO INTER;2411607;33.9;144497;0.0
DESINF PIQ FLORES TALCO 2;2411608;6.75;144834;0.0
PENEIRA INOX ORIGINAL 14C;2411609;9.9;144192;0.0
MEIO DAS ASAS CONFINA 1KG;2411610;25.9;1;0.0
BEGUETTO DUO MIX CARIOCA;2411611;27.9;144497;0.0
MOSTARDA PREDILECTA ST UP;2411612;4.99;144753;0.0
BEGUETTO ACAI COM LEITINH;2411613;12.5;144497;0.0
PRATO DESC FESTA FACIL FU;2411614;7.99;144508;0.0
ABRIDOR LATA GARRAFA ORIG;2411615;11.9;144394;0.0
PRATO RASO FESTA FACIL 21;2411616;6.99;1;0.0
BEGUETTO FLOCOS 1,5L;2411617;27.9;144497;0.0
FINI CHICLE SALADA DE FRU;2411618;8.49;144694;0.0
ADUBO CAPILAR MASCARA NUT;2411619;22.99;144873;0.0
VARAL MULTIUSO LIG BRIN R;2411620;29.99;144356;0.0
FITA DUPLA FACE ALLTAPE 1;2411621;15.9;1;0.0
ESCOVA DENTAL INOVA COMFO;2411622;6.99;144889;0.0
FINI GELATINAS AMORAS 90G;2411623;8.49;144694;0.0
FINI URSINHOS BRILHO 90G;2411624;8.49;144694;0.0
MARTELINHO P/CARNE ALUMIN;2411625;12.9;144166;0.0
BEGUETTO BEG TRUFAS GIAND;2411626;35.9;144497;0.0
CREME PENTEAR BIOHAIR SOS;2411627;8.99;144872;0.0
MOLHO REF PREDILECTA ERVA;2411628;2.49;144746;0.0
ESCOVA DENTAL INOVA WHITE;2411629;9.99;144889;0.0
MOLHO DE PIMENTA PREDILEC;2411630;4.99;144757;0.0
CREME PENTEAR BIOHAIR OLE;2411631;8.99;144872;0.0
SALSICHA ANGLO TIPO VIENA;2411632;5.99;144764;0.0
CESTA RUBI;2411633;629.0;144527;0.0
ACHOC PO NESCAU 33% MENOS;2411634;13.99;144727;0.0
FORMULA INFANTIL NAN COMF;2411635;65.9;1;0.0
HAVAIANAS TOP AZUL NAVAL;2411636;28.9;144492;0.0
SUAN SUINO;2411637;10.9;144499;0.0
HAVAIANAS BRASIL BRANCO 4;2411638;49.9;144492;0.0
PAO DE MILHO;2411639;6.99;1;0.0
IOGURTE NINHO SOLEIL MACA;2411640;4.35;144485;0.0
SOPAO MAGGI COSTELA LEGUM;2411641;10.9;144783;0.0
CHOCOLATE LOLLO 28G;2411642;3.99;144699;0.0
BOLOS BEM BOLADOS BOLOS G;2411643;18.9;144320;0.0
BISCOITO POLVILHO CASEIRO;2411644;33.9;144198;0.0
BISCOITO RECH BONO MRG 12;2411645;3.65;144687;0.0
IPANEMA ANAT SURF MASC;2411646;22.9;144493;0.0
IOGURTE NESFIT MRG/AVEIA;2411647;13.9;1;0.0
CAPONATA KG;2411648;24.9;157065;0.0
IOGURTE NESFIT MRG/AVEIA;2411649;5.75;1;0.0
BOLO PUDIM;2411650;39.9;144199;0.0
BATATA PACOTE;2411651;5.99;1;0.0
HAMBURGUER DE PERNIL;2411652;25.99;144174;0.0
CUPIM TEMPERADO;2411653;35.99;1;0.0
HAVAIANAS BRASIL AZUL NAV;2411654;49.9;144492;0.0
CESTA NA MEDIDA CERTA PDV;2411655;410.0;144527;0.0
NESTON NESTLE 3CEREAIS SC;2411656;7.99;144729;0.0
ABACAXI PEROLA;2411657;9.9;144120;0.0
JILO;2411658;14.99;144121;0.0
SOPAO MAGGI GALINHA CAIPI;2411659;10.9;144783;0.0
BANANA P/DOCE;2411660;2.99;144120;0.0
FERMENTADO CHAMYTO 720G;2411661;15.49;144485;0.0
HAVAIANAS BRASIL MARINHO;2411662;49.9;144492;0.0
TORTA DE LIMAO;2411663;14.0;144199;0.0
BISCOITO RECH BONO CHOCOL;2411664;3.65;144687;0.0
CESTA SELECAO B;2411665;175.0;144527;0.0
WAFER NESTLE NEGRESCO 110;2411666;4.5;144691;0.0
CARVAO MATAO 2,5KG;2411667;16.9;144507;0.0
BISC RECH BONO CHOCOLATE;2411668;1.99;144687;0.0
HAVAIANAS BRASIL MARINHO;2411669;49.9;144492;0.0
KIT BIOHAIR SH/CONDIC OLE;2411670;21.9;144928;0.0
DES REXONA ROLL ON INVISI;2411671;11.99;144878;0.0
DES ROLL ON DOVE INVISIBL;2411672;12.9;144878;0.0
DESOD AERO MONANGE FR VER;2411673;11.9;144876;0.0
SABAO PO BRILHANTE CUIDAD;2411674;12.99;144846;0.0
NISSIN LAMEN CREMOSO PICA;2411676;2.99;144782;0.0
CR DENTAL SORRISO SUPER R;2411677;5.49;144887;0.0
SABAO PO BRILHANTE LIMPEZ;2411678;12.99;144846;0.0
VALVULA SEGURANCA PANELA;2411679;6.99;144514;0.0
DES ROLL ON DOVE CLEAN CO;2411680;12.9;144878;0.0
SABAO EM PO SURF LAVANDA;2411681;9.9;144846;0.0
SABAO PO BRILHANTE LIMP T;2411682;12.99;144846;0.0
COSTELINHA SALGADA;2411683;24.9;144499;0.0
IOGURTE NESTLE MOLICO MRG;2411684;4.49;144485;0.0
CIGARRO CHESTERFIELD BLUE;2411685;9.5;144501;0.0
LAMEN PREDILECTA PRA JA C;2411686;1.75;144782;0.0
BEGUETTO DUO MIX MORANGO;2411687;27.9;144497;0.0
BEGUETTO BEG+ LEITINHO TR;2411688;12.5;144497;0.0
CREME PENTEAR BIOHAIR REP;2411689;8.99;144872;0.0
ESCOVA DENTAL SQ INFANTIL;2411690;3.99;144889;0.0
LIXEIRINHA DE MESA BASCUL;2411691;3.99;144341;0.0
BEGUETTO BEG+ PUDIM 1,8L;2411692;37.9;144497;0.0
AMANTEIGADO RUSCHEL AMEND;2411693;12.79;144684;0.0
ESCOVA DENTAL LIMPIUS MAX;2411694;5.99;144889;0.0
FINI CHICLE OVOS 80G;2411695;8.49;144694;0.0
VARAL MULTI USO LIG BRIN;2411696;22.9;144356;0.0
BEGUETTO BOMBOM SKIMO DIA;2411697;12.0;144497;0.0
PRATO DESC RASO FESTA FAC;2411698;12.99;144508;0.0
RALO P/PIA TELA ORIGINAL;2411699;6.99;1;0.0
FILE DE PEITO CONFINA 1KG;2411700;19.9;1;0.0
FINI MARSHMALLOWS MORANGO;2411701;7.99;144694;0.0
DESOD AERO ABOVE UNIQUE M;2411702;9.9;144876;0.0
DESOD AERO ABOVE WOMEN CA;2411703;10.99;144876;0.0
RALADOR DE MESA MINI 4FAC;2411704;11.9;1;0.0
SAGU S BAHIA 500G;2411705;9.9;144737;0.0
DESOD AERO ABOVE MEN URBA;2411706;9.9;144876;0.0
DOCE DE LEITE C/AMEIXA DE;2411707;13.45;1;0.0
FEIJAO CARIOCA COZIDO BOR;2411708;7.45;144766;0.0
BEGUETTO MORANGO E LEITIN;2411709;27.9;144497;0.0
BEGUETTO NAPOLITANO 1,5L;2411710;27.9;144497;0.0
REFRESCO EM PO JAL LIMAO;2411711;6.99;144930;0.0
BEGUETTO BEG+ LEITINHO C/;2411712;37.9;144497;0.0
ESCOVA DENTAL SQ 43 MEDIA;2411713;3.99;144889;0.0
ESCOVA DENTAL TRIDENTE CO;2411714;5.99;144889;0.0
PENEIRA INOX ORIGINAL 20C;2411715;15.99;144192;0.0
MOLHO PIMENTA GOTA 150ML;2411716;4.99;144757;0.0
SABAO EM PO BEBY SOFT CON;2411717;5.99;144846;0.0
INTERRUPTOR 1TECLA + 1TOM;2411718;18.99;144514;0.0
LAMEN PREDILECTA PRA JA G;2411719;1.75;144782;0.0
SABAO EM PO BABY SOFT SC;2411720;11.99;144846;0.0
PICOLE BEGUETTO BUENO 60G;2411721;7.5;144497;0.0
RALO P/PIA TELA ORIGINAL;2411722;4.5;1;0.0
MOLHO REF PREDILECTA MANJ;2411723;2.99;144746;0.0
SORVETE BEGUETTO UNICORNI;2411724;7.5;144497;0.0
PICOLE BEGUETTO LEITINHO;2411725;3.75;144497;0.0
SACO CRU MULTBOM 40X66CM;2411806;7.99;144291;0.0
FERRERO ROCHER C/3 37,5G;2411808;10.99;144696;0.0
INTERRUPTOR EXTERNO KIMAR;2411809;11.99;144514;0.0
PONTA DE PEITO;2411810;34.9;144297;0.0
OLEO AMENDOAS PAIXAO INSP;2411811;22.99;1;0.0
SALSICHA HOT DOG PERDIGAO;2411812;16.99;144462;0.0
PINO CHATO 2P 10A KIMARC;2411814;7.99;144514;0.0
SABAO PO BRILHANTE CUIDAD;2411816;23.9;144846;0.0
NULL;2411817;1.0;1;0.0
SHELTON ORIGINAL;2411818;9.5;1;0.0
DROPS HALLS MENTOL 28G;2411819;1.99;144694;0.0
COXA DE FRANGO;2411820;10.9;144309;0.0
BOMBOM BON O BON ARCOR MO;2411821;1.0;144696;0.0
PLUG ADAPTADOR C/3TOMADAS;2411822;14.99;144514;0.0
SALAME SEARA TIPO ITALIAN;2411823;89.99;144461;0.0
SABAO EM PO BRILHANTE CX;2411824;20.49;144846;0.0
CIGARRO MARLBORO VERMELHO;2411825;14.25;144501;0.0
DROPS HALLS MELANCIA 28G;2411826;1.99;144694;0.0
CAVALINHA A GRANEL;2411827;13.99;1;0.0
CHOCOLATE TRENTO MASSIMO;2411828;2.5;144699;0.0
SUCO DEL VALLE NECTAR PES;2411829;8.99;144669;0.0
CERVEJA BLACK PRINCESS PU;2411830;4.15;144647;0.0
CHOCOLATE MINI TRENTO AVE;2411831;1.5;144699;0.0
PACOCA KI DELICIA 300G;2411832;8.99;144715;0.0
MOLHO PREDILECTA FRENCH 2;2411833;6.99;144746;0.0
BALA DURA FLORESTAL BRAZI;2411834;4.99;144694;0.0
GEL ESFOLIANTE FACIAL NAX;2411835;10.99;1;0.0
SHAMPOO NAXOS MEN BARBA E;2411836;10.9;144870;0.0
REFRIG IT LIMAO 2L;2411837;4.69;1;0.0
VASSOURA CRISTAL FLORADA;2411838;16.99;144836;0.0
CHOCOLATE TRENTO BRANCO 3;2411839;2.5;144699;0.0
ISOTONICO TNT TANGERINA 5;2411840;4.99;144660;0.0
CAIXA TRENTO MOMENTOS 192;2411841;14.45;144700;0.0
REFRIG ZIP COLA 2L;2411842;5.75;1;0.0
ISOTONICO TNT UVA 500ML;2411843;4.99;144660;0.0
CHOCOLATE TRENTO TORTA DE;2411844;2.5;144699;0.0
VASSOURA CRISTAL VARRE CA;2411845;16.99;144836;0.0
SALGADOS CONG DALU;2411846;14.9;144437;0.0
PECCIN TRI BALA MORANGO 1;2411847;4.99;144694;0.0
ALHO TRITURADO CACIQUE 1K;2411848;21.9;144794;0.0
PIMENTA DEDO DE MOCA MAIS;2411849;15.9;144757;0.0
ALHO MAIS SABOR 360G;2411850;21.9;144757;0.0
ESPONJA BANHO JF FRESH;2411851;6.49;144923;0.0
AGUA COPO MINALICE 200ML;2411852;0.75;144638;0.0
PIRULITO BLONG MELANCIA 6;2411853;18.9;144694;0.0
SUCO DEL VALLE NECTAR UVA;2411854;8.99;144669;0.0
TEMP COMP NATARI S/PIMENT;2411855;3.49;144794;0.0
PIRULITO DO AMOR PECCIN F;2411856;13.99;144694;0.0
VELA BRANCA SBJ ESPECIAL;2411857;19.9;144513;0.0
ISOTONICO TNT LARANJA 500;2411858;4.99;144660;0.0
PACOCA CASEIRA KI DELICIA;2411859;2.99;144715;0.0
PATINHO KG;2411860;42.9;144297;0.0
KIT FEIRINHA IMEDIATO POL;2411862;24.99;1;0.0
SABONETE MARAN ROSAS 85G;2411863;1.79;144920;0.0
LAMPADA GALAXY LED BULBO;2411864;14.99;144520;0.0
COPO DESC COPOSUL TRANSP;2411865;10.9;144510;0.0
SAL REFINADO MARFIM 1KG;2411866;2.99;144798;0.0
SACO P/LIXO PLASTIZEN 15L;2411867;6.49;144510;0.0
FRALDA DESC TOM AND JERRY;2411868;29.9;144908;0.0
FRALDA DESC ISACARE ADULT;2411869;25.9;144908;0.0
POTE ACRILICO TRAVA PLASU;2411870;19.9;1;0.0
TABUA PARA CORTE ORIGINAL;2411871;23.99;1;0.0
ESPATULA SILICONE CLINK M;2411872;23.9;1;0.0
SHAMPOO ELSEVE HYDRA DETO;2411873;21.9;144870;0.0
ASSADEIRA ALUMINIO BOMPAC;2411874;11.99;144166;0.0
PESSEGO EM CALDA MARIZA 4;2411875;10.99;144714;0.0
CHOCOLATE SNICKERS MOUSSE;2411876;3.5;144699;0.0
FRALDA DESC TOM AND JERRY;2411877;29.9;144908;0.0
FORMA GELO C/SILICONE PLA;2411878;13.99;1;0.0
GARRAFA COLORS 530ML PLAS;2411879;12.99;1;0.0
SHAMPOO ELSEVE HIDRA PURI;2411880;17.9;144870;0.0
VASSOURA CRISTAL FLORADA;2411881;19.99;144836;0.0
ASSADEIRA ALUMINIO BOMPAC;2411882;6.99;144166;0.0
POTE GIRE TRAVE 380ML PLA;2411883;8.99;1;0.0
CORACAO CONGELADO 700G;2411884;19.99;144309;0.0
MACARRAO FLOR DE LIS ESPA;2411885;2.99;1;0.0
PORTA LATA PALMEIRAS PLAS;2411886;17.99;1;0.0
COPO SHAKE CANUDO MINNIE;2411887;18.99;1;0.0
CERVEJA PURO MALTE THEREZ;2411888;5.35;144647;0.0
POTE PLUG PLASUTIL PET QD;2411889;24.99;1;0.0
PAPEL HIG QUALITE FD NEUT;2411890;19.9;144904;0.0
BALA SKITTLES ORIGINAL 38;2411892;3.99;144694;0.0
CADERNO DESENHO FORONI 40;2411893;2.29;144504;0.0
CONFEITO ROBO C/LUZ 12G;2411894;23.9;144694;0.0
SABONETEIRA C/BOMBA PLASU;2411895;11.9;1;0.0
DUCHA LORENZETTI MAXI 220;2411896;79.9;144516;0.0
POTE CLIC ROSCA 300ML PLA;2411897;4.99;1;0.0
FIGADO DE FRANGO LAR 1KG;2411898;4.99;144309;0.0
DOCE ABOBORA CLAMEL 60G;2411899;1.75;1;0.0
PRENDEDOR P/ROUPAS MAD GA;2411900;2.99;144356;0.0
FRALDA DESC SCOOBY DOO HI;2411901;52.9;144908;0.0
CHOCOLATE HERSHEYS AO LEI;2411902;6.49;144699;0.0
PIRULITO FLORESTAL BABY C;2411903;14.9;144694;0.0
BUCHA VEGETAL INTEIRA FAV;2411904;18.9;144923;0.0
CHOCOLATE TRENTO MASSIMO;2411905;2.5;144699;0.0
CHOCOLATE TRENTO CHOCOLAT;2411906;2.5;144699;0.0
FORMA DE GELO CUBOS PLASM;2411907;4.99;1;0.0
PIMENTA BIQUINHO KI SABOR;2411908;10.9;1;0.0
PIRULITO BLONG ENERGY FRU;2411909;18.9;144694;0.0
VINHOS TINTO SUAVE VO LUI;2411910;44.9;144673;0.0
SUCO FRUCCO UVA 2L;2411912;8.99;1;0.0
ESPELHO TRIAX IND COM N14;2411913;8.5;1;0.0
LIXEIRA QUAD BASCULANTE P;2411914;12.9;144341;0.0
LAMPADA OUROLUX SUPERLED;2411915;9.95;144520;0.0
PIRULITO FLOPITO BABY MRG;2411916;6.5;144694;0.0
ENERGETICO TNT TANGERINA;2411917;9.9;144659;0.0
CHOCOLATE TRENTO SPECIALE;2411918;3.99;144699;0.0
SUCO DEL VALLE NECTAR MAR;2411920;8.99;144669;0.0
PIRULITO FLOPITO GIGA CHI;2411921;14.99;144694;0.0
CHOCOLATE TRENTO DARK 32G;2411922;2.5;144699;0.0
PIRULITO BLONG BLUE 672G;2411923;18.9;144694;0.0
CORRETIVO MERCUR 18ML;2411924;3.59;1;0.0
CHOCOLATE MINI TRENTO CHO;2411925;1.5;144699;0.0
SELETA DE LEGUMES PREDILE;2411926;4.45;144806;0.0
PIRULITO BLONG ENRGY 672G;2411927;18.9;144694;0.0
PA DE LIXO CRISTAL GALVAN;2411928;14.99;1;0.0
MASCARA MATIZADORA NAXOS;2411929;16.99;144873;0.0
CHOCOLATE TRENTO SPECIALE;2411930;3.75;144699;0.0
PA DE LIXO CABO LONGO CRI;2411931;8.99;1;0.0
DROPS HALLS EXTRA FORTE;2411932;1.99;144694;0.0
CIGARRO ROTHMANS RED SERI;2411933;8.5;144501;0.0
LINGUICA DE FRANGO;2411934;21.9;144296;0.0
CORACAO DE FRANGO KG;2411935;44.9;144309;0.0
PLUG CHATO 2P + T 10A 250;2411936;9.99;144514;0.0
CIGARRO WINSTON SILVER;2411937;9.0;144501;0.0
CIGARRO CAMEL DOUBLE;2411939;14.75;144501;0.0
OVOS SAO FRANCISCO BRANCO;2411940;28.9;144428;0.0
CONTRA FILE;2411941;47.9;144297;0.0
CIGARRO CHESTERFIELD ORIG;2411942;9.5;144501;0.0
SABAO EM PO SURF FLOR DE;2411943;9.9;144846;0.0
CREME DENTAL CLOSE UP DEN;2411944;4.75;144887;0.0
DESOD AERO MONANGE HIDRAT;2411945;11.9;144876;0.0
CHOCOLATE TALENTO LEITE A;2411946;2.99;144699;0.0
BOMBOM BON O BON ARCOR AM;2411947;1.0;144696;0.0
DES ROLL ON REXONA S/PERF;2411948;11.99;144878;0.0
PLUG ADAPTADOR 2P 10A;2411949;10.99;1;0.0
FRALDA DESC SCOOBY DOO HI;2411950;52.9;144908;0.0
COCADA OLIVEIRA BANDEJA 2;2411951;12.9;1;0.0
IO IO CREM MIX CHOCOLATE;2411953;4.75;144694;0.0
TESOURA 8 COLOR ORIGINAL;2411954;19.9;1;0.0
POTE PLUG PLASUTIL QD PET;2411955;19.99;1;0.0
CANUDO CLINK REUTILIZAVEL;2411956;7.99;1;0.0
POTE CLIC ROSCA 900ML PLA;2411957;9.99;1;0.0
CHOCOLATE TWIX 40G;2411958;4.5;144699;0.0
MACARRAO FLOR DE LIS PARA;2411959;2.99;1;0.0
CHOCOLATE HERSHEYS MEIO A;2411960;5.99;144699;0.0
MOELA DE FRANGO LAR 600G;2411961;9.9;144309;0.0
POTE GIRE E TRAVE 220ML P;2411962;8.99;1;0.0
SUPER MOLA FAMPAR;2411963;9.9;1;0.0
COPO QUADRADO 280ML ORIGI;2411964;9.9;1;0.0
CHOCOTUBES HERSHEYS CHOCO;2411965;2.75;1;0.0
BATEDOR OVOS/FUE PREMIUM;2411966;18.99;1;0.0
CHOCOLATE MMS AO LEITE 45;2411967;4.5;144699;0.0
DOCILE CANUDINHO MINI 70G;2411968;5.99;1;0.0
REQUEIJAO CATUPIRY TRADIC;2411969;20.99;144478;0.0
JOGOS DE POTES DE VIDRO A;2411970;44.9;1;0.0
GARRAFA CORINTHIANS 530ML;2411971;23.9;1;0.0
COPO CANUDO C/TAMPA STITC;2411972;16.99;1;0.0
SALEIRO CLEAR SANTANA;2411973;2.5;144394;0.0
PORTA SABAO C/DOSADOR SAN;2411974;24.9;144345;0.0
PORTA LATA CORINTHIANS PL;2411975;17.99;1;0.0
CHOCOLATE HERSHEYS MEIO A;2411976;7.49;144699;0.0
CHOCOLATE HERSHEYS OVOMAL;2411977;7.49;144699;0.0
PENEIRA FUNIL PLASUTIL 14;2411978;15.99;1;0.0
GARRAFA TERMICA SANREMO T;2411979;39.99;144190;0.0
SHAMPOO ELSEVE HYDRA DETO;2411980;17.9;144870;0.0
BORRACHA BRANCA MERCUR RE;2411981;1.5;1;0.0
FIGADO DE FRANGO LAR 1KG;2411983;5.99;144309;0.0
CONDIC ELSEVE ANTI CASPA;2411984;23.9;144869;0.0
DOCE LEITE AVIACAO 400G;2411985;14.99;144715;0.0
COLHER SILICONE ORIGINAL;2411986;29.9;1;0.0
BEB GIN TONICA FLOWERS TR;2411987;5.99;1;0.0
RODO PLASTICO CRISTAL 60C;2411988;21.9;144836;0.0
CHOCOLATE HERSHEYS OVOMAL;2411989;5.99;144699;0.0
FRALDA DESC ISACARE ADULT;2411990;25.9;144908;0.0
MANTEIGA AVIACAO C/SAL 20;2411991;18.99;144464;0.0
CONDIC ELSEVE HIALUR/SALI;2411992;19.9;144869;0.0
SABONETE MARAN AMENDOAS 8;2411993;1.79;144920;0.0
BATERIA DURACELL 9V;2411994;36.9;144522;0.0
CHOCOLATE KINDER BUENO WH;2411995;9.9;144699;0.0
BISC RECH PANCO GOLDEN BL;2411996;3.45;144687;0.0
PANETTONE TOMMY FRUTAS 40;2411997;13.99;144858;0.0
WAFER LOOK ITAMARATY COOK;2411998;3.5;144691;0.0
TINGECOR GUARANY LARANJA;2411999;3.99;1;0.0
TRIFAROFA PANCO ALHO/CEB/;2412000;7.45;144772;0.0
CIGARRO WINSTON RED SLIMS;2412001;7.0;144501;0.0
PATE DE ALHO C/OREGANO AC;2412002;13.9;144765;0.0
WAFER LOOK FLORESTA NEGRA;2412003;3.5;144691;0.0
TINTURA KOLESTON PT INFIN;2412004;21.99;144867;0.0
TIC TAC CITRUS MIX 14,5G;2412005;3.5;144694;0.0
TINTURA KOLESTON CASTANHO;2412006;27.9;144867;0.0
TIC TAC FRUTAS COMO TE GU;2412007;2.99;1;0.0
SABONETE FRANCIS SUAVE OR;2412008;2.75;144920;0.0
CORANTE GUARANY PRETO 40G;2412009;4.99;144849;0.0
TIC TAC MORANGO 14,5G;2412010;3.5;144694;0.0
WAFER BAUDUCCO CHOCOLATE;2412011;3.99;144691;0.0
CIGARRO SAN MARINO;2412012;6.0;144501;0.0
WAFER LOOK ITAMARATY NAPO;2412013;3.5;144691;0.0
BISC PANCO RECH 140G MGO;2412014;3.45;144687;0.0
CIGARRO CAMEL KRETEK;2412015;15.0;144501;0.0
MACARRAO SADIA MAC N CHEE;2412016;11.99;144437;0.0
CROCK E CIA PALITINHOS CE;2412017;7.99;1;0.0
CIGARRO MARLBORO BOX RED;2412018;9.5;144501;0.0
SALGADINHO PANCO BISNACK;2412019;2.99;144855;0.0
FONDANT DE LEITE OLIVEIRA;2412020;11.99;1;0.0
LASANHA PERDIGAO BOLONHES;2412021;19.9;144437;0.0
TINGECOR GUARANY MARROM 4;2412022;3.99;1;0.0
WAFER BAUDUCCO MRG 140G;2412024;3.99;144691;0.0
WAFER PANCO CHOC E MORANG;2412025;4.99;144691;0.0
WAFER VISCONTI MORANGO 14;2412026;1.19;144691;0.0
LASANHA SADIA BOLONHESA 6;2412027;22.9;144437;0.0
BOLO PANQUINHO 35G;2412028;2.75;144320;0.0
BISC RECH VISCONTI MORANG;2412029;2.65;144687;0.0
FUSILLI SUGO MINI ALMONDE;2412030;12.99;144437;0.0
CIGARRO HARMONY;2412031;12.5;144501;0.0
SECANTE EXPRESS RISQUE 8M;2412032;10.9;144924;0.0
BISCOITO BAUDUCCO 150G CH;2412033;10.9;1;0.0
PAO DE QUEIJO SANTA DELI;2412034;18.99;144437;0.0
DESOD AERO BOZZANO POWER;2412035;12.9;144876;0.0
CHOCOLATE NESTLE CRUNCH 8;2412036;9.9;144699;0.0
CHOCOLATE NESTLE CLASSIC;2412038;7.99;144699;0.0
MUCILON NESTLE CEREAL MIL;2412039;13.9;144729;0.0
SAB LIQ SOUL FEMININO BAR;2412040;9.49;144918;0.0
ROSQUINHA DE COCO DULLY 3;2412041;12.49;144684;0.0
CHANDELLE CHOC C/CALDA MR;2412042;5.99;144485;0.0
BEBIDA LACTEA NESCAU 180M;2412043;2.99;149391;0.0
CHOCOLATE NESTLE MOCA BRI;2412044;6.59;144699;0.0
NHOQUE MAGNO PRESUNTO/MUC;2412045;22.9;144318;0.0
NESFIT MORANGO AVEIA E BA;2412046;5.99;1;0.0
NESTLE CHOCOBISCUIT 80G;2412047;7.99;1;0.0
CHOCOLATE NESTLE ALPINO B;2412048;7.99;144699;0.0
SAB LIQ SOUL MASC BLUE ME;2412049;9.49;144919;0.0
CHANDELE CHOC C/CALDA CRM;2412050;5.99;144485;0.0
BOLO CREMOSO CASA DO PAO;2412051;14.99;144320;0.0
SAB LIQ MICELAR SOUL C/AC;2412052;14.99;144919;0.0
COCAO CASA DO PAO 450G;2412053;8.45;144320;0.0
AMENDOIM CROCANTE SHALANA;2412054;6.99;144856;0.0
SAB LIQ INTIMO SOUL TUTTI;2412055;9.49;144918;0.0
FRUTAS CONG BAUM FRUTAS V;2412056;9.99;1;0.0
BISC RECH SPANTOOO CHOCOL;2412057;1.5;144687;0.0
BOLACHINHA DULLY FUBA C/G;2412058;13.99;144684;0.0
SACO P/LIXO LIMPALE REF 5;2412059;7.99;144510;0.0
CREME HIDRATANTE P/PES E;2412061;11.99;144913;0.0
MUCILON NESTLE CEREAL ARR;2412062;8.99;144729;0.0
IOGURTE POLPA NESTLE MORA;2412063;8.97;144485;0.0
ACHOC NESTLE NESCAU 370G;2412065;9.9;144727;0.0
PAO DE HAMBURGUER CASA DO;2412066;5.59;144320;0.0
CROCK E CIA PALITINHOS DE;2412068;7.99;1;0.0
NHOQUE MAGNO MUCARELA 800;2412069;24.9;144318;0.0
BISC COOKIE NESTLE ALPINO;2412070;3.75;144683;0.0
MUCILON NESTLE CEREAL ARR;2412071;12.99;144729;0.0
UVA NIAGARA RIBER FRUTAS;2412072;8.99;144120;0.0
CHOCOLATE NESTLE ALPINO 8;2412073;9.9;144699;0.0
AGUA MICELAR SOUL TQ DAS;2412074;16.9;1;0.0
WAFER NESTLE BONO CHOCOLA;2412075;4.5;144691;0.0
NESCAFE ORIGINAL REFIL 50;2412076;6.79;144728;0.0
MAGGI MEU SEGREDO REFOGA;2412077;4.99;149379;0.0
PACOCA DOCES BORBOREMA;2412078;9.9;144715;0.0
NHOQUE MAGNO TRADICIONAL;2412080;19.9;144318;0.0
FINI TUBES TROPICAL PESSE;2412081;8.49;144694;0.0
SPRAY S.LINE MEU LISO 240;2412082;19.99;1;0.0
SABAO EM BARRA MINUANO NE;2412083;3.99;144848;0.0
SABAO EM BARRA MINUANO NE;2412084;11.99;144848;0.0
CONCHA MINI INOX CLINK 21;2412085;10.99;144192;0.0
SHAMPOO ELEVE HIDRA HIALU;2412086;17.9;144870;0.0
RALINHO P/PIA INOX CHAPA;2412087;9.9;144192;0.0
CREME PENTEAR SALON LINE;2412088;38.9;144872;0.0
CONDIC SALON LINE MEU LIS;2412089;19.9;144869;0.0
FINI PIPOCA DOCE 80G;2412090;8.49;144694;0.0
PROCESSADOR DE ALIMENTOS;2412091;29.99;1;0.0
CHOCOTUBES HERSHEYS CHOC;2412093;2.99;144700;0.0
CREME PENTEAR SALON LINE;2412094;38.9;144872;0.0
GELATINA SALON LINE KIDS;2412095;27.9;144868;0.0
CONDIC ELSEVE LONGO DOS S;2412096;12.99;144869;0.0
CONDIC NIELY GOLD CACHOS;2412097;14.99;144869;0.0
SABONETEIRA C/BOMBA PLASU;2412098;10.9;1;0.0
POTE ROSCA ALHO PLASUTIL;2412099;10.9;1;0.0
RODINHO DE PIA PLASUTIL 1;2412100;6.99;1;0.0
DESFRIZ SALON LINE ANTIFR;2412101;15.9;1;0.0
BALDE ARQPLAST ALCA FERRO;2412102;6.99;144356;0.0
POTE CLIC ROSCA 720ML PLA;2412103;7.99;1;0.0
BACIA ARQPLAST 40L C/ALCA;2412104;35.9;144356;0.0
CR PENTEAR S LINE KIDS 1K;2412105;38.9;144872;0.0
PAPEL HIG QUALITE CAMPION;2412106;6.49;144904;0.0
PASTILHA FINI HORTELA 14G;2412107;1.25;144694;0.0
CADERNO CD CLIFF 10X1 MAS;2412108;22.9;144504;0.0
KIT SH CONDIC SALON LINE;2412109;23.9;144928;0.0
ESCOVA DENTAL INFANTIL ET;2412110;6.99;144889;0.0
GELATINA SALON LINE RICIN;2412111;27.9;144868;0.0
DESCANSO DE PANELA SILICO;2412112;7.5;1;0.0
SACO P/FREEZER PAKFREEZER;2412113;4.99;1;0.0
PASTILHA FINI MORANGO MEN;2412114;1.25;144694;0.0
GELATINA S.LINE 280G EXTR;2412115;24.99;144868;0.0
ESCOVA DENTAL IAMO MEDIA;2412116;5.99;144889;0.0
ESPATULA VAZADA SILICONE;2412118;26.99;1;0.0
SABONETE FRANCIS HYDRATTA;2412119;3.49;144920;0.0
ESPUMADEIRA SILICONE COLO;2412120;24.9;1;0.0
CREME DEFINIDOR SALON LIN;2412121;19.9;1;0.0
COPO WHISKY 275ML ORIGINA;2412122;9.9;1;0.0
CHOCOLATE M M AO LEITE PO;2412123;15.99;144699;0.0
CIGARRO CHESTERFIELD REMI;2412125;10.25;144501;0.0
LAMPADA HALOGENA AVANT 70;2412126;4.99;144520;0.0
COQ CATUABA SELVAGEM 1L;2412127;19.99;1;0.0
BALA GOMA MIX DOCILE AZED;2412128;5.99;144694;0.0
FIO DENTAL HILLO 50M;2412129;4.99;144890;0.0
CHOCOLATE SNICKERS MOUSSE;2412130;3.5;144699;0.0
CREME TRAT ELSEVE PURE HI;2412132;31.9;144873;0.0
PESSEGO EM CALDA MARIZA 8;2412133;14.99;144714;0.0
FRALDA DESC TOM AND JERRY;2412134;29.9;144908;0.0
REQUEIJAO CREMOSO CATUPIR;2412135;20.99;144478;0.0
UVA PRETA S/SEMENTE DOCE;2412136;12.9;1;0.0
PAO DE MEL ARTESANAL BOLA;2412137;5.45;1;0.0
COXINHAS DAS ASAS LAR 600;2412138;21.9;1;0.0
LAMPADA GALAXY LED BULBO;2412139;17.9;144520;0.0
FARINHA DE TRIGO NICOLE 1;2412140;3.69;144630;0.0
FARINHA DE TRIGO PREMIUM;2412141;5.25;144630;0.0
CERVEJA PURO MALTE THEREZ;2412142;5.99;144647;0.0
SACOS P/LIXO PLASTIZEN PI;2412143;6.49;144510;0.0
PIMENTA CUMARI NO OLEO MA;2412144;15.9;144757;0.0
PAO DE CREME CASA DO PAO;2412145;7.99;144320;0.0
BOLO PANCO 300G GOTAS;2412146;12.99;144320;0.0
TINGECOR GUARANY VERDE 40;2412147;3.99;144836;0.0
CIGARRO DUNHILL TABACCO O;2412148;14.25;144501;0.0
CHANTILLY SPRAY VIGOR 250;2412149;21.9;1;0.0
CONE TRUFADO NINHO 60G;2412150;5.75;1;0.0
PILHA DURACELL AA C/2;2412152;13.99;144522;0.0
TRIFAROFA PANCO PICANTE 2;2412153;7.45;144772;0.0
CONE TRUFADO ALPYNO 60G;2412154;5.75;1;0.0
BISC PANCO CRACKER VIDA 1;2412155;9.49;144688;0.0
CERVEJA SOL PREMIUM LN 33;2412156;4.99;144646;0.0
SABONETE FRANCIS SUAVE ER;2412157;2.75;144920;0.0
PAPEL HIG NEVE FD NEUTRO;2412158;7.99;144904;0.0
TIC TAC MENTA 14,5G;2412159;3.5;144694;0.0
BISC PANCO CRACKER VIDA 1;2412160;4.75;144688;0.0
ESMALTE RISQUE REBU 8ML;2412161;6.49;144924;0.0
AFIADOR DE FACAS ORIGINAL;2412162;26.99;1;0.0
AGUA DE COCO QUADRADO 1L;2412164;11.99;144637;0.0
CREME P/PENTEAR ELSEVE OL;2412165;14.99;144872;0.0
ESCOVA LIMPA GRELHA ORIGI;2412166;17.9;144836;0.0
CREME PENTEAR ELSEVE HIAL;2412167;19.9;144872;0.0
GARRAFA PALMEIRAS 530ML P;2412168;23.9;1;0.0
POTE CONECT RET 900ML PLA;2412169;13.99;1;0.0
LIXEIRA C/PEDAL RATTAN AR;2412170;23.99;144341;0.0
ESCOVA DENTAL IAMO MACIA;2412171;5.99;144889;0.0
POTE ROSCA CEBOLA PLASUTI;2412172;10.9;1;0.0
CONDIC ELSEVE CACHOS 200M;2412173;19.9;144869;0.0
CADERNO CD CLIFF FEMININO;2412174;12.99;144504;0.0
ESCOVA DENTAL INFANTIL ET;2412175;6.99;144889;0.0
VASO QUADRADO ARQPLAST PR;2412176;11.9;1;0.0
CONDIC FASHION LEITE SILI;2412177;13.9;144869;0.0
COPO DOSE ORIGINAL LINE 4;2412178;4.99;1;0.0
SHAMPOO SALON LINE MEU LI;2412179;16.99;144870;0.0
FINI MARSHMALLOWS TORCAO;2412180;8.49;144694;0.0
ESCOVA SILICONE P/GARRAFA;2412181;12.9;1;0.0
RALINHO P/PIA INOX CHAPA;2412182;10.99;144192;0.0
LIXEIRA C/TAMPA ARQPLAST;2412183;52.9;144341;0.0
CONDIC ELSEVE SELA GLOSS;2412184;19.9;144869;0.0
SHAMPOO FASHION LEITE SIL;2412185;13.9;144870;0.0
CONFEITO PATO FONE PULA P;2412186;18.99;144694;0.0
ESCOVA DENTAL INF IAMO MA;2412187;5.99;144889;0.0
AMENDOIM TORRADO S/PELE S;2412188;5.99;144856;0.0
TABUA DE CORTES ARQPLAST;2412189;19.9;1;0.0
CREME DEFINIDOR SALON LIN;2412190;19.9;1;0.0
AVANT LAMPADA 42W;2412191;4.99;144520;0.0
CONDIC ELSEVE LISO DOS SO;2412192;19.9;144869;0.0
CREME PENTEAR ELSEVE LONG;2412193;19.9;144872;0.0
PENEIRA INOX CASA TEM 21C;2412195;4.99;144192;0.0
GELATINA SALON LINE KIDS;2412197;27.9;144868;0.0
VASO REDONDO ARQPLAST PRE;2412198;12.9;1;0.0
VASO REDONDO ARQPLAST RAT;2412199;15.99;1;0.0
SUCO NATURAL ONE UVA/MACA;2412201;4.5;149390;0.0
RODINHO PIA PLASUTIL 13CM;2412202;5.99;1;0.0
SHAMPOO NIELY GOLD DETOX;2412203;12.9;144870;0.0
PAPEL HIG QUALITE NT FD 1;2412204;19.99;144904;0.0
CREME TRAT ELSEVE OLEO EX;2412205;23.99;144873;0.0
PRATO FUNDO DURALEX 22,6C;2412206;7.49;1;0.0
BANHEIRA INFANTIL ARQPLAS;2412207;39.99;1;0.0
AP BARBEAR BIC COMFORT 3;2412208;5.99;144898;0.0
CROCK E CIA PALITINHOS DE;2412209;7.99;1;0.0
WAFER LOOK CHOCOLATE  55;2412210;2.99;144691;0.0
BISC RECH  BONO CHOC 90G;2412211;2.99;144687;0.0
CAFE SOLUVEL NESCAFE ORIG;2412212;6.99;144728;0.0
SACOS P/LIXO LIMPALE 100L;2412213;6.99;144510;0.0
SAB LIQ SOUL FEMININO MEN;2412214;9.49;144918;0.0
AP BARBEAR BIC COMFORT3 P;2412215;5.99;144898;0.0
MANDIOCA DA ESTANCIA CONG;2412216;8.49;144173;0.0
SALGADINHO PANCO BISNACK;2412217;2.99;144855;0.0
PAO LEITE CASA DO PAO 250;2412218;4.45;144320;0.0
BISC COOKIES NESTLE GALAK;2412219;3.75;144683;0.0
MUCILON NESTLE CEREAL ARR;2412220;8.99;144729;0.0
CHOCOLATE NESTL CLASSIC A;2412222;13.99;144699;0.0
BI CAMADA NESTLE MORANGO;2412223;4.99;144485;0.0
WAFER LOOK MORANGO 55 GR;2412224;2.5;144691;0.0
SAB LIQ INTIMO SOUL BLACK;2412225;9.49;144918;0.0
PAO DE FORMA CASA DO PAO;2412226;5.99;144320;0.0
COMPOSTO LACTEO NESTLE NI;2412227;22.49;1;0.0
LOOK D.LEITE;2412228;2.99;1;0.0
AMENDOIM JAPONES SHALANA;2412229;6.99;144856;0.0
ACHOC PO NESTLE NESCAU SC;2412230;17.49;144727;0.0
CHOCOLATE NESTLE AO LEITE;2412231;13.99;144699;0.0
CHOCOTONE CASA DO PAO 500;2412232;12.99;144858;0.0
APARELHO BARBEAR BIC COMF;2412233;8.49;144898;0.0
WAFER LOOK FLORESTA NEGRA;2412235;2.99;144691;0.0
CAFE SOLUVEL NESCAFE MATI;2412236;7.99;144728;0.0
SAB LIQ INTIMO SOUL AROEI;2412237;9.49;144918;0.0
ALHO FRITO CROCANTE AKIO;2412239;6.99;144770;0.0
SALGADINHO PANCO BISNACK;2412240;2.99;144855;0.0
SACO P/LIXO LIMPALE 50L;2412241;6.99;144510;0.0
BISC RECH SPANTOOO MORANG;2412242;1.5;144687;0.0
SAB LIQ INTIMO SOUL CHOC;2412243;9.49;144918;0.0
PACOCA DOCES BORBOREMA;2412244;3.5;144715;0.0
WAFER NESTLE GALAK 110G;2412245;4.5;144691;0.0
UVA NIAGARA COAL;2412246;11.99;144120;0.0
LEITE EM PO NINHO INTEGRA;2412247;23.99;144725;0.0
BISC PANCO GERGELIM 400G;2412248;10.49;144688;0.0
IOGURTE NESTLE BLISS MORA;2412249;2.99;144485;0.0
AP BARBEAR BIC COMFORT3 A;2412250;5.99;144898;0.0
RECARGA QUERATINA S.LINE;2412251;14.9;1;0.0
ALGODAO USE IT CX 25G;2412252;3.99;144883;0.0
CESTO FLOR LAVA TUDO ARQP;2412253;4.99;144341;0.0
SHAMPOO NIELY GOLD CACHOS;2412254;12.9;144870;0.0
SHAMPOO ELSEVE EXTRA GLOS;2412255;17.9;144870;0.0
RACAO DOG CHONI VEGETAIS;2412256;105.0;144191;0.0
BACIA ARQPLAST EXTRA GIGA;2412257;63.9;144356;0.0
CADERNO CD CLIFF MASCULIN;2412258;12.99;144504;0.0
FINI TORCAO AZUL RECHEADI;2412259;8.49;144694;0.0
RONDELLI MAGNO QUATRO QUE;2412260;31.9;144318;0.0
ESCOVA DENTAL NAVY SUPER;2412261;5.99;144889;0.0
RAPADURA C/MAMAO CASTILHO;2412262;9.9;144715;0.0
RAPADURA C/GENGIBRE CASTI;2412263;9.9;1;0.0
IPANEMA DI FIORI PTO AD;2412264;41.9;144493;0.0
SABONETE ALBANY EXTRATO A;2412265;2.49;144920;0.0
FRALDA DESC HIPOPO BABY X;2412266;16.99;144908;0.0
SQUEEZE ALUMINIO COLOR 60;2412268;36.99;144166;0.0
CADERNO CD CLIFF 10X1 FEM;2412269;22.9;144504;0.0
FINI PASTILLITAS SORTIDOS;2412270;7.99;144694;0.0
ESPONFLORA ESPONJA MULTIU;2412272;3.99;144819;0.0
FRALDA DESCS COOBY DOO XX;2412273;17.99;144908;0.0
IO IO CREM MIX CHOC E BCO;2412274;4.75;144694;0.0
RAPADURA C/ABACAXI CASTIL;2412275;7.99;1;0.0
CHINELO CLASSICA URBANA M;2412276;27.9;1;0.0
PAO DE QUEIJO VOVO TERESA;2412277;31.9;144437;0.0
TINTURA COR E TON 0 AMONI;2412278;18.99;144867;0.0
DETERGENTE MINUANO MICELA;2412279;2.39;144818;0.0
RACAO DOGCHONI JUNIOR 1KG;2412280;19.9;144191;0.0
DESOD AERO ABOVE MEN NEYM;2412281;9.9;144876;0.0
RACAO DOGCHONI ADULTOS 1K;2412282;15.99;144191;0.0
ALCOOL LIQUIDO TUPI 92,8°;2412283;12.9;1;0.0
QUEIJO RALADO PALOMINO FI;2412284;5.99;144790;0.0
CR PENTEAR SALON LINE KID;2412285;16.9;144872;0.0
DESOD AERO ISACARE MAGNOL;2412286;13.99;144876;0.0
SABONETE MOTIVUS ENCANTO;2412287;1.85;144920;0.0
DEFRIZ SPRAY SALON LINE M;2412288;21.9;1;0.0
GOIABINHA ROSA DE MINAS 3;2412289;9.9;1;0.0
COPOS DESC CRISTALCOPO 10;2412290;3.5;144510;0.0
FRALDA DESC HIPOPO BABY P;2412291;15.99;144908;0.0
CHOCOLATE HERSHEYS EXTRA;2412292;7.49;144699;0.0
AMENDOIM MONTE TORRADO S/;2412294;13.99;144856;0.0
ESPUMA BARBEAR AEO BOZZAN;2412295;22.9;144900;0.0
CONDIC ELSEVE REPARACAO T;2412296;19.9;144869;0.0
CREME DEFINIDOR SALON LIN;2412297;19.9;1;0.0
BALA FINI TUBES GIGANTE I;2412298;2.99;144694;0.0
POTE CONECT RET 370ML PLA;2412299;7.99;1;0.0
FINI TORCAO ROSA RECHEADI;2412300;7.99;144694;0.0
CREME TRAT ELSEVE CACHOS;2412301;28.9;144873;0.0
FACA PEIXEIRA ORIGINAL LI;2412302;8.99;1;0.0
BALDE ARQPLAST ALCA FERRO;2412303;11.99;144356;0.0
POTE ACRILICO TRAVA PLASU;2412304;17.99;1;0.0
POTE CONECT RET 600ML PLA;2412305;10.49;1;0.0
SABONETE FRANCIS HYDRATTA;2412306;3.49;144920;0.0
ESCOVA DENTAL DENTMASTER;2412307;5.99;144889;0.0
SHAMPOO ELSEVE LISO DOS S;2412308;17.9;144870;0.0
MISTURADOR MINI MIXER BEB;2412309;20.9;1;0.0
CANECA PLASUTIL PEQUENA S;2412310;11.9;1;0.0
CESTO FECHADO ARQPLAST PR;2412311;31.9;144341;0.0
SHAMPOO ELSEVE OLEO EXT C;2412312;17.9;144870;0.0
CONDIC SALON LINE NUTRICA;2412313;21.9;144869;0.0
PAO DE FORMA CASA DO PAO;2412314;7.9;144320;0.0
COPO DESC TRANSP FONPLAST;2412315;5.99;144510;0.0
FRUTAS CONG BAUM MARACUJA;2412316;9.99;1;0.0
BANANINHA CAIPIRA 35G;2412318;2.99;144715;0.0
PACOCA CASEIRA VOVOZINHA;2412319;8.99;144715;0.0
CASEIRINHO CASA DO PAO 35;2412320;6.59;144320;0.0
SAB LIQ INTIMO SOUL MORAN;2412321;9.49;144918;0.0
MASCARA SOUL TO DE CACHOS;2412322;8.99;144873;0.0
CHOCOLATE NESTLE CLASSIC;2412323;9.9;144699;0.0
MUCILON NESTLE CEREAL MIL;2412324;8.99;144729;0.0
BISC RECH NEGRESCO 90G;2412325;2.99;144687;0.0
SALAME CAIPIRA C/AZEITONA;2412326;26.9;144461;0.0
NHOQUE MANDIOCA MAGNO 800;2412327;22.9;144318;0.0
BISC WAFER NESTLE BONO MO;2412328;4.5;144691;0.0
SUSPIRO SHALANA 150G;2412329;6.5;144684;0.0
OVOS BRANCOS DIONISIO C/3;2412330;22.9;144428;0.0
MUCILON NESTLE CEREAL MUL;2412331;12.9;144729;0.0
LAPIS DE COR MULTI COLOR;2412332;7.99;1;0.0
ISQUEIRO BIC PEQUENO;2412335;4.99;144506;0.0
BISC RECH NESTLE NEGRESCO;2412336;3.5;144687;0.0
ENERGY MONSTER GREEN 473M;2412337;10.49;144659;0.0
ENERGY MONSTER KHAOTIC OR;2412338;10.49;144659;0.0
POMADA HIPOGLOS AMENDOAS;2412339;23.99;1;0.0
IOGURTE NESTLE MORANGO 17;2412340;3.99;144485;0.0
ENERGY MONSTER WATERMELON;2412342;10.49;144659;0.0
ENERGETICO REIGN LEMON HD;2412343;8.49;144659;0.0
AZEITE OLIVA GALLO PURO U;2412344;29.9;144775;0.0
SHAMPOO JOHNSON S BABY CA;2412345;19.9;144906;0.0
CHOCOLATE TALENTO OPERETA;2412346;9.49;144699;0.0
IOGURTE NESTLE NESTON 3CE;2412347;16.99;144485;0.0
NINHO LIQ MACA/BANANA 850;2412348;19.99;144485;0.0
CAFE PREMIUM NESCAFE INTE;2412349;16.9;144728;0.0
BI CAMADA NESTLE FRUTAS V;2412350;4.99;144485;0.0
BISC RECH BONO MORANGO 90;2412351;2.99;144687;0.0
CHOCOLATE BATON ALGODAO D;2412352;1.5;144699;0.0
CANECAO REF MEGA CEREJA N;2412353;34.9;1;0.0
CONDIC JOHNSON S REGULAR;2412354;25.9;144906;0.0
ISQUEIRO BIC GRANDE;2412355;6.0;144506;0.0
CANJAO MAGGI 200G;2412356;8.99;1;0.0
APARELHO BARBEAR BIC SENS;2412357;8.99;144898;0.0
CURATIVO BAND AID TRANSP;2412358;8.95;1;0.0
DESOD AERO ISACARE FLOR L;2412359;13.99;144876;0.0
AMACIANTE DE CARNE MAGGI;2412360;10.99;144845;0.0
ESCOVA DENTAL NAVY MEDIA;2412361;11.99;144889;0.0
FINI POLVO SORTIDOS 80G;2412362;8.49;144694;0.0
GELAT CABELO S.LINE 550G;2412363;27.9;144868;0.0
FOSFORO GUARANY 10X40;2412365;5.75;144506;0.0
PAO QUEIJO VOVO TERESA CO;2412366;16.9;144437;0.0
ESCOVA DENTAL NAVY MACIA;2412367;5.99;144889;0.0
FRALDA DESC HIPOPO BABY X;2412368;16.99;144908;0.0
ESCOVA DENTAL NAVY MEDIA;2412369;5.99;144889;0.0
PENEIRA INOX CASA TEM 27C;2412370;5.99;144192;0.0
RAPADURA C/CIDRA CASTILHO;2412371;9.9;144715;0.0
PAO DE QUEIJO VOVO TERESA;2412372;18.9;144437;0.0
ESCOVA DENTAL NAVY FRESH;2412373;10.9;144889;0.0
SHAMPOO SALON LINE CACHOS;2412375;19.9;144870;0.0
MASCARA SALON LINE MEU LI;2412376;21.99;144873;0.0
FRALDA DESC SCOOBY DOO JU;2412377;17.99;144908;0.0
CREME PENTEAR SALON LINE;2412378;33.9;144872;0.0
SABONETEIRA ARQPLAST PRET;2412379;1.99;1;0.0
TINTURA COR E TON 0 AMONI;2412380;18.99;144867;0.0
FRANGO A PASSARINHO NUTRI;2412381;12.99;144309;0.0
FOSFORO GUARANY 10X40;2412382;4.99;1;0.0
AGULHA DE MAO KIT C/5 NYB;2412383;2.99;1;0.0
SQUEEZE ACRILICO KIDS 300;2412384;29.9;144341;0.0
CABIDE ROUPAS SUPER RESIS;2412385;7.99;144356;0.0
BACIA ARQPLAST C/ALCA 18L;2412386;13.99;144356;0.0
PASTILHA FINI MENTA 14G;2412387;1.25;144694;0.0
SABONETE MOTIVUS ROMANCE;2412388;1.85;144920;0.0
CHOCOLATE HERSHEYS BRANCO;2412389;7.49;144699;0.0
VASO RED RATTAN ARQPLAST;2412390;19.9;1;0.0
PAO DE QUEIJO VOVO TERESA;2412391;12.9;144437;0.0
TINTURA COR E TON 0 AMONI;2412392;18.99;144867;0.0
BALDE ESPECIAL PRETO ARQP;2412393;14.9;144356;0.0
GELATINA S.LINE 280G FIXA;2412394;24.99;144868;0.0
UVA THOMPSON COAL 500G;2412395;13.99;144120;0.0
CORTADOR UNHA NAVY CARE;2412396;4.5;1;0.0
FINI TUBES GIGANTE MORANG;2412397;2.99;144694;0.0
CREME PENTEAR ELSEVE SUPE;2412398;19.9;144872;0.0
RACAO SOMAXX SUPE PREMIUM;2412399;63.9;144191;0.0
MOELA DE FRANGO NUTRIBEM;2412400;13.99;144309;0.0
FIO DENTAL NATURE PLUS ME;2412401;7.49;144890;0.0
FOLHA ALUMINIO WYDA 7,5MX;2412402;6.99;144505;0.0
ENERGY MONSTER JUICE MANG;2412403;10.49;144659;0.0
LEITE EM PO NESTLE NINHO;2412404;23.99;144725;0.0
ACHOC PO NESTLE NESCAU LT;2412406;7.49;144727;0.0
SHAMPOO JOHNSONS BABY GOT;2412407;21.9;144906;0.0
CALDO MAGGI GALINHA 57G;2412408;2.99;144795;0.0
CALDO MAGGI COSTELA 57G;2412409;2.99;144795;0.0
ENERGY MONSTER PACIFIC PU;2412410;10.49;144659;0.0
GUARDA CHUVA GIGANTE CABO;2412411;36.9;157428;0.0
CARGA GILLETTE MACH3 C/2;2412412;23.9;144899;0.0
SOPAO MAGGI CARNE C/LEGUM;2412413;10.9;144783;0.0
DESOD AERO NIVEA PROTECT;2412414;15.99;144876;0.0
CARRINHO HOTWHEELS;2412415;16.9;144069;0.0
DESOD AERO NIVEA MEN DEP;2412416;15.99;144876;0.0
COTONETE JOHNSONS POTE C/;2412418;14.9;144893;0.0
GUARDA CHUVA GIGANTE CB C;2412419;36.9;157428;0.0
CONDIC JOHNSON S BABY CAC;2412420;25.9;144906;0.0
BEB LACTEA NESCAFE CHOCOC;2412421;8.99;149391;0.0
BISC COOKIE NESTLE CLASSI;2412422;3.75;144683;0.0
CEREAL INFANTIL MUCILON B;2412423;12.99;144729;0.0
ACHOC EM PO NESCAU 350G;2412424;12.99;144727;0.0
TEMPERO MAGGI FONDOR 120G;2412425;9.9;149379;0.0
AZEITE GALLO EXTRA VIRGEM;2412426;39.99;144775;0.0
PIPOQUEIRA MEGA ALUMINIO;2412428;79.9;144166;0.0
IOGURTE NESTLE NESTON 170;2412429;3.99;144485;0.0
GUARDA CHUVA GIG XADREZ;2412431;36.9;157428;0.0
DES AERO NIVEA SENSITIVE;2412432;15.99;144876;0.0
SOPAO MAGGI GALINHA LEGUM;2412433;9.99;144783;0.0
ACHOC EM PO NESTLE NESCAU;2412434;9.99;144727;0.0
DESOD AERO NIVEA MEN CLIN;2412435;19.9;144876;0.0
APARELHO BARBEAR BIC COMF;2412436;9.9;144898;0.0
ENERGY MONSTER ULTRA 473M;2412438;10.49;144659;0.0
CEREAL NESTLE KIT KAT CHO;2412439;16.99;144729;0.0
CHOCOLATETALENTO CEREAIS/;2412440;9.49;144699;0.0
BATON TABLET COOKIE 80G;2412441;5.99;1;0.0
CHOCOLATE KIT KAT DARK;2412442;4.5;144699;0.0
DESOD AERO NIVEA BLACK WH;2412443;15.99;144876;0.0
PROTETOR DIARIO CAREFREE;2412444;15.9;1;0.0
CHOCOLATE SOLUVEL NESTLE;2412445;22.9;144727;0.0
FIO DENTAL JOHNSONS EXP P;2412446;13.99;144890;0.0
ABS SEMPRE LIVRE ADAPT SU;2412447;11.99;144892;0.0
FINI MARSHALLOWS MARSHBOO;2412448;7.99;144694;0.0
BIFINHO DE FRANGO DOGUITO;2412449;7.99;1;0.0
LIXEIRA C/PEDAL RATTAN AR;2412450;28.99;144341;0.0
BISCOITO POLVILHO MINEIRA;2412451;11.9;144855;0.0
GELATINA SALON LINE BRILH;2412452;23.9;144868;0.0
CHOCOLATE HERSHEYS AO LEI;2412453;7.49;144699;0.0
FINI SAPO SORTIDOS 80G;2412454;8.49;144694;0.0
GOIABINHA ROSA DE MINAS 3;2412455;11.9;144320;0.0
RACAO DOG CHONI ADULTO 10;2412456;105.0;144191;0.0
FRALDA DESC SCOOBY DOO JU;2412457;17.99;144908;0.0
ESCOVA DENTAL NAVY FRESH;2412458;5.99;144889;0.0
POTE PREMIUM RETANGULAR C;2412459;9.9;1;0.0
FOLHA ALUMINIO WYDAPRATIC;2412460;9.99;144505;0.0
MOLHO PIMENTA COMARI C/PE;2412461;11.9;144757;0.0
LEXEIRA DE PIA RATTAN C/T;2412462;13.99;144341;0.0
TINTURA COR E TON 0 AMONI;2412463;18.99;144867;0.0
ESCOVA DENTAL DENTMASSTER;2412464;5.99;144889;0.0
NHOQUE MAGNO FRANGO 800G;2412465;24.9;144318;0.0
ESPONJA DE ACO ALUMINOX 1;2412466;3.5;144819;0.0
PORTA DETERGENTE ESPONJA;2412468;12.9;1;0.0
SEMENTE GIRASSOL SABOR DO;2412469;5.99;1;0.0
SEMENTE DE GIRASSOL SABOR;2412470;7.99;1;0.0
PENTE KATY TRANCADO MEDIO;2412472;7.99;1;0.0
LIMPA ALUMINIO LUMINEX 50;2412473;3.95;144820;0.0
ESCOVA CAB KATY QUADRADA;2412474;23.99;155381;0.0
SABONETE LIQ KATY ERVA DO;2412475;12.9;144919;0.0
PAPRICA DOCE SABOR DO MON;2412476;2.99;1;0.0
FILME DE PVC WYDA PRATIC;2412477;5.99;144510;0.0
ESCOVA DE CABELO KATY STY;2412478;22.9;155381;0.0
TORRESMO SAN CARLO LIMAO;2412479;15.99;144856;0.0
BATATA PALITO CG MAIS BAT;2412480;37.99;144173;0.0
SACO FREEZER BOMPACK 5KG;2412481;7.49;1;0.0
LAMPADA LED BULBO FOXLUX;2412482;16.99;144520;0.0
PAPEL MANTEIGA WYDA 29CMX;2412483;7.99;1;0.0
LEMON PEPPER SABOR DO MON;2412484;5.49;1;0.0
FILME DE PVC BOMPACK 15MX;2412485;5.99;144510;0.0
CADEADO LAND 45MM;2412486;47.9;144503;0.0
ESCOVA CABELO KATY Z FLEX;2412487;16.9;155381;0.0
UVA PASSAS BRANCA S/SEMEN;2412489;8.99;144693;0.0
TIGELA P/COLORACAO PRETA;2412490;3.99;1;0.0
CREME DE LEITE CCGL 200G;2412491;3.79;144719;0.0
COTONETE USE IT C/75;2412492;2.95;144893;0.0
SABONETE JOHNSONS LAVANDA;2412493;2.99;144920;0.0
CHOCOLATE PRESTIGIO BRANC;2412494;2.99;144699;0.0
IOGURTE GREGO CALDA DE MO;2412495;3.99;144485;0.0
CHOCOLATE TALENTO CASTANH;2412496;9.49;144699;0.0
AP BARBEAR BIC SENSITIVE;2412497;3.99;144898;0.0
SOMBRINHA SEDA LONGA;2412498;36.9;157428;0.0
DOGUITOS BIFINHO CARNE 65;2412499;7.99;144191;0.0
POLPA CHAMYTO NESTLE CERE;2412500;5.75;144485;0.0
NESCAFE MATINAL REFIL LV5;2412501;6.49;144728;0.0
ESCOVA DENTAL JOHNSONS ME;2412502;4.99;144889;0.0
FARINHA LACTEA NESTLE 400;2412503;13.79;1;0.0
BISC RECH NESTLE BONO DOC;2412504;2.99;144687;0.0
PINCEL MARCADOR PERMANENT;2412505;4.99;1;0.0
ABS PROTETOR CAREFREE C/P;2412506;16.9;144892;0.0
ACHOC NESTLE NESCAU SC 1,;2412507;34.9;144727;0.0
CHOCOLATE TALENTO AVELAS;2412508;9.49;144699;0.0
CHOCOLATE CHARGE 40G;2412509;3.5;144699;0.0
SABONETE JOHNSONS BABY H;2412510;7.99;144920;0.0
BISC RECH NESTLE PASSATEM;2412512;2.99;144687;0.0
IOG NESTLE MORANGO 1,25K;2412513;21.9;144485;0.0
SABONETE JOHNSONS RENOVAD;2412514;2.99;144920;0.0
CAFE BRASILEIRO VACUO 500;2412515;15.49;144728;0.0
FLAN NESTLE MORANGO 200G;2412517;5.45;144485;0.0
CHOCOLATE TALENTO AMENDOA;2412518;9.49;144699;0.0
FLAN NESTLE CARAMELO 200G;2412519;5.99;144485;0.0
CHOCOLATE SENSACAO 38G;2412520;4.5;144699;0.0
POLPA CHAMYTO MOR/CEREAL;2412521;5.75;144485;0.0
COTONETE JOHNSONS C/150;2412522;11.49;144893;0.0
CHOCOLATE TALENTO DARK 70;2412523;7.5;144699;0.0
DESOD AERO NIVEA PEARL BE;2412524;15.99;144876;0.0
TALCO JOHNSONS BABY TRAD;2412525;28.9;144910;0.0
CURATIVO JOHNSONS BAND AI;2412526;16.9;1;0.0
APARELHO BARBEAR BIC COMF;2412527;8.49;144898;0.0
DESOD AERO NIVEA ORIGINAL;2412528;15.99;144876;0.0
DESOD AERO NIVEA MEN DEEP;2412529;15.99;144876;0.0
CONDIC PANTENE LISO EXTRE;2412530;31.9;144869;0.0
SABONETE PALMOLIVE TANGER;2412531;3.49;144920;0.0
AMACIANTE DOWNY CONC ADOR;2412532;13.99;144845;0.0
COOKIES LACTA LAKA 80G;2412533;4.5;1;0.0
CREME P/DESEMBARACAR PALM;2412534;13.9;1;0.0
ACAFRAO SABOR DO MONTE 20;2412535;2.99;144770;0.0
SHAMPOO PANTENE COLAGENO;2412536;16.9;144870;0.0
FARINHA ROSCA SABOR DO MO;2412537;6.99;144772;0.0
FOLHA ALUMINIO WYDA 4,0X3;2412538;4.45;144505;0.0
HIDRATANTE MONANGE FRUTAS;2412539;10.9;144913;0.0
PRENDEDOR ROUPA MADEIRA P;2412540;3.99;144356;0.0
LAMPADA LED BULBO FOXLUX;2412541;12.99;144520;0.0
PILHA BR 55 AAA C/4;2412542;6.99;144522;0.0
PASSA CERA PLASTICO;2412543;13.99;1;0.0
BATATA PALITO CG BEM BRAS;2412544;11.99;144173;0.0
HIDRATANTE MONANGE LAVAND;2412545;10.9;144913;0.0
ESCOVA CABELO KATY QUADRA;2412546;26.9;155381;0.0
ESCOVA DENTAL BLU MACIA C;2412547;7.99;144889;0.0
FRALDA DESC BABY ROGER JU;2412548;14.9;144908;0.0
RACAO CATCHONI MIX S/CORA;2412549;22.9;144488;0.0
SACA ROLHA STARTOOLS INOX;2412550;8.99;144192;0.0
ESCOVA CABELO KATY CERAMI;2412551;56.9;155381;0.0
SACOS P/FREEZER GIROMIX 5;2412552;5.99;1;0.0
PAINCO SABOR DO MONTE 500;2412553;10.99;144489;0.0
VARAL DE ACO ENCAPADO VIT;2412554;4.99;144356;0.0
LEITE PO CCGL INTEGRAL IN;2412555;20.45;144725;0.0
AMENDOIM VERMELHO CRU SAB;2412556;17.99;144856;0.0
ESCOVA DENTAL BLU MACIA C;2412557;9.9;144889;0.0
FOLHA ALUMINIO WYDA 7,5M;2412558;6.99;144505;0.0
LIXA P/UNHA KATY EXTRA MO;2412559;3.99;1;0.0
TEMPERO COMPLETO DA VOVO;2412560;3.99;1;0.0
LIMPA PEDRAS LUMINEX 2L;2412561;18.99;144842;0.0
ESCOVA CABELO KATY COMFOR;2412562;26.9;155381;0.0
LEITE SEMI DESN ZERO LACT;2412563;7.99;1;0.0
ESCOVA DE CABELO KATY STY;2412564;24.9;155381;0.0
ESCOVA CABELO KATY FLEX O;2412565;10.9;155381;0.0
LIXA DE UNHA KATY EXTRA C;2412566;3.99;1;0.0
CEREAL AMA VITA CORN FLAK;2412568;5.99;144729;0.0
ESCOVA DENTAL BLU MACIA C;2412569;14.9;144889;0.0
AMENDOIM SABOR DO MONTE C;2412570;12.99;144856;0.0
SABONETE LIQ KATY CEREJEI;2412571;12.9;144919;0.0
CERVEJA IMPERIO LT 269ML;2412573;2.5;144646;0.0
MARMITA ISOPOR BOCAKENTE;2412574;38.9;144190;0.0
FEIJAO PRETO SABOR DO MON;2412575;8.99;144631;0.0
CAMOMILA SABOR DO MONTE 1;2412576;3.99;1;0.0
FARINHA MANDIOCA TORRADA;2412577;6.79;144772;0.0
ESCOVA CAB KATY FLEX RETA;2412578;12.9;155381;0.0
GELATINA ROYAL CEREJA 25G;2412579;1.99;144734;0.0
SHAMPOO PANTENE CACHOS 40;2412580;32.9;144870;0.0
DESOD AERO DOVE SEM PERFU;2412581;19.99;144876;0.0
CHOC LACTA OURO BRANCO 98;2412582;6.99;1;0.0
AMACIANTE DOWNY CONCENT L;2412584;14.99;144845;0.0
CONDIC PANTENE RESTAURACA;2412585;18.99;144869;0.0
ABS ALWAYS NOT SUAVE C/AB;2412586;11.99;144892;0.0
DESOD AERO REXONA ANTIBAC;2412587;17.99;144876;0.0
ABS ALWAYS NOTURNO SECA C;2412588;18.99;144892;0.0
CHOCOLATE LACTA DIAMANTE;2412589;1.75;144699;0.0
DESOD AERO REXONA ACTIVE;2412590;17.99;144876;0.0
APARELHO BARBEAR GILLETTE;2412591;6.99;144898;0.0
CONDIC DARLING DETOX 350M;2412592;12.99;144869;0.0
CHOC LACTA LAKA OREO 80G;2412593;8.5;144699;0.0
AP BARBEAR GILLETTE ULTRA;2412594;8.99;144898;0.0
REFRESCO TANG MANGA 25G;2412595;1.5;144930;0.0
CONDIC PANTENE COLAGENO 1;2412596;16.99;144869;0.0
AP BARBEAR GILLETTE PREST;2412597;23.99;144898;0.0
CONDIC PANTENE HIDRAT 175;2412598;18.99;144869;0.0
AMAC DOWNY CONC BRISA VER;2412599;13.49;144845;0.0
SHAMPOO PANTENE MICELAR 4;2412600;33.9;144870;0.0
CHICLE TRIDENT MAX HORTEL;2412601;3.5;144694;0.0
SHAMPOO PANTENE LISO EXTR;2412602;32.9;144870;0.0
AMACIANTE DOWNY CONC PAIX;2412603;12.99;144845;0.0
SOMBRINHA DE SEDA LONGA;2412604;36.9;157428;0.0
AP BARBEAR GILLETTE PREST;2412605;21.9;144898;0.0
REFRESCO PO TANG MANGA 18;2412606;1.65;144930;0.0
SHAMPOO PANTENE BAMBOO 40;2412607;33.9;144870;0.0
REFRESCO PO TANG UVA INTE;2412608;1.65;144930;0.0
CHOCOLATE LACTA INTENSE 4;2412609;8.99;144699;0.0
AMACIANTE DOWNY CONC MIST;2412610;13.99;144845;0.0
CHICLE TRIDENT FRESH HERB;2412611;2.99;144694;0.0
ABS ALWAYS SUAVE C/ABAS C;2412612;6.49;144892;0.0
SHAMPOO PANTENE BRILHO EX;2412614;16.9;144870;0.0
GELATINA ROYAL ABACAXI 25;2412615;1.99;144734;0.0
BISC RECH TRAKINAS TUTTI;2412616;2.79;144687;0.0
REFRESCO PO TANG MARACUJA;2412617;1.65;144930;0.0
SHAMPOO PANTENE BRILHO EX;2412618;33.9;144870;0.0
CHOC LACTA WAFER SONHO DE;2412619;2.99;144691;0.0
FRALDA DESC PAMPERS SUPER;2412620;36.99;144908;0.0
CANELA EM PO SABOR DO MON;2412621;3.45;1;0.0
CARRO DE POLICIA C/ FRICC;2412622;29.9;1;0.0
DOCE DE ABOBORA DELICIAS;2412623;12.99;1;0.0
MOLHO LUPULADO HOPS AMERI;2412624;8.79;144757;0.0
ESCOVA DENTAL INFANTIL IA;2412625;5.99;144889;0.0
FARINHA MILHO SABOR MONTE;2412626;6.49;144772;0.0
PIMENTA CABRESA SABOR DO;2412627;2.99;1;0.0
BATATA PALITO CG BEM BRAS;2412628;19.9;144173;0.0
HIDRATANTE MONANGE PELE E;2412629;10.9;144913;0.0
CADEADO  25MM;2412630;25.9;144503;0.0
LIXA PE KATY MADEIRA CONC;2412631;6.49;144924;0.0
OREGANO SABOR DO MONTE 10;2412632;7.99;144770;0.0
FAROFA CASEIRA SABOR MONT;2412633;8.99;144772;0.0
ESCOVA CAB KATY QUAD COLO;2412634;23.9;155381;0.0
POLVILHO AZEDO SABOR DO M;2412635;9.49;144772;0.0
ESCOVA DE CABELO KATY STY;2412636;22.9;155381;0.0
MOLHO REF SALSARETTI TRAD;2412637;2.39;144746;0.0
FILME DE PVC BOMPACK 30MX;2412639;9.9;144510;0.0
FOLHA ALUMINIO NATURAL 4,;2412640;7.99;144505;0.0
CONDIC PANTENE BAMBU NUTR;2412641;18.9;144869;0.0
TRIGO P/KIBE SABOR DO MON;2412642;8.99;144772;0.0
ESCOVA CAB KATY COLORS QU;2412643;25.99;155381;0.0
CREME PENTEAR MONANGE HID;2412644;11.99;144872;0.0
CAIXA RATAN PRETA ARQPLAS;2412645;12.99;144190;0.0
BISC RECH FESTIVA NEGRITO;2412646;1.25;144687;0.0
PORTA ACETONA KATY 180ML;2412647;11.99;1;0.0
GRAO DE BICO SABOR DO MON;2412648;19.99;1;0.0
RACAO DOGCHONI ADULTOS PE;2412649;20.9;144191;0.0
COLORIFICO DA VOVO 400G;2412650;15.99;149379;0.0
MARMITA TERMICA ROSCA GUF;2412651;28.9;144190;0.0
BATATA CG BEM BRASIL CRIN;2412652;21.99;144173;0.0
PURURUCA KROCKER MOSTARDA;2412653;2.99;1;0.0
ASSARAPIDO WYDA COZINHA C;2412654;10.99;144505;0.0
SAL AMONIACO SABOR DO MON;2412656;2.45;1;0.0
CANELA EM CASCA SABOR DO;2412657;5.99;144770;0.0
ESCOVA CAB KATY OVAL COLO;2412658;22.9;155381;0.0
ESCOVA CAB KATY RACKET GL;2412659;25.99;155381;0.0
PURURUCA TORRESMITOS 100G;2412660;9.49;144856;0.0
LAMPADA EMPALUX LED BULBO;2412661;15.99;144520;0.0
CONFEITOS COLORIDOS GRANU;2412662;2.99;144694;0.0
BEGUETTO BEG + LEITINHO T;2412663;37.9;144497;0.0
MISTURA P/BOLO NITA CHOCO;2412664;6.99;144736;0.0
LAMPADA EMPALUX LED BULBO;2412665;15.99;144520;0.0
FINI TUBES TWISTER 80G;2412667;8.49;144694;0.0
RONDELLI MAXI MASSAS FRAN;2412668;24.9;1;0.0
POTE QUAD TOP PARAMOUNT 1;2412669;10.9;1;0.0
BEGUETTO CREME 1,5L;2412670;27.9;144497;0.0
TEMPERO BAIANO S BAHIA 20;2412671;3.75;144770;0.0
ESPELHO BUDEPLAST 18;2412673;8.99;1;0.0
BEGUETTO TRADICAO NATA C/;2412674;11.5;144497;0.0
POTE RET TOP 525ML;2412675;6.99;1;0.0
BEGUETTO BEG + CHOC C/AVE;2412676;37.9;144497;0.0
PICOLE BEGUETTO NAPOLITAN;2412677;3.5;144497;0.0
BEGUETTO BEG + IOGURTE C/;2412678;37.9;144497;0.0
BEGUETTO BEG DESEJOS BOMB;2412679;35.9;144497;0.0
LIMPA PISOS PIQ 1L;2412680;11.99;144842;0.0
BEGUETTO BEG+ NAPOLITANO;2412681;12.5;144497;0.0
LAMPADA EMPALUX LED BULBO;2412682;18.9;144520;0.0
BEGUETTO BEG+ CHOCOLATINO;2412683;11.5;144497;0.0
PIMENTA DO REINO S BAHIA;2412684;4.99;144770;0.0
FUBA MIMOSO S BAHIA 1KG;2412685;7.69;144772;0.0
FORMULA INFANTIL NESTLE N;2412686;90.0;1;0.0
DESOD AERO DOVE PROTECAO;2412687;20.99;144876;0.0
AP B GILLETTE ULTRAGRIP;2412688;8.99;144898;0.0
CHOC LACTA AO LEITE 80G;2412689;8.5;144699;0.0
CONDIC PANTENE HIDRATACAO;2412690;31.9;144869;0.0
SH HEAD SHOULDERS MENTHOL;2412691;22.9;144870;0.0
AP BARBEAR GILLETTE ULTRA;2412692;9.99;144898;0.0
CHICLE TRIDENT MAX MENTA;2412693;3.99;144694;0.0
AMACIANTE DOWNY CONC AGUA;2412694;12.99;144845;0.0
REFRESCO PO TANG LIMAO 18;2412695;1.65;144930;0.0
ESCOVA DENTAL COLGATE ZIG;2412696;12.99;144889;0.0
SHAMPOO PANTENE EQUILIBRI;2412697;16.9;144870;0.0
BISC RECH TRAKINAS CHOCOL;2412698;2.79;144687;0.0
CHOC BIS LACTA AO LEITE 1;2412699;7.65;144700;0.0
DESOD AERO REXONA ANTIBAC;2412700;17.99;144876;0.0
REFRESCO TANG LARANJA/MAM;2412701;1.5;144930;0.0
CHOC LACTA LAKA/DIAM NEGR;2412702;8.5;144699;0.0
SH HEAD SHOULDERS REMOCAO;2412703;16.9;144870;0.0
CONDIC PANTENE QUERATINA;2412704;16.99;144869;0.0
DESOD AERO REXONA ANTIBAC;2412705;17.99;144876;0.0
REFRESCO PO TANG LARANJA;2412706;1.65;144930;0.0
BISC RECH OREO ORIGINAL 9;2412707;3.79;144687;0.0
DESOD AERO DOVE MEN INVIS;2412708;21.9;144876;0.0
DESOD AERO DOVE INVISIBLE;2412709;21.9;144876;0.0
DESOD AERO DOVE MEN CUIDA;2412710;21.9;144876;0.0
WAFER RECH CHOC OURO BRAN;2412711;2.99;144691;0.0
GELATINA ROYAL UVA 25G;2412712;1.99;144734;0.0
CONDIC PANTENE CACHOS 175;2412713;18.99;144869;0.0
REFRESCO TANG LARANJA 25G;2412714;1.5;144930;0.0
AMACIANTE DOWNY CONC PRIM;2412715;29.9;144845;0.0
CONDIC PANTENE PRO V COLA;2412716;27.9;144869;0.0
REFRESCO PO TANG TANGERIN;2412717;1.65;144930;0.0
SHAMPOO ANTIC HEAD CONTRA;2412718;22.9;144870;0.0
CONDIC PANTENE BRILHO EXT;2412719;18.99;144869;0.0
DESOD AERO AXE BS APOLLO;2412720;16.99;144876;0.0
DESOD AERO AXE BS DARK TE;2412721;16.99;144876;0.0
SABONETE PALMOLIVE FRESCO;2412722;5.49;144920;0.0
REFRESCO PO TANG UVA 18G;2412723;1.65;144930;0.0
CHOC LACTA SONHO DE VALSA;2412724;9.49;144696;0.0
CHICLE TRIDENT FRESH CERE;2412725;2.99;144694;0.0
ALPISTE SABOR DO MONTE 50;2412726;12.49;144489;0.0
CHOCOLATE BIS XTRA OREO 4;2412727;3.5;144699;0.0
HAVAIANAS TOP AZ NAVAL 39;2412728;31.9;144492;0.0
CAFE SOLUVEL NESCAFE TRAD;2412729;7.99;144728;0.0
LEITE EM PO NINHO INSTANT;2412730;18.45;144725;0.0
TEMPERO MAGGI CARNES 50G;2412731;4.35;1;0.0
IOGURTE NATURAL NESTLE CE;2412732;4.99;144485;0.0
HAVAIANAS TOP MARINHO 43/;2412733;28.9;144492;0.0
WAFER BONO LIMAO 110G;2412734;4.5;144691;0.0
CEREAL MATINAL NESTLE NES;2412735;13.99;144729;0.0
HAVAIANAS HARRY POTTER VE;2412736;43.9;144492;0.0
HAVAIANAS TOP AZUL NAVAL;2412737;31.9;144492;0.0
IOGURTE NATURAL NESTLE IN;2412738;4.99;144485;0.0
IOGURTE NESTLE MOLICO MOR;2412739;15.65;144485;0.0
CHOCOLATE NESTLE SUFLAIR;2412740;9.9;144699;0.0
IPANEMA CLASSICA INFANTIL;2412742;17.99;144493;0.0
VINHO TINTO GRAN BODEGA B;2412743;23.9;144673;0.0
DESOD AERO REXONA INVISIB;2412744;17.99;144876;0.0
ACHOC PO NESQUIK MORANGO;2412745;16.99;144727;0.0
WAFER NESTLE PRESTIGIO 11;2412746;4.5;144691;0.0
RACAO PURINA FELIX FANTAS;2412747;3.79;144488;0.0
CHOCOLATE NESTLE NESCAU B;2412748;8.99;144699;0.0
LEITE EM PO NINHO INTEGRA;2412749;16.5;144725;0.0
HAVAIANAS TOP SALMAO 35/6;2412750;28.9;144492;0.0
BISC RECH NESTLE BONO CHU;2412751;3.65;144687;0.0
BEB LACTEA NESCAU SHAKE 2;2412752;7.99;149391;0.0
IOGURTE NATURAL NESTLE ME;2412753;4.99;144485;0.0
BISC COOKIE NESTLE PASSAT;2412755;3.75;144683;0.0
DESOD AERO REXONA POWDER;2412756;17.99;144876;0.0
POLPA NESTLE GREGO LIGHT;2412757;16.49;144485;0.0
CALDO MAGGI EM PO CARNE 3;2412758;2.49;144795;0.0
CHOCOLATE NESTLE ALPINO W;2412759;8.99;144699;0.0
PHALAENOPSIS MIX P12;2412760;28.0;144626;0.0
BISC RECH NESTLE NESCAU 1;2412761;5.25;144687;0.0
AVEIA EM FLOCOS NESTLE 17;2412762;6.49;144707;0.0
BOMBOM NESTLE ESPC 251G;2412763;15.49;144696;0.0
ACHOC NESCAU 2.0 200G;2412764;6.35;144727;0.0
BEBIDA LACTEA NESCAU 1L;2412765;16.99;149391;0.0
HAVAIANAS SLIM BRASIL ROS;2412766;49.99;144492;0.0
ACHOC NESCAU LIGHT 400G;2412767;13.9;144727;0.0
BISC RECH NESTLE MOCA 140;2412768;5.25;144687;0.0
DESOD AERO NIVEA DRY COMF;2412769;15.99;144876;0.0
FUBA MIMOSO S BAHIA 500G;2412770;3.99;144772;0.0
MISTURA P/BOLO NITA FUBA;2412771;6.49;144736;0.0
SORVETE BEGUETTO FLOCOS 2;2412772;33.9;144497;0.0
SALSA DESIDRATADA S BAHIA;2412773;3.75;144770;0.0
FARINHA MANDIOCA FINA S B;2412774;7.49;144772;0.0
BALA FINI BEIJOS 15G;2412775;1.5;144694;0.0
CAMOMILA S BAHIA 10G;2412776;3.45;144770;0.0
LAMPADA LED BULBO FOXLUX;2412777;13.99;144520;0.0
FRUTAS CRISTALIZADAS SABO;2412778;3.99;1;0.0
CAFE MINAS TRADICAO EXTRA;2412779;14.49;144728;0.0
LAMPADA EMPALUX LED BULBO;2412780;17.99;144520;0.0
SACO P/FREEZER SUPER PLAS;2412781;5.99;1;0.0
PICOLE BEGUETTO CREAM COO;2412782;8.9;144497;0.0
ACAI BEGUETTO 1,5L GUARAN;2412783;43.9;149393;0.0
AZEITONAS VERDES TBACK 50;2412785;14.9;144801;0.0
AMEIXA PRETA S/CAROCO SAB;2412786;7.99;144693;0.0
FITA ADESIVA POLISIL ADEL;2412787;1.99;1;0.0
COPO DESC TOPFORM 180ML C;2412788;5.99;144510;0.0
SORVETE BEGUETTO CHOCOLIT;2412789;33.9;144497;0.0
OLEO DE COCO VIRGEM COPRA;2412790;18.9;144777;0.0
CONDIC ELSEVE OLEO EXTRA;2412791;19.9;144869;0.0
PIMENTA EM GRAOS S BAHIA;2412792;9.9;144770;0.0
SORVETE BEGUETTO CHOC BRA;2412794;33.9;144497;0.0
BICARBONATO SODIO S BAHIA;2412795;3.75;144770;0.0
OLEO DE COCO EXTRAVIRGEM;2412796;15.9;1;0.0
PICOLE BEGUETTO BRIGADEIR;2412797;5.75;144497;0.0
TOP FACIL QUADRADO ALTO P;2412798;17.9;1;0.0
FINI MARSHMALLOWS VULCAO;2412799;11.99;144694;0.0
CONDIC ELSEVE EXTRA PROF;2412800;18.9;144869;0.0
SORVETE BEGUETTO CREME 2L;2412801;33.9;144497;0.0
LIMPA PEDRA PIQ 1L;2412803;7.99;144842;0.0
SUCO CONC IMPERIAL MARACU;2412804;7.49;1;0.0
MASSA P/PASTEL MAXI MASSA;2412806;8.75;1;0.0
SORVETE BEGUETTO NAPOLITA;2412807;33.9;144497;0.0
COLORIFICO S.DO MONTE 50G;2412808;3.65;149379;0.0
MISTURA P/BOLO NITA FESTA;2412810;6.49;144736;0.0
COPOS DESC TERMOPOT 200ML;2412811;6.95;144510;0.0
FINI MINHOCAS 15G;2412812;1.5;144694;0.0
PIMENTA CALABREZA S BAHIA;2412813;3.75;144770;0.0
FINI TUBES TWISTER 17G;2412814;1.5;144694;0.0
BEB LACTEA VIGOR CHOCOLAT;2412815;5.49;149391;0.0
GELATINA ROYAL LIMAO 25G;2412816;1.99;144734;0.0
ESCOVA DENTAL ORAL B CLEA;2412818;18.9;144889;0.0
AP BARBEAR  GILLETTE MACH;2412819;25.99;144897;0.0
FERMENTO EM PO ROYAL 100G;2412820;4.99;144733;0.0
CONDIC PANTENE MICELAR 17;2412821;18.99;144869;0.0
CHOC LACTA DIAMANTE NEGRO;2412822;8.5;144699;0.0
CONDIC PANTENE BRILHO EXT;2412823;31.9;144869;0.0
BISC RECH CHOCOLICIA CHOC;2412824;5.95;144687;0.0
CREME DENTAL SORRISO TRIP;2412825;8.99;144887;0.0
SH HEAD SHOULDERS ANTICOC;2412826;22.9;144870;0.0
REFRESCO PO TANG GOIABA 1;2412828;1.65;144930;0.0
CHOCOLATE BIS AO LEITE 10;2412829;7.49;144700;0.0
AGUA SANITARIA Q BRANCURA;2412830;6.49;144853;0.0
WAFER NESTLE CLASSIC 110G;2412831;4.5;144691;0.0
DOCE DE LEITE DELICIAS DA;2412832;13.49;1;0.0
BEGUETTO LEITE CONDENSADO;2412833;33.9;144497;0.0
PICOLE BEGUETO BEG CROC 5;2412834;6.5;144497;0.0
CEBOLINHA DESIDRATADA S B;2412835;3.75;144770;0.0
COMPOSTO LACTEO EM PO MER;2412837;7.99;157059;0.0
NHOQUE BATATA MAXI MASSAS;2412838;16.99;1;0.0
PANETTONE ROMANATO FRUTAS;2412839;10.99;144858;0.0
ALECRIM SILVA BAHIA 15G;2412840;3.75;144770;0.0
NOZ MOSCADA GRAO S BAHIA;2412841;3.45;144770;0.0
BEGUETTO BEG DESEJOS BISC;2412842;35.9;144497;0.0
TOP FACIL RED 4L;2412843;19.99;1;0.0
POLVILHO DOCE S BAHIA 500;2412844;8.99;144772;0.0
CRAVO S BAHIA 10G;2412845;4.75;144770;0.0
MISTURA P/BOLO NITA AIPIM;2412846;6.49;144736;0.0
CANELONE MAXI MASSAS PRES;2412847;25.9;144318;0.0
FITA ADESIVA ADELBRAS 12M;2412848;1.0;1;0.0
SUCO CONC IMPERIAL CAJU 5;2412849;3.25;1;0.0
SUSTAGEN KIDS CHOCOLATE 3;2412850;24.9;1;0.0
BICARBONATO SABOR DO MONT;2412851;3.49;144770;0.0
POLVILHO AZEDO S BAHIA 50;2412852;9.49;144772;0.0
LOURO FOLHA SABOR DO MONT;2412853;3.49;144770;0.0
OREGANO S BAHIA 70G;2412854;6.99;144770;0.0
PAINCO S BAHIA 500G;2412855;11.99;144489;0.0
LAMPADA EMPALUX INCAND GE;2412856;7.99;144520;0.0
FINI TUBES PINTA LINGUA 1;2412857;1.5;144694;0.0
ESPELHO BUDEPLAST 16;2412858;6.99;1;0.0
FINI TUBES AZEDINHOS 15G;2412859;1.5;144694;0.0
FEIJÃO BRANCO  SABOR DO M;2412861;10.49;144631;0.0
SORVETE BEGUETTO ABACAXI;2412862;33.9;144497;0.0
BEGUETTO TRADICAO CHOCOLA;2412863;11.5;144497;0.0
PIMENTA DO REINO SABOR DO;2412864;6.99;144770;0.0
BEGUETTO BEG DESEJOS MARM;2412865;35.9;144497;0.0
FINI BANANAS 15G;2412866;1.5;144694;0.0
BEGUETTO SUNDAE CHOCOLATE;2412867;6.9;144497;0.0
BEGUETTO BEG DESEJOS CHOC;2412868;35.9;144497;0.0
SUCO UVA UVAJAL PET 1,5L;2412869;12.99;1;0.0
VINHO TINTO SUAVE BORDO D;2412870;16.9;144673;0.0
IOGURTE VIGOR GREGO TRADI;2412871;3.5;144486;0.0
REQUEIJAO PURANATA CHEDDA;2412872;13.99;144478;0.0
GELATINA LUAL UVA ZERO AC;2412873;2.99;144709;0.0
CAPPUCCINO UTAM TRADICION;2412874;13.99;144728;0.0
BEBIDA LACTEA ALPINO FAST;2412875;7.99;149391;0.0
FRIGIDEIRA M FLON MEGA AL;2412876;42.99;144166;0.0
KALANCHOE DOBRADO P15;2412877;15.0;144626;0.0
HAVAIANAS TOP AZ NAVAL 33;2412878;31.9;144492;0.0
BISC RECH NESTLE CLASSIC;2412879;5.25;144687;0.0
IOGURTE NINHO FRUTI MORAN;2412880;9.49;144485;0.0
IOGURTE NINHO SOLEIL MORA;2412881;4.35;144485;0.0
CHANDELLE CHANTILLY CARAM;2412882;7.99;144485;0.0
TEMPERO MAGGI MEU SEGREDO;2412884;4.99;149379;0.0
DENPHALAEN MINI P12;2412885;29.99;144626;0.0
HAVAIANAS BRASIL MARINHO;2412886;49.9;144492;0.0
DESOD AERO NIVEA SENS PRO;2412887;15.99;144876;0.0
SOPAO MAGGI CARNE C/LEGUM;2412889;6.99;144783;0.0
BEB LACTEA NESTON FAST 28;2412890;7.99;149391;0.0
CREME DE LEITE NESTLE 300;2412891;9.75;144719;0.0
HAVAIANAS TOP CINZA ACO 3;2412892;28.9;144492;0.0
BISC RECH BONO DOCE DE LE;2412893;3.65;144687;0.0
HAVAIANAS BRASIL AZUL NAV;2412895;49.9;144492;0.0
MUCILON NESTLE CEREAL MUL;2412896;9.9;144729;0.0
IOGURTE NATURAL NESTLE DE;2412897;4.99;144485;0.0
CHOCOLATE NESTLE SUFLAIR;2412898;9.9;144699;0.0
LIMPA FORNO EASY OFF 250M;2412899;23.99;1;0.0
ACHOC EM PO NESCAU SACHE;2412900;32.9;144727;0.0
DESOD AERO DOVE BEAUTY FI;2412901;21.9;144876;0.0
HAVAIANAS TOP MARINHO 39/;2412902;28.9;144492;0.0
CHOCOLATE PRESTIGIO DARK;2412903;2.99;144699;0.0
CREME LEITE NESTLE TP 200;2412904;5.99;144719;0.0
DESOD AERO REXONA COTTON;2412905;17.99;144876;0.0
HAVAIANAS TOP ROSE GOLD 3;2412906;28.9;144492;0.0
DESOD AERO DOVE SENSITIVE;2412908;21.9;144876;0.0
CEREAL NESTLE MOCA FLAKES;2412909;7.49;144729;0.0
NESCAFE TRADICAO REFIL 50;2412910;6.79;144728;0.0
HAVAIANAS TOP AZUL NAVAL;2412911;31.9;144492;0.0
DESOD AERO DOVE GO FRESH;2412912;21.9;144876;0.0
HAVAIANAS BRASIL MARINHO;2412913;49.9;144492;0.0
LEITE EM PO NINHO NESTLE;2412914;16.9;144723;0.0
BISC RECH BONO CHOCOLATE;2412915;2.5;144687;0.0
CEREAL NESTLE NESCAU SC 1;2412916;7.99;144729;0.0
HAVAIANAS TOP PRETO 47/8;2412917;28.9;144492;0.0
PETIT NESTLE CHAMBINHO MO;2412918;10.4;144485;0.0
HAVAIANAS KIDS ATHLETIC V;2412919;29.9;144492;0.0
BALA CARAMELOS CASTANHA 1;2412920;5.99;144694;0.0
DESOD AERO REXONA S/PERFU;2412921;17.99;144876;0.0
RACAO PURINA FRISKIES CAR;2412922;3.99;144488;0.0
CHINELO IPANEMA MASC;2412923;21.9;144493;0.0
KALANCHOE DOBRADO P11;2412924;10.0;144626;0.0
BEB LACTEA NESCAFE SMOOVL;2412925;8.5;149391;0.0
HAVAIANAS TOP MARINHO 33/;2412926;28.9;144492;0.0
HAVAIANAS BRASIL AZUL NAV;2412927;49.9;144492;0.0
HAVAIANAS TOP ROSE GOLD 3;2412928;28.9;144492;0.0
DESOD AERO DOVE POWDER SO;2412929;21.9;144876;0.0
PANOS SCOTT DURAMAX 58FL;2412930;14.99;1;0.0
AVEIA EM FLOCOS FINOS NES;2412931;6.49;144707;0.0
TEMPERO SABOR MAGGI LEGUM;2412932;4.35;1;0.0
COSTELA DE ADAO P17;2412933;45.0;144626;0.0
HAVAIANAS TOP ROSE GOLD 3;2412934;28.9;144492;0.0
HAVAIANAS BRASIL AZUL NAV;2412936;49.9;144492;0.0
MISTURA CAFE COM LEITE NE;2412937;24.99;1;0.0
HAVAIANAS BRASIL AZUL NAV;2412938;49.9;144492;0.0
CR DENTAL COLGATE TOTAL 1;2412939;10.99;144887;0.0
GUARDANAPO COZINHA ARARAS;2412940;4.5;144291;0.0
OLEO CORPORAL FARMAX BABO;2412941;9.9;1;0.0
CERVEJA PILSEN EISENBAHN;2412942;4.99;144646;0.0
FILTRO PAPEL MATAO 103;2412943;5.95;144509;0.0
INJETOR DE TEMPEROS INJET;2412944;9.95;1;0.0
CREME SKALA HIDRO NUTRITI;2412945;10.99;144871;0.0
CONJ MANTIMENTOS C/ROSCA;2412946;61.9;1;0.0
GARRAFA SQUEEZE BANDEIRAN;2412947;12.9;1;0.0
CREME SKALA JABORANDI 1KG;2412948;10.99;144871;0.0
OVOS BRANCOS GRANJA SHINT;2412949;14.9;144428;0.0
OLEO CORPORAL FARMAX ARGA;2412950;10.9;144914;0.0
JARRA TRANSP C/TAMPA PLAS;2412951;16.9;1;0.0
TEMPERO ARIANE C/PIMENTA;2412953;2.9;144794;0.0
FEIJAO PICININ PRETO 1KG;2412954;8.99;144631;0.0
FLANELA BRANCA ARARAS 38X;2412955;3.99;144345;0.0
BUCHA VEGETAL OVAL JF;2412956;6.99;144923;0.0
FEIJAO CARIOCA CAMPO FINO;2412957;9.9;144631;0.0
CONDIC OX LISO DURADOURO;2412958;15.9;144869;0.0
CERVEJA EISENBAHN 600ML;2412959;5.99;144646;0.0
BUCHA VEGETAL JF PEDACO;2412960;7.99;144923;0.0
ACETONA FARMAX 500ML;2412961;17.99;144924;0.0
ARROZ PICININ 5KG;2412962;24.25;144629;0.0
ORGANIZ RED JAGUAR GARDEM;2412963;17.9;1;0.0
CREME SKALA MAIONESE NUTR;2412964;11.99;144871;0.0
VASSOURA CRISTAL ESFREGAO;2412965;13.99;144836;0.0
CREME SKALA LAMA NEGRA 1K;2412966;11.99;144871;0.0
LIMPA AZULEJO CRISTAL;2412967;16.99;144345;0.0
DESENTUPIDOR DE VASO CRIS;2412968;12.99;144836;0.0
FLANELA ARARAS 38X58CM;2412969;3.99;144345;0.0
FEIJAO PICININ 2KG;2412970;13.99;144631;0.0
CONDIC OX CACHOS CONTROLA;2412971;15.9;144869;0.0
FEIJAO PICININ BOLINHA 1K;2412972;12.99;144631;0.0
JARRA GRADUADA INJETEMP 1;2412973;9.99;1;0.0
VELAS SR BOM JESUS N 6 24;2412974;11.9;144513;0.0
AGUA DE COCO CAMPO LARGO;2412975;16.99;144637;0.0
CERVEJA PILSEN EISENBAHN;2412976;4.75;144646;0.0
FILTRO PERMANENTE MATAO;2412977;5.99;1;0.0
VASSOURA CRISTAL P 2000;2412978;13.99;144836;0.0
MOSKITOFF ADULTO 100ML;2412981;14.99;1;0.0
ORGANIZ RET JAGUAR GARDEM;2412982;17.9;1;0.0
FRALDA DESC TOQUINHO BASI;2412984;39.99;144908;0.0
CHOCOLATE TALENTO MEIO AM;2412985;9.49;144699;0.0
BEBEZINHO PANCO GOTAS CHO;2412986;4.99;144320;0.0
SALGADINHO PANCO BISNACK;2412987;2.99;144855;0.0
BISC RECH NESTLE BONO LIM;2412988;2.99;144687;0.0
CREME CEBOLA MAGGI 68G;2412989;7.99;144783;0.0
CHOCOLATE NESTLE CLASSIC;2412991;9.9;144699;0.0
LEITE EM PO NESTLE NINHO;2412992;19.45;144723;0.0
CEREAL NESTLE KIT KAT SAC;2412993;7.99;144729;0.0
CEREAL MATINAL NESTLE PAS;2412994;10.99;144729;0.0
ABS SEMPRE LIVRE ADAPT PL;2412995;11.9;144892;0.0
PAO DE FORMA PANCO INTEGR;2412996;11.99;144320;0.0
SALGADINHO PANCO BISNACK;2412997;2.99;144855;0.0
ROSQUINHAS PANCO COCO 350;2412998;6.99;144684;0.0
IOGURTE NESTLE VIT FRUTAS;2412999;16.99;144485;0.0
CHOCOLATE KIT KAT WHITE;2413000;4.5;144699;0.0
CALDO MAGGI GALINHA 114G;2413001;4.59;144795;0.0
IOGURTE NINHO MACA/BANANA;2413002;4.35;144485;0.0
ABSORVENTE INTERNO OB MIN;2413003;12.49;144892;0.0
CHOCOLATE KIT KAT MINI MO;2413004;4.5;144699;0.0
BISC PANCO CRACKER MANTEI;2413005;5.49;144688;0.0
BISC RECH SPANTOOO CHOC B;2413006;1.5;144687;0.0
PANETTONE NESTLE PRESTIGI;2413007;37.9;144858;0.0
CHOCOLATE MOCA 38G;2413008;3.99;144699;0.0
CEREAL MATINAL PASSATEMPO;2413009;5.99;144729;0.0
ABS INTERNO OB SUPER C/10;2413011;10.9;144892;0.0
POLPA NESTLE NESTON 510G;2413012;10.65;144485;0.0
WAFER NESTLE BONO DOCE DE;2413013;4.5;144691;0.0
BISC RECH PANCO CHOCOLATE;2413014;3.45;144687;0.0
CALDO MAGGI PICANHA 57G;2413015;2.69;144795;0.0
BISC RECH NESTLE BONO COC;2413016;2.99;144687;0.0
CHOCOLATE KIT KAT 41,5G;2413017;4.5;144699;0.0
CEREAL MATINAL SNOW FLAKE;2413018;11.9;144729;0.0
POLPA IOGURTE CHAMBINHO M;2413019;9.75;144485;0.0
BOMBOM GAROTICES 250G;2413020;14.95;144696;0.0
CHOCOLATE NESTLE CLASSIC;2413021;13.99;144699;0.0
CHOCOLATE NESTLE PRESTIGI;2413022;2.99;144699;0.0
ABS SEMPRE LIVRE ADAPT C/;2413023;6.45;144892;0.0
FARINHA LACTEA NESTLE SC;2413024;6.99;144729;0.0
BEB LACTEA NESCAU PRONTIN;2413025;2.75;149391;0.0
IOGURTE NESTLE GREGO FR V;2413027;11.7;144485;0.0
SALEIRO PREMIER C/TAMPA E;2413028;9.99;1;0.0
BEB ALCOOLICA RECORD COCO;2413029;19.9;144850;0.0
JARRA FLIP TOP NITRON GRA;2413030;32.9;1;0.0
JARRA FLIP NITRON TOP 1,3;2413031;12.9;1;0.0
COQ STEMPEL PINK 600ML;2413032;10.99;144649;0.0
BALA PIETROBON CANELA 600;2413034;9.95;144694;0.0
BEGUETTO BOMBOM COOKIES 1;2413035;12.0;144497;0.0
SUPORTE P/FILTRO 103 MARR;2413036;7.99;1;0.0
REFRESCO BRASSUK LIMAO 30;2413037;7.99;144930;0.0
IOGURTE FRUTAP BICAMADA M;2413038;2.99;144482;0.0
COQ STEMPEL PINEAPPLE  60;2413039;10.99;144649;0.0
IOGURTE FRUTAP AMEIXA 850;2413040;10.99;144482;0.0
BALA MASTIG PIETROBOM ALG;2413041;9.95;144694;0.0
MOELA FRIATO 800G;2413042;6.99;1;0.0
IOGURTE FRUTAP MORANGO 16;2413043;2.99;144482;0.0
REFRESCO EM PO BRASSUK MA;2413044;1.15;144930;0.0
DOCE DE LEITE LISBOA PEDA;2413045;9.9;1;0.0
BALA SANTA FE PIPPER 600G;2413046;9.99;144694;0.0
CAFE UTAM EXTRA FORTE 500;2413047;23.9;144728;0.0
COQ COMP CANTINHO DO VALE;2413048;24.9;144673;0.0
SOJA EM GRAO TRIVIAL 500G;2413049;8.99;1;0.0
CAPPUCCINO UTAM LIGHT 140;2413050;13.99;144728;0.0
IOGURTE FRUTAP MORANGO 85;2413051;10.99;144482;0.0
BACIA TRITEC C/TAMPA 1,2L;2413052;6.49;144356;0.0
GELATINA LUAL ABACAXI ZER;2413053;2.99;144709;0.0
SORVETE BEGUETTO BEG TRUF;2413054;35.9;144497;0.0
REFRESCO EM PO JAL UVA 25;2413055;6.99;144930;0.0
BALA MASTIG PIETROBON YOG;2413056;8.99;144694;0.0
LIXEIRA VIME C/PEDAL NITR;2413059;49.9;144341;0.0
SACA ROLHA INOX VIEL;2413060;5.99;144192;0.0
PICOLE BEGUETTO CHOCOCO B;2413061;7.5;144497;0.0
SUCO LANJAL LARANJA 1,5L;2413062;11.99;1;0.0
REFRESCO EM PO BRASSUK ME;2413063;1.15;144930;0.0
DOCE DE ABOBORA C/COCO LI;2413064;9.9;1;0.0
VINHO TINTO PERGOLA SELEC;2413065;22.9;144673;0.0
ACAFRAO S BAHIA 15G;2413066;3.45;144770;0.0
IOGURTE VIGOR VIT FRUTAS;2413067;11.49;144486;0.0
FLAN VIGOR BAUNILHA BJ C/;2413068;6.99;1;0.0
IOGURTE POLPA FRUTAP MRG;2413069;6.9;144482;0.0
SOB LACTEA FRUTAP FLAN CA;2413070;5.25;144482;0.0
IOGURTE FRUTAP SALADA FRU;2413071;10.99;144482;0.0
HIDRATANTE SKALA AMEIXA E;2413072;7.99;144913;0.0
SAB LIQ TOK BOTHANICO FR;2413073;13.9;144919;0.0
HIDRATANTE SKALA CAMOMILA;2413074;7.99;144913;0.0
DES ROLL ON EX SET ACTION;2413075;7.99;144878;0.0
SHAMPOO BEL KIT REALCE CO;2413077;14.9;144870;0.0
CREME SKALA 1KG BIOTINA;2413078;11.99;144871;0.0
HIDRATANTE SKALA ACAI 400;2413079;7.99;144913;0.0
SHAMPOO BEL KIT VINAGRE M;2413080;13.99;144870;0.0
HIDRATANTE SKALA AVEIA 40;2413081;7.99;144913;0.0
HIDRATANTE SKALA LAVANDA;2413082;7.99;144913;0.0
CALDEIRAO BOJUDO MEGA ALU;2413083;28.9;144166;0.0
CREME SKALA AMIDINHO MILH;2413084;11.99;144871;0.0
SHAMPOO BEL KIT MANDIOCA;2413085;12.99;144870;0.0
SHAMPOO BEBE VIDA DAVENE;2413086;14.99;144906;0.0
OVOMALTINE FLOCOS 190G;2413087;11.9;144727;0.0
PENTEIA CABELO SPRAY BEL;2413088;29.99;1;0.0
CREME P/PENTEAR BEL KIT L;2413089;12.9;144872;0.0
CREME SKALA 1KG COLAGENO;2413090;11.99;144871;0.0
OLEO CAPILAR EX SET CAMOM;2413091;10.99;1;0.0
TEMPERO ARIANE S/PIMENTA;2413092;2.49;1;0.0
HIDRATANTE SKALA PROTEINA;2413093;7.99;144913;0.0
SAB LIQ KI BELLA MORANGO;2413094;7.99;144919;0.0
SPRAY TRATAMENTO UNICO BE;2413095;29.99;1;0.0
DES ROLL ON EX SET FLORAL;2413096;7.99;144878;0.0
PISTOLA D AGUA CANDY;2413097;15.9;144694;0.0
MASCARA BEL KIT ATIVADOR;2413098;19.9;144873;0.0
HIDRATANTE SKALA LEITE DE;2413100;7.99;144913;0.0
CACAROLA REF MEGAFLON N 2;2413101;84.9;1;0.0
LIXA P/UNHA METALICA CORN;2413102;10.9;1;0.0
SAB LIQ KI BELLA AROEIRA;2413104;7.99;144919;0.0
CONFEITO UNICORNIO C/LUZ;2413105;23.9;144694;0.0
SABONETE LA FLORE FLOR DE;2413106;5.95;144920;0.0
SABONETE LIQ KIZZ AVEIA 5;2413107;15.9;144919;0.0
OLEO CAPILAR EX SET ABACA;2413108;10.99;1;0.0
DES AERO CORPO A CORPO SP;2413109;11.9;144876;0.0
GEL FIXADOR EX SET INCOLO;2413110;12.99;145727;0.0
SABONETE LIQ KI BELLA LAV;2413111;13.99;144919;0.0
CANECAO MEGA ALUMINIO N 1;2413112;26.9;144166;0.0
HIDRATANTE SKALA AMENDOAS;2413113;7.99;144913;0.0
HIDRATANTE SKALA AGUA DE;2413114;7.99;144913;0.0
BEGUETTO SABOR DO INTERIO;2413115;33.9;144497;0.0
BEB LACTEA NESCAFE LATTE;2413116;7.99;149391;0.0
ABSORVENTE INTERNO OB MED;2413117;12.9;144892;0.0
CHOCOLATE GAROTO SERENATA;2413118;5.99;1;0.0
SABONETE JOHNSONS BABY GL;2413119;7.99;144920;0.0
BISC RECH NESTLE NEGRESCO;2413120;3.49;144687;0.0
BISC COOKIE NESTLE NEGRES;2413121;3.75;144683;0.0
MUCILON NESTLE CEREAL ARR;2413122;12.9;144729;0.0
BOLO PANQUINHO CHOCOLATE;2413123;2.75;144320;0.0
LEITE COND MOCA INTEGRAL;2413124;10.49;144718;0.0
CHOC NESTLE CHOCOTRIO 90G;2413125;9.9;144699;0.0
BOLO PANQUINHO MORANGO 35;2413126;2.75;144320;0.0
BOLO PANCO FORMIGUEIRO 30;2413128;12.99;144320;0.0
SALGADINHO PANCO BISNACK;2413129;2.99;144855;0.0
CEREAL NESTLE CRUNCH SC 1;2413130;6.49;144729;0.0
BISC PANCO CRACKER MANTEI;2413131;11.49;144688;0.0
CHOCOLATE TALENTO DOCE LE;2413132;9.49;144699;0.0
CHOCOLATE NESTLE RECH 90G;2413133;9.9;144699;0.0
IOGUTE NESTLE NESFIT AMEI;2413135;5.75;144485;0.0
IOGURTE CHAMBINHO NESTLE;2413136;4.35;144485;0.0
REFRESCO EM PO BRASSUK AB;2413137;9.45;144930;0.0
REQUEIJAO PURANATA BISNAG;2413138;11.99;144478;0.0
REQUEIJAO CREMOSO VIGOR 4;2413139;25.99;144478;0.0
DES SPRAY LEITE DE ROSAS;2413140;7.99;144879;0.0
NEOSALDINA C/4;2413141;10.5;1;0.0
BALA PIETROBON HAPPY MIX;2413142;8.99;144694;0.0
REFRESCO EM PO BRASSUK UV;2413143;1.15;144930;0.0
PORTA OLEO ITALIANO NITRO;2413144;8.99;1;0.0
GELADINHO AMERICANO 55ML;2413145;0.75;1;0.0
COQ CHOPP VINHO STEMPEL W;2413146;10.99;144649;0.0
LEITE ROSAS TRAD 60ML;2413147;3.99;1;0.0
IOGURTE VIGOR INTEGRAL AM;2413149;3.75;144486;0.0
BALA COFFEE CAFE 100G;2413150;3.99;144694;0.0
COQ STEMPEL PINK 600ML;2413151;10.99;144649;0.0
ABRIDOR DE LATA E GARRAFA;2413152;2.99;144394;0.0
BEGUETTO LEITE CONDENSADO;2413153;27.9;144497;0.0
ORGANIZ MULTIUSO RATTAN N;2413154;11.9;1;0.0
BEGUETTO BEG DESEJOS TRUF;2413155;35.9;144497;0.0
ARROZ SANO 5KG;2413156;30.69;144629;0.0
BALA CARAMELOS BRIGADEIRO;2413157;5.99;144694;0.0
IOGURTE FRUTAP NATURAL 17;2413158;3.5;144482;0.0
BEB LACTEA VIGOR DOCE LEI;2413159;5.49;149391;0.0
PETIT SUISSE VIGOR MORANG;2413161;8.6;1;0.0
OLEO SOJA ABC 900ML;2413162;7.49;144633;0.0
BALA MASTIG PIETROBON YOG;2413163;8.99;144694;0.0
BACIA TRITEC C/TAMPA 3,6L;2413164;14.9;144356;0.0
COQ STEMPEL WHITE 600ML;2413165;10.99;144649;0.0
PRENDEDOR ROUPA MAD KEEPR;2413166;3.5;144356;0.0
REFRESCO EM PO BRASSUK TA;2413167;9.45;144930;0.0
BEGUETTO DUO MIX CREME 1,;2413168;27.9;144497;0.0
PALITEIRO ACRILICO PB;2413169;3.5;1;0.0
BEGUETTO BEG DESEJOS DOCE;2413170;35.9;144497;0.0
REFRESCO EM PO BRASSUK AB;2413172;1.15;144930;0.0
COQ CHOP VINHO STEMPEL RE;2413173;10.9;144649;0.0
AGUA DE COCO KERO COCO 1L;2413174;18.9;144637;0.0
AGUA COCO KERO COCO 330ML;2413175;8.49;144637;0.0
BEGUETTO SABOR DO INTERIO;2413176;33.9;144497;0.0
OLEO DE SOJA CONCORDIA 90;2413177;6.65;144633;0.0
ARROZ SANO OURO 5KG;2413178;33.99;144629;0.0
BEGUETTO ACAI COM GUARANA;2413180;12.5;144497;0.0
REQUEIJAO FRUTAP C/AMIDO;2413181;8.45;144478;0.0
BALA SANTA FE CANELA 600G;2413182;10.99;144694;0.0
IOGURTE FRUTAP GREGO TRAD;2413183;2.5;144482;0.0
SIDRA GOTAS DO VALE MACA;2413185;13.99;144648;0.0
REFRESCO EM PO BRASSUK GO;2413186;1.15;144930;0.0
DOCE DE LEITE PINGADO DEL;2413187;13.99;1;0.0
BEGUETTO SABORES DO INTER;2413189;33.9;144497;0.0
BRASSUK PESSEGO 20GR;2413190;0.85;144930;0.0
IOGURTE FRUTAP FR VERMELH;2413191;10.99;144482;0.0
REFRESCO EM PO BRASSUK MA;2413192;1.15;144930;0.0
FINI MARSHMALLOWS TORCAO;2413193;8.49;144694;0.0
GEL FACIAL NAXOS ACIDO HI;2413194;9.49;1;0.0
BEB LACTEA PATATI 200ML;2413196;2.25;149391;0.0
DIPIRONA 200ML;2413197;7.99;1;0.0
IOGURTE FRUTAP FRUTAS VER;2413198;16.99;144482;0.0
CERVEJA PILSEN LOKAL 473M;2413199;3.25;144646;0.0
CESTO FECHADO C/TAMPA ARQ;2413200;44.9;144341;0.0
DESINF PIQ FLORES REPELEN;2413201;6.99;144834;0.0
FILE MERLUZA MEGGS 800G;2413202;37.99;144182;0.0
VINHO GIROLA 750ML TTO;2413203;16.9;144673;0.0
AGUA SANITARIA Q BRANCURA;2413204;3.75;144853;0.0
CREME PARA ASPEREZAS DOS;2413205;11.9;1;0.0
CLORO PIQ 2L;2413206;12.99;144842;0.0
VELAS SBJ SAGRADO CORACAO;2413207;17.99;144513;0.0
KIT BIOHAIR SH/CONDIC BOM;2413208;21.9;144928;0.0
SIDRA LIDER MACA 660ML;2413209;12.99;144648;0.0
ENERGETICO TNT FOCUS PINK;2413210;7.99;144659;0.0
LEITE FERMENTADO FRUTAP P;2413211;8.9;144482;0.0
REFRIG IT GUARANA 2L;2413213;4.69;1;0.0
WAFER PANCO JABUTICABA 14;2413214;4.99;144691;0.0
LEITE FERMENTADO FRUTAP 8;2413215;8.45;144482;0.0
MINI CHICKEN BAITA CHEDDA;2413216;23.99;144437;0.0
IOGURTE FRUTAP CHOCOLATE;2413217;2.5;144482;0.0
VELAS SR BOM JESUS VERMEL;2413218;11.9;144513;0.0
SOB LAC FRUTAPINHO CHOCOL;2413219;8.99;144482;0.0
ISOTONICO TNT LIMAO 500ML;2413220;4.99;144660;0.0
ENERGETICO TNT FOCUS PINK;2413221;9.9;144659;0.0
FINI MARSHMALLOWS ALVORAD;2413222;8.49;144694;0.0
BIG CHICKEN BAITA QUEIJO;2413223;29.99;144174;0.0
VELAS SR BOM JESUS PRETA;2413224;11.9;144513;0.0
COXINHA DAS ASAS CONFINA;2413226;16.9;144309;0.0
FINI MINHOCAS CITRICAS 10;2413228;8.49;144694;0.0
ASA DE FRANGO CONFINA 1KG;2413229;17.9;144309;0.0
ADUBO CAPILAR MASCARA FOR;2413230;22.99;144873;0.0
VINHO GIROLA 1L TINTO;2413231;19.95;144673;0.0
FINI TUBES ACIDO MRG 170G;2413232;1.5;144694;0.0
FINI CHICLE MELANCIA 80G;2413233;8.49;144694;0.0
CREME ESFOLIANTE PARA OS;2413234;14.99;1;0.0
DESINF PIQ FLORES EUCALIP;2413235;6.75;144834;0.0
ARROZ PICININ PREMIUM 2KG;2413236;15.99;144629;0.0
PIMENTA BODE KI SABOR 170;2413237;10.9;1;0.0
ALCOOL FLOP S 92,8° INPM;2413238;11.99;1;0.0
IOGURTE FRUTAP ACAI C/MOR;2413239;16.99;144482;0.0
CORACAO DE FRANGO CONFINA;2413240;33.9;144309;0.0
IOGURTE FRUTAP MORANGO 1,;2413241;16.99;144482;0.0
IOG FRUTAP ZERO VIT 850G;2413242;12.99;144482;0.0
PIMENTA MISTA KI SABOR 17;2413243;15.9;1;0.0
SHAVING GEL BARBEAR 250G;2413244;13.99;144900;0.0
BIG CHIKEN BAITA 1KG;2413245;25.9;144174;0.0
REFRIG IT LEMON ICE 2L;2413246;4.69;1;0.0
MANTEIGA FAZENDA BOA ESPE;2413248;17.9;144464;0.0
SUCO DEL VALLE NECTAR LAR;2413249;8.99;144669;0.0
SUCO DE UVA INTEGRAL VO L;2413250;29.9;144668;0.0
FINI TUBES TUTTI FRUTTI 8;2413252;8.49;144694;0.0
ARROZ PICININ PARBOILIZAD;2413253;26.99;144629;0.0
BEB MISTA CABARE ICE LIMA;2413255;7.99;144808;0.0
MIST REQUEIJAO FRUTILAC 3;2413256;14.99;1;0.0
CREME PENTEAR BIOHAIR DET;2413257;8.99;144872;0.0
COXA E SOBRECOXAS CONFINA;2413258;9.9;144309;0.0
ENERGETICO TNT ACAI C/GUA;2413259;9.9;144659;0.0
TIRINHAS DE FRANGO BAITA;2413260;28.9;144309;0.0
BISC COOKIES NESTLE NESCA;2413261;3.75;144683;0.0
PAO FORMA PANCO 100% CAST;2413262;13.45;144320;0.0
CHANDELLE NESTLE DUO 180G;2413263;5.99;144485;0.0
CONDIC JOHNSON S CAB CLAR;2413264;25.9;144906;0.0
APONTADOR C/DEPOSITO FABE;2413265;4.99;144504;0.0
CHOCOLATE CHOKITO 32G;2413266;3.5;144699;0.0
WAFER PANCO MELANCIA 140G;2413267;4.99;144691;0.0
CHOCOLATE NESTLE GALAK  8;2413268;9.9;144699;0.0
CHOCOLATE NESTLE CLASSIC;2413269;9.9;144699;0.0
CALDO MAGGI BACON 57G;2413270;2.99;144795;0.0
SALGADINHO PANCO BISNACK;2413271;2.99;144855;0.0
WAFER LOOK BRIGADEIRO 55G;2413272;3.5;144691;0.0
BISC WAFER NESTLE NESCAU;2413273;4.5;144691;0.0
FARINHA LACTEA NESTLE LT;2413274;16.99;144729;0.0
IOGURTE GREGO CALDA DAMAS;2413275;3.95;1;0.0
CR BARBEAR BOZZANO MENTOL;2413276;8.99;144900;0.0
CHOC NESTLE CHOCOTRIO 90G;2413277;9.9;144687;0.0
TEMPERO MAGGI MEU SEGREDO;2413278;4.99;149379;0.0
BISC NESTLE CHOCO COOKIES;2413279;9.9;144683;0.0
IOGURTE CHAMYTO GO MRG 10;2413280;4.35;144485;0.0
CHOCOLATE KIT KAT MINI MO;2413281;4.5;144699;0.0
BISC PANCO CRACKER GERGEL;2413282;4.75;144688;0.0
CHOCOLATE NESTLE CLASSIC;2413283;9.9;144699;0.0
LEITE EM PO NESTLE NINHO;2413284;17.99;144725;0.0
POLPA NESTLE MRG/VIT FRUT;2413285;8.37;144485;0.0
CALDO MAGGI CARNE 57G;2413286;2.99;144795;0.0
SABONETE JOHNSONS ROSAS S;2413287;2.99;144920;0.0
BISC RECH NESTLE NEGRESCO;2413288;3.5;144687;0.0
IOGURTE CHAMYTO GO VIT FR;2413289;4.35;144485;0.0
ABS SEMPRE LIVRE ADAPT S/;2413290;5.99;144892;0.0
ESPUMA BARBEAR AERO BOZZA;2413291;22.9;144900;0.0
CALDO MAGGI LEGUMES 57G;2413292;2.99;144795;0.0
IOGURTE POLPA NINHO 540G;2413293;12.45;144480;0.0
BEBEZINHO PANCO BRIGADEIR;2413294;4.99;144320;0.0
BEB LACTEA NESCAFE CAPPUC;2413295;7.99;149391;0.0
IOGURTE NESTLE VIT FRUTAS;2413296;3.99;144485;0.0
BISC COOKIE NESTLE PRESTI;2413297;3.5;144683;0.0
LEITE EM PO MOLICO DESNAT;2413298;21.9;144722;0.0
IOGURTE NESTLE MORANGO 90;2413299;16.99;144485;0.0
SABONETE JOHNSONS BABY PE;2413300;7.99;144920;0.0
FINI BEIJOS DE MORANGO 90;2413301;8.49;144694;0.0
SABONETE JOHNSONS AMENDOA;2413302;2.99;144920;0.0
ABS INTERNO O.B. MEDIO C/;2413303;10.9;144892;0.0
FILTRO DE PAPEL MELITTA O;2413304;5.99;144509;0.0
FILTRO PAPEL MELITTA AROM;2413305;5.99;144509;0.0
ENXAG BUCAL LISTERINE CT;2413306;24.99;144888;0.0
COTONETES JOHNSON S C/75;2413307;8.95;144893;0.0
SABONETE JOHNSONS ERVA DO;2413308;2.99;144920;0.0
ENXAG BUCAL LISTERINE COO;2413309;17.99;144888;0.0
SAB JOHNSONS ILUMINADORA;2413310;1.59;144920;0.0
VELAS SBJ SANTA RITA DE C;2413311;17.99;144513;0.0
FINI BURGUERS 90G;2413312;8.49;144694;0.0
ARROZ PICININ PREMIUM 5KG;2413313;29.85;144629;0.0
PUDIM LEITE CONDENSADO FR;2413314;4.29;144482;0.0
DESINF PIQ FLORES JASMIM;2413315;6.75;144834;0.0
CREME PENTEAR BIOHAIR ARG;2413316;8.99;144872;0.0
DESINF PIQ FLORES LAVANDA;2413317;6.75;144834;0.0
MANTEIGA FAZENDA BOA ESPE;2413318;17.99;144464;0.0
COXAS E SOBRECOXAS CONFIN;2413319;11.9;144309;0.0
SUCO UVA INTEGRAL VO LUIZ;2413320;22.9;144668;0.0
CREME PENTEAR BIOHAIR CAC;2413322;8.99;144872;0.0
VINHO MESA BRANCO NIAGARA;2413323;21.9;144673;0.0
LIMPA ALUMINIO PIQ BRILHO;2413325;4.99;144820;0.0
ESCORREDOR DE LOUCAS PLAS;2413326;12.9;1;0.0
ESPELHO TRIAX N18;2413327;10.99;1;0.0
OLEO CAPILAR RICINO NAXOS;2413330;11.99;1;0.0
BUCHA VEGETAL JF INTEIRA;2413331;19.9;144923;0.0
PIMENTA BIQUINHO KI SABOR;2413332;15.9;1;0.0
DESINF PIQ FLORES FLORAL;2413333;6.75;144834;0.0
ESCOVA SANITARIA C/POTE B;2413334;12.99;144836;0.0
ARROZ PICININ TP2 5KG;2413335;19.45;144629;0.0
IOGURTE FRUTILAC MORANGO;2413336;12.99;144482;0.0
PANETONE PAULISTA 450G;2413337;13.99;144858;0.0
SAL REF UNIAO OURO 1KG;2413338;2.99;144798;0.0
CERVEJA PILSEN LOKAL 350M;2413340;2.5;144646;0.0
DESINF PIQ FLORES FLORES;2413341;6.75;144834;0.0
IOGURTE FRUTAP TORTA MORA;2413342;2.5;144482;0.0
PIMENTA CUMARIM KI SABOR;2413343;21.9;144757;0.0
IOGURTE FRUTAP PATATI CON;2413344;4.85;144482;0.0
LAMPADA ELET OUROLUX 3U 1;2413345;9.99;144520;0.0
FINI DENTADURAS 90G;2413346;8.49;144694;0.0
DESINF PIQ FLORES EUCAL L;2413347;6.75;144834;0.0
LEITE FERMENTADO FRUTAP M;2413348;11.9;144482;0.0
VELAS SR BOM JESUS AMAREL;2413349;11.9;144513;0.0
ENERGETICO TNT MACA VERDE;2413350;9.9;144659;0.0
SHAMPOO MATIZADOR BLOND P;2413351;15.99;144870;0.0
IOGURTE FRUTAP UVA VERDE;2413352;10.99;144482;0.0
REFRIG IT LARANJA 2L;2413353;4.69;1;0.0
SARDINHAS NAUTIQUE OLEO 1;2413354;5.49;144767;0.0
KIT BACIAS ORGANIZA JAGUA;2413355;17.99;144341;0.0
RODO CRISTAL MADEIRA 30CM;2413356;15.99;144836;0.0
ORGANIZ JAGUAR RET MACEIO;2413357;17.9;1;0.0
GARRAFA P/AGUA JAGUAR 2L;2413358;9.9;1;0.0
FEIJAO PICININ 1KG;2413359;6.79;144631;0.0
GARRAFA SQUEEZE SPORT CAM;2413361;12.9;1;0.0
BACIA PLASMONT MEDIA 2L;2413362;4.99;144356;0.0
ARROZ PICININ ARBORIO 1KG;2413363;24.9;144629;0.0
ARROZ PICININ INTEGRAL 1K;2413364;8.99;144629;0.0
SACO ALVEJADO ARARAS 40X6;2413365;6.99;144291;0.0
CREME SKALA MANTEIGA KARI;2413366;10.99;144871;0.0
RODO PLASTICO CRISTAL 30C;2413367;11.99;144836;0.0
CREME SKALA COQUETEL FRUT;2413368;11.99;144871;0.0
VELAS SBJ NOSSA SRA PAZ 3;2413369;12.9;144513;0.0
ORGANIZADOR DOG BANDEIRAN;2413370;13.99;1;0.0
JARRA ABACAXI INJETEMP 1,;2413371;14.9;1;0.0
VASSOURA PELO CERLON CRIS;2413373;14.99;144836;0.0
SUPORTE BOTIJAO PRETO REF;2413374;6.99;1;0.0
CONJ ORGANIZ QUAD JAGUAR;2413375;6.49;1;0.0
COPO CHUQUINHA C/ALCA;2413376;10.9;1;0.0
BACIA PLASMONT GRANDE 5,5;2413377;6.49;144356;0.0
CAFE MATAO 500G;2413378;34.9;144728;0.0
OLEO CORPORAL FARMAX SEME;2413379;12.9;1;0.0
LIXEIRA BASCULANTE PLASMO;2413380;62.9;144341;0.0
FEIJAO CARIOCA SELETTO 1K;2413381;9.45;144631;0.0
ORGANIZ QUADR JAGUAR DA F;2413382;17.9;1;0.0
CREME SKALA EXPERT BOMBA;2413383;11.99;144871;0.0
OLEO CORPORAL FARMAX ROSA;2413384;12.9;1;0.0
ADAPTADOR P/GARRAFA TERMI;2413385;4.5;1;0.0
ORGANIZ MOKACCINO BANDEIR;2413386;16.9;1;0.0
COPO GRADUADO 500ML;2413387;6.49;1;0.0
CREME SKALA CERAMIDAS G3;2413389;10.99;144871;0.0
CESTO TELADO PLASMONT 9L;2413390;6.99;144341;0.0
RODO CRISTAL MADEIRA DUPL;2413391;16.99;144836;0.0
PACOCA MOLECAO CLAMEL 60G;2413392;1.75;144715;0.0
CONJ ORGANIZ RET JAGUAR 5;2413393;6.49;1;0.0
GARRAFA SQUEZZE SPORT LOV;2413394;12.9;1;0.0
ARROZ CAMPO FINO PREMIUM;2413395;24.99;144629;0.0
JARRA GRADUADA INJETEMP 5;2413396;7.99;1;0.0
RODO DE PIA PLASTICO CRIS;2413397;5.9;144836;0.0
VASSOURA CRISTAL FLORADA;2413398;16.99;144836;0.0
GARRAFA SQUEEZE SPORT MAL;2413399;12.9;1;0.0
BATIDA RECORD COCO 500ML;2413400;7.5;1;0.0
VINHO TINTO SUAVE CAMPO L;2413401;18.5;144673;0.0
ESCOVA SANITARIA CRISTAL;2413402;9.9;144836;0.0
RODO CRISTAL MADEIRA DUPL;2413403;18.99;144836;0.0
OVOS BRANCOS SHINTAKU C/1;2413404;9.95;144428;0.0
FRALDA DESC TOQUINHO BASI;2413405;39.99;144908;0.0
ACETONA FARMAX 100ML;2413407;4.49;144924;0.0
SACO XADREZ ARARAS 40X65C;2413408;6.99;144291;0.0
FRALDA DESC TOQUINHO BASI;2413409;39.99;144908;0.0
KIT BACIAS ORGANIZA JAGUA;2413410;17.99;144341;0.0
CREME SKALA LEITE VEGETAL;2413411;10.99;144871;0.0
OLEO CORPORAL FARMAX AMEN;2413412;9.9;1;0.0
CREME SKALA MAIS CACHOS 1;2413413;10.99;144871;0.0
FEIJAO CARIOCA RAMAGEM 1K;2413414;7.45;144631;0.0
CREME SKALA EXPERT DIVINO;2413415;10.99;144871;0.0
CREME SKALA 12EM1 PLUS 1K;2413416;11.99;144871;0.0
FRALDA DESC TOQUINHO BASI;2413417;39.99;144908;0.0
CREME SKALA COQUETEL BRAS;2413418;10.99;144871;0.0
SABONETE LA FLORE FLOR DE;2413419;5.95;144920;0.0
SHAMPOO BEL KIT OLEO DE A;2413420;12.99;144870;0.0
OLEO CAPILAR EX SET AMEND;2413421;10.99;1;0.0
SHAMPOO BEL KIT OLEO ROSA;2413422;13.99;144870;0.0
MASCARA CAPILAR BEL KIT D;2413423;13.99;144873;0.0
CREME HIDRATANTE CARNEIRO;2413424;9.9;144913;0.0
CR SKALA 1KG DIVINA  COR;2413425;11.99;144871;0.0
CONDIC BEL KIT DESMAIA CA;2413426;13.99;144869;0.0
GEL FIXADOR EX SET AZUL 5;2413427;12.99;145727;0.0
CREME PENTEAR SEDA PRETOS;2413429;10.99;144872;0.0
MASCARA BEL KIT BABOSA 50;2413430;13.99;144873;0.0
CONDIC BEL KIT BABOSA 300;2413431;13.99;144869;0.0
SABONETE LIQ KIZZ MORANGO;2413432;15.9;144919;0.0
CALDEIRAO BOJUDO MEGA ALU;2413433;34.9;144166;0.0
DES AERO CORPO A CORPO BE;2413434;11.9;144876;0.0
CREME SKALA EXPERT DESMAI;2413435;10.99;144871;0.0
CREME SKALA ACACHONADOS 1;2413436;10.99;144871;0.0
CONDIC BEL KIT UNICORNIO;2413437;12.99;144869;0.0
REPARADOR PONTAS BEL KIT;2413438;28.99;1;0.0
MASCARA CAPILAR BELKIT RO;2413440;13.99;144873;0.0
FINALIZADOR BEL KIT VINAG;2413441;21.9;1;0.0
BUCHA VEGETAL COQUERATTO;2413443;6.49;144923;0.0
CONFEITO BIG BOCA 13G;2413444;19.9;144694;0.0
MASCARA HIDRAT BEL KIT VI;2413445;13.99;144873;0.0
SABONETE LA FLORE FLOR DE;2413446;5.95;144920;0.0
CR PENTEAR BEL KIT OLEO R;2413447;12.99;144872;0.0
SHAMPOO BEL KIT MATIZADOR;2413448;16.99;144870;0.0
MASCARA CAPILAR OLEO ARGA;2413449;13.99;144873;0.0
REPARADOR PONTAS BEL KIT;2413451;28.99;1;0.0
DES ROLL ON CORPO A CORPO;2413452;8.99;144878;0.0
CORTADOR DE OVO WESTERN;2413453;6.99;1;0.0
CONDIC BEL KIT OLEO DE AR;2413456;11.99;144869;0.0
CANECAO MEGA ALUMINIO N 1;2413457;21.9;144166;0.0
MASCARA HIDRAT BEL KIT AP;2413458;13.99;144873;0.0
OVOMALTINE 300G;2413459;16.9;144727;0.0
HIDRATANTE SKALA OLEO DE;2413460;7.99;144913;0.0
CUSCUZEIRO N18 MEGA ALUMI;2413461;49.9;144166;0.0
CORTADOR DE PIZZA INOX MI;2413462;11.99;144192;0.0
OLEO CAPILAR EX SET SILIC;2413464;10.99;1;0.0
HIDRATANTE SKALA LOVE INT;2413465;7.99;144913;0.0
GEL COLA EX SET S/ALCOOL;2413466;12.99;145727;0.0
MASCARA CAPILAR BEL KIT U;2413467;13.99;144873;0.0
SHAMPOO SKALINHA BEBE 200;2413468;7.99;144906;0.0
URSO MACIO C/LUZ FAMPAR;2413469;13.99;1;0.0
HIDRATANTE SKALA FRESCOR;2413470;7.99;144913;0.0
SHAMPOO BEL KIT ATIVADOR;2413471;18.99;144870;0.0
CONDIC BEL KIT BANHO DE V;2413472;13.99;144869;0.0
FINALIZADOR BEL KIT ATIVA;2413473;19.99;1;0.0
CACAROLA REF MEGA FLON N;2413474;69.9;1;0.0
MASCARA HIDRAT BEL KIT OL;2413475;12.9;144873;0.0
SABONETE LA FRUTA LICHIA;2413476;5.95;144920;0.0
SHAMPOO CLEAR CASPA MEN 2;2413477;17.99;144870;0.0
SPRAY BEL KIT DAYAFTER CA;2413478;26.99;1;0.0
FACA CARNE INOX HAUSKRAFT;2413479;21.9;144192;0.0
DES ROLL ON EX SET ALFAZE;2413480;7.99;144878;0.0
CANECA CERAMICA YANG MOIN;2413481;23.9;1;0.0
SHAMPOO BELKIT BABOSA 300;2413483;12.99;144870;0.0
CONDIC BEL KIT ATIVADOR B;2413484;18.9;144869;0.0
CREME SKALA MAIS CACHINHO;2413486;11.99;144871;0.0
ASSAD RED REF ACET FORT L;2413487;29.9;144166;0.0
CANECAO FORT LAR REFORCAD;2413488;29.9;1;0.0
SABONETE NIPS ALGAS MARIN;2413489;1.99;144920;0.0
SABONETE NIPS FRUTAS VERM;2413490;1.99;144920;0.0
ATIVADOR CACHOS SALON LIN;2413491;19.9;144868;0.0
LENCOS UMEDECIDOS NATURE;2413492;8.99;144909;0.0
FINI TUBES ARCO IRIS 80G;2413493;8.49;144694;0.0
PANELA PRESSAO FORT LAR P;2413494;199.99;1;0.0
REPARADOR DE PONTAS SHOXX;2413495;8.99;144873;0.0
ALCOOL ETILICO LIQ UZU CL;2413496;10.9;1;0.0
PILHA ELGIN ZINCO PALITO;2413498;4.99;144522;0.0
HIPOCLORITO SODIO CLORO L;2413499;13.99;144842;0.0
ESPATULA DE UNHAS ACO INO;2413501;7.99;144192;0.0
LIXA DE UNHA KATY BIG C/6;2413502;3.99;1;0.0
PENTE KATY PIOLHO;2413503;1.99;1;0.0
PACOCA CASEIRA DOCE BOM 3;2413504;8.49;144715;0.0
PANELA FORT FLON N 20;2413506;99.9;1;0.0
LIXA PE KATY EVA ANATOMIC;2413507;8.99;144924;0.0
SABONETE MOTIVUS ALEGRIA;2413508;1.85;144920;0.0
ESCOVA CAB KATY BASIC;2413509;11.99;155381;0.0
ESCOVA CABELO KATY BASIC;2413511;22.99;155381;0.0
PACOCA CASEIRA DOCE BOM 6;2413512;11.49;144715;0.0
PILHA BATERIA BOTAO ELGIN;2413513;4.99;144522;0.0
FACA PRO CB BCO WESTERN 1;2413514;42.99;1;0.0
FORMA P/PUDIM FORT LAR N;2413515;24.9;1;0.0
FILME DE PVC GIROMIX 28CM;2413516;4.5;144510;0.0
LIXA PE KATY MADEIRA RETA;2413517;5.99;144924;0.0
TONICO P/FORTALECIMENTO G;2413518;10.99;1;0.0
FORMA P/BOLO C/TUBO REF A;2413519;28.9;1;0.0
PANETTONE MARILAN BELLO F;2413520;19.9;144858;0.0
PANELA FORT FLON N 16;2413521;69.9;1;0.0
BRIGADEIRO MELKEN 1,005KG;2413522;32.9;1;0.0
CREME PENTEAR SALON LINE;2413523;33.9;144872;0.0
FORMA P/PUDIM FORT LAR FO;2413524;21.9;1;0.0
SABONETE LIQ KIZZ LAVANDA;2413526;15.9;144919;0.0
COCO RALADO INDIANO 50G;2413527;2.49;144864;0.0
MARMITA TERMICA GUFANI 1,;2413528;26.9;144190;0.0
RAPADURA C/COCO CASTILHO;2413529;9.9;1;0.0
PALITO DE UNHAS KATY INOX;2413530;6.99;1;0.0
PILHA BATERIA ELGIN A27 1;2413531;4.99;144522;0.0
SABONETE INTIMO KIZZ CARE;2413532;13.99;144918;0.0
SABONETE NIPS MATE VERDE;2413533;1.99;144920;0.0
OLEO CAPILAR EX SET COCO;2413534;10.99;1;0.0
CREME PENTEAR SALON LINE;2413535;38.9;144872;0.0
ASSADEIRA RET ALTA FORT L;2413536;31.9;144166;0.0
ESCOVA DE UNHA KATY;2413537;3.5;1;0.0
ESCOVA CABELO KATY RACKET;2413538;22.9;155381;0.0
LINGUICA DE FRANGO NUTRIB;2413539;16.99;144296;0.0
COCO RALADO INDIANO 100G;2413540;3.99;144864;0.0
SABONETE NIPS ERVA DOCE 8;2413541;1.99;144920;0.0
ASSAD RET ALTA FORT LAR 3;2413542;51.9;144166;0.0
BORRACHA P/ PANELA PRESSA;2413543;9.5;1;0.0
LIXA PE KATY RALIXA MADEI;2413544;4.99;144924;0.0
PENTE KATY AFRO MEDIO;2413545;5.99;1;0.0
SOBRECOXA NUTRIBEM MARINA;2413546;10.9;144309;0.0
FIO DENTAL USE IT MENTA 5;2413547;5.99;144890;0.0
PILHA BATERIA ELGIN A23 1;2413548;5.99;144522;0.0
CREME PENTEAR SALON LINE;2413549;38.9;144872;0.0
FACA CB BCO WESTERN 08;2413551;36.9;1;0.0
FRIGIDEIRA FORT FLON N 22;2413552;61.9;1;0.0
GEL CABELO SHOXX INCOLOR;2413553;11.99;145727;0.0
GEL SUPER COLA SHOXX 240G;2413554;11.99;145727;0.0
BISCOITO FOLHADO LARA CAN;2413555;6.49;144688;0.0
BOLO CAFE MANHA CHOCOLATE;2413556;12.99;144320;0.0
RAPADURA C/AMENDOIM CASTI;2413557;9.9;1;0.0
PILHA ALCALINA ELGIN AAA;2413558;10.99;144522;0.0
PE DE MOLEQUE DOCE BOM 30;2413559;6.99;144715;0.0
PANELA FORT FLON N 18;2413560;82.9;1;0.0
ASSADEIRA RET ALTA REF 27;2413561;24.99;144166;0.0
LAMPADA LED SUPER BULBO E;2413562;46.99;144520;0.0
FORMA P/BOLO C/TUBO FORT;2413564;31.9;1;0.0
RAPADURA CASTILHO 400G;2413565;9.9;1;0.0
LEITE CONDENS CAMPOS JORD;2413566;5.99;144718;0.0
PANETONE CASA SUICA GOTAS;2413567;25.9;144858;0.0
REPARADOR DE PONTAS SHOXX;2413568;8.99;144873;0.0
COPO ISOPOR TOTAL PLAST 1;2413569;5.49;1;0.0
BOLO CASA SUICA GOTAS CHO;2413570;12.99;144320;0.0
SABONETE MOTIVUS ENERGIA;2413571;1.39;144920;0.0
RAQUETE NUTRIBEM MARINADO;2413572;22.9;144309;0.0
PANELA REF POLIDA 18;2413573;48.9;1;0.0
ESCOVA CAB KATY OVAL COLO;2413574;22.99;155381;0.0
PANELA REF POLIDA FORT LA;2413575;74.99;1;0.0
PINCEL SILICONE WESTERN 2;2413576;13.9;1;0.0
ESCOVA CAB KATY BASIC MOD;2413577;11.99;155381;0.0
ESCOVA DENTAL FRESCOR FLA;2413578;5.99;144889;0.0
PANETTONE MARILAN BELLO F;2413579;19.9;144858;0.0
OLEO CAPILAR EX SET ARGAN;2413580;10.99;1;0.0
ESCOVA CAB KATY COLORS QU;2413581;25.99;155381;0.0
PANELA REF POLIDA FORT LA;2413583;39.9;1;0.0
MAIONESE SUAVIT 500G;2413584;6.99;144752;0.0
ESCOVA CAB KATY BASIC OVA;2413585;21.9;155381;0.0
PINCEL TINTURA KATY GRAND;2413586;6.99;1;0.0
OVOS CAIPIRA MOMBUCA C/10;2413587;12.99;144428;0.0
PANELA PRESSAO POLIDA FOR;2413588;58.99;1;0.0
SABONETE MOTIVUS DOCURA 8;2413589;1.85;144920;0.0
LEITE TERRA VIVA INTEGRAL;2413590;5.99;144632;0.0
REPARADOR DE PONTAS SHOXX;2413591;6.99;144873;0.0
NAFTALINA MIL AROMAS 20G;2413592;3.99;1;0.0
RAPADURA C/ABOBORA CASTIL;2413593;9.9;1;0.0
BUCHA BANHO BRASILEIRINHA;2413594;19.9;144923;0.0
LAPIS DE COR ECO LEO LEO;2413595;5.99;1;0.0
HIDRATANTE MONANGE PELE S;2413596;10.9;144913;0.0
SUCO LIFE UVA 1,7L;2413597;22.9;144668;0.0
GELEIA D AGUA 100G;2413598;1.99;144715;0.0
CERVEJA CRYSTAL LN 250ML;2413599;1.99;144646;0.0
AGUA MINERAL DAFLORA C/GA;2413600;1.99;144638;0.0
REFRIG IT GUARANA ZERO 2L;2413601;4.75;1;0.0
CERVEJA IMPERIO GOLD GRF;2413602;4.5;144646;0.0
DIGOS AMENDOIM SALGADO 15;2413603;8.99;144856;0.0
BISC POLVILHO TEMPERADINH;2413604;5.99;144855;0.0
DIGOS BALA DE HORTELA 120;2413605;3.99;144694;0.0
SUCO LIFE LARANJA 300ML;2413606;4.99;144348;0.0
SUCO LIFE CAJU 2L;2413607;14.99;144348;0.0
SAL REFINADO FINO SAL 1KG;2413608;2.99;144798;0.0
SUCO LIFE INTEGRAL  LARAN;2413610;34.99;144348;0.0
CERVEJA CRYSTAL LATA 269M;2413611;2.15;144646;0.0
DIGOS GELATINA MIX 90G;2413612;7.95;144694;0.0
DIGOS MINHOCA DE GOMA AZE;2413613;7.49;144694;0.0
PACOCA ROLHA COVIZZI 144G;2413614;4.99;144715;0.0
CERVEJA CRYSTAL 473ML;2413615;3.99;144646;0.0
SUCO LARANJA INT LIFE 1L;2413616;7.5;144348;0.0
DIGOS DENTADURA 90G;2413617;7.99;144694;0.0
REFRIG IDEAL GUARANA 2L;2413618;3.5;1;0.0
BACIA ARQPLAST 12L;2413619;11.9;144356;0.0
FLOCOS CEREAL OVOMALTINE;2413620;4.99;1;0.0
FUMO DESFIADO PANTANEIRO;2413621;2.5;1;0.0
DOCE DE AMENDOIM CROCANTE;2413623;4.99;1;0.0
DIGOS DELIDIGOS 150G;2413624;5.99;144694;0.0
CREME PENTEAR MONANGE CAC;2413625;11.99;144872;0.0
DIGOS DIGORETI 100G;2413626;9.9;144694;0.0
SUCO LIFE GOIABA 1L;2413627;9.99;144348;0.0
HASTE FLEXIVEL USE IT C/1;2413628;4.99;1;0.0
DIGOS PIRULITO MASSA 100G;2413629;5.99;144694;0.0
FRIGIDEIRA FRANCESA FORT;2413630;49.99;1;0.0
DESOD AERO MONANGE INVISI;2413631;11.9;144876;0.0
DIGOS AMENDOIM FRITO SALG;2413633;7.49;144856;0.0
PRENDEDOR DE ROUPAS PLAST;2413634;4.99;144356;0.0
SUCO LIFE INTEGRAL UVA 90;2413635;13.9;144668;0.0
DIGOS AMENDOIM COLORIDO 2;2413637;7.99;144694;0.0
SUCO LIFE INTEGRAL LARANJ;2413638;12.9;144348;0.0
MOEDOR DE SAL/PIMENTA WES;2413639;14.9;1;0.0
ESPONJA DE ACO ALUMIL INO;2413640;3.99;144819;0.0
CERVEJA CRYSTAL LATA 350M;2413641;2.5;144646;0.0
DIGOS MOEDA CHOCOLATE 40G;2413642;9.49;144694;0.0
SUCO LIFE CAJU 1,7L;2413643;21.9;144348;0.0
DIGOS AMENDOIM SALGADO 20;2413644;7.75;144856;0.0
DIGOS AMENDOIM FRITO SALG;2413645;6.49;144856;0.0
TESOURA ESCOLAR BLACK LEO;2413646;4.99;1;0.0
DIGOS GOMA 150G;2413647;5.99;144694;0.0
HIDRATANTE MONANGE IOGURT;2413648;10.9;144913;0.0
DIGOS GOMA 200G;2413649;7.5;144694;0.0
SLIME GELELE BRILHA NO ES;2413650;10.9;1;0.0
BISC POLVILHO TEMPERADINH;2413651;5.99;144855;0.0
DESOD ROLL ON MONANGE INV;2413652;7.99;144878;0.0
AGUA MINERAL DAFLORA 510M;2413653;1.99;144638;0.0
CERVEJA PILSEN IMPERIO 47;2413654;4.75;144646;0.0
DIGOS PIRULITO CORACAO 10;2413656;4.99;144694;0.0
FUMO JURITI 30G;2413657;5.99;153557;0.0
CERVEJA CACILDIS PURO MAL;2413658;4.5;144647;0.0
SUCO LIFE GOIABA 2L;2413659;14.99;144348;0.0
SACO FREEZER/MICRO BOREDA;2413660;4.99;1;0.0
SACO FREEZER BOMPACK 3KG;2413661;5.99;1;0.0
CERVEJA ITAIPAVA S/ALCOOL;2413662;3.99;144643;0.0
BICARBONATO DE SODIO TIO;2413663;11.9;144770;0.0
CREME OVOMALTINE CROCANTE;2413664;23.99;1;0.0
DIGOS AMENDOIM CHOCOLATE;2413665;7.75;144694;0.0
CERVEJA CRYSTAL 0% L.N. 3;2413666;1.99;144643;0.0
COPO DESC KEROCOPO 300ML;2413667;11.99;144510;0.0
LINGUICA TIPO CALABRESA M;2413668;13.99;144453;0.0
DIGOS CHICLETE DIN DIN 55;2413669;4.79;144694;0.0
CORDA P/VARAL POLIFORT 10;2413671;3.99;144356;0.0
DIGOS AMENDOIM SALGADO 10;2413672;3.99;144856;0.0
CREME DE TRATAMENTO MONAN;2413673;10.9;144873;0.0
CREME PENTEAR MONANGE QUI;2413674;11.99;144872;0.0
PACA DE PAO/SERRA 7  WEST;2413675;16.9;1;0.0
DIGOS AMENDOIM COLORIDO 1;2413676;6.49;144694;0.0
BISC POLVILHO TEMPERADINH;2413677;5.99;144855;0.0
MANTEIGA DAVACA ZERO LACT;2413678;12.99;144464;0.0
ODORIZANTE GEL PROAUTO NO;2413679;12.9;144816;0.0
PAPRICA DEFUMADA TIO CHIC;2413680;4.99;1;0.0
SACO FREEZER/MICRO BOREDA;2413681;5.99;1;0.0
REFRIG IT COLA 2L;2413682;4.75;1;0.0
SLIME GELELE MIX FOAM 152;2413683;13.9;1;0.0
SEVILHA AZEITE DE OLIVA E;2413684;29.99;144775;0.0
LIMPA PEDRAS START PEDREX;2413685;24.99;144842;0.0
DIGOS MIX GOMA 180G;2413686;6.99;144694;0.0
PACOCA CASEIRA LEO 350G;2413687;8.5;144715;0.0
CERVEJA IMPERIO LT 350ML;2413688;3.39;144647;0.0
ACUCAR CRISTAL DOCE VIDA;2413689;8.99;144628;0.0
ACUCAR CRISTAL DOCE VIDA;2413690;20.9;144628;0.0
REFRIG IT LIMAO 2L;2413691;4.75;1;0.0
DIGOS MIX GOMA 140G;2413693;6.49;144694;0.0
CREME PENTEAR MONANGE LIS;2413694;11.99;144872;0.0
OLEO CORPORAL PAIXAO AVEL;2413695;16.9;1;0.0
BISC POLVILHO TEMPERADINH;2413696;5.99;144855;0.0
ENERGETICO TNT ZERO ACUCA;2413697;9.9;144659;0.0
FRIGIDEIRA FORT FLON N 20;2413722;45.99;1;0.0
ENERGETICO TNT FOCUS LT 4;2413723;9.9;144659;0.0
LIMAO EM PO TIO CHICO 50G;2413724;10.9;1;0.0
ALCOOL GEL START GELACOOL;2413725;8.99;1;0.0
ESCOVA DENTAL BIANCO KIDS;2413726;7.99;144907;0.0
BATATA CARINHAS SMILES BE;2413727;19.9;144173;0.0
PURURUCA KROCKER LIMAO 25;2413728;2.99;1;0.0
LEITE EM PO CCGL INTEGRAL;2413729;23.99;144725;0.0
TORRESMO SAN CARLO PIMENT;2413730;15.99;144856;0.0
ESCOVA CAB KETY BASIC CAN;2413731;15.99;155381;0.0
PURURUCA KROCKER TRADIC 2;2413732;2.99;1;0.0
LIMPADOR PERF AZULIM ALEG;2413733;8.99;144839;0.0
DESINF AZULIM PERFUMADO E;2413734;6.99;144834;0.0
LIMPADOR PERF AZULIM FELI;2413735;5.99;144839;0.0
ESCOVA CAB KATY OVAL TENI;2413736;25.99;155381;0.0
PASSA ROUPAS TUFF CARE 50;2413737;11.9;1;0.0
SABONETE LIQ KATY ORQUIDE;2413738;12.9;144919;0.0
AROMATIZANTE PAINEL INDY;2413739;19.9;144816;0.0
FORRA FOGAO WYDA 5 BOCAS;2413740;12.99;1;0.0
FILME DE PVC WYDA PRATIC;2413741;7.99;144510;0.0
OLEO DE SILICONE INDY STA;2413742;12.99;144816;0.0
ESCOVA CABELO KATY BASIC;2413743;21.9;155381;0.0
LIMPA CERAMICAS AZULIM CI;2413744;9.9;144842;0.0
SODA CAUSTICA ESCAMA VORE;2413745;24.9;1;0.0
ESCOVA CABELO KATY Z FLEX;2413746;14.99;155381;0.0
BATATA CG BEM BRASIL  CHI;2413747;39.99;144173;0.0
MULTIUSO AZULIM BACTERICI;2413748;4.99;144840;0.0
TIRA FERRUGEM AZULIM 50ML;2413749;7.49;1;0.0
MILHO VERDE ETTI 170G;2413750;4.89;144804;0.0
ALCOOL DESINF AZULIM ZERO;2413751;10.99;144832;0.0
SABONETE LIQ KATY MORANGO;2413752;12.9;144919;0.0
ENXAG BUCAL BIANCO ADVANC;2413753;13.99;144888;0.0
PAPEL MANTEIGA BOMPACK 28;2413754;4.99;1;0.0
DESINF AZULIM PERFUMADO M;2413755;7.49;144834;0.0
PROTETOR P/FOGAO WYDA 27X;2413756;11.99;1;0.0
LAVA ROUPAS TUFF COCO 1L;2413757;14.99;144852;0.0
KIT PENTE KATY C/3;2413758;5.99;1;0.0
SABONETE ONLY AMSTERDAM 9;2413759;2.59;144920;0.0
SILICONE GEL INDY 240G;2413760;14.99;144815;0.0
MANTEIGA RELIQUIA DA CANA;2413761;13.99;144464;0.0
ALCOOL GEL GELALCOOL EUC;2413762;9.49;1;0.0
ALCOOL GEL ASSEPTGEL ALOE;2413763;13.99;144882;0.0
FOLHA DE ALUMINIO WYDA 7,;2413764;11.99;144505;0.0
FIO DENTAL BIANCO DELICAR;2413765;13.99;144890;0.0
ESCOVA DE CABELO KATY STY;2413766;25.99;155381;0.0
ESCOVA SANITARIA C/POTE;2413767;10.49;144836;0.0
DESINF CONC AZULIM DILUIV;2413768;9.9;144834;0.0
PASSA ROUPAS TUFF CARE RE;2413769;7.99;1;0.0
MAIONESE LUPULADA HOPS CE;2413770;2.99;144752;0.0
MULTIUSO AZULIM C/ALCOOL;2413771;4.25;144840;0.0
ESCOVA CABELO KATY POLVO;2413772;19.9;155381;0.0
MOLHO TOMATE REF STELLA D;2413773;1.65;144746;0.0
DESENGORDURANTE AZULIM LI;2413774;6.99;144821;0.0
LIMPADOR PERF AZULIM ALEG;2413775;5.99;144839;0.0
ALCOOL LIQUIDO ASSEPTGEL;2413776;13.9;144882;0.0
PURURUCA KROCKER PICANTE;2413777;2.99;1;0.0
CLORO MULTIUSO START 2L;2413778;21.9;1;0.0
ESCOVA SANITARIA SANILUXO;2413780;10.9;144836;0.0
ESCOVA CAB KATY RACKET GL;2413781;23.99;155381;0.0
BATATA PALITO CG UAI 2KG;2413782;31.9;144173;0.0
ESCOVA CAB KATY QUADRADA;2413783;22.9;155381;0.0
ESCOVA CAB KATY BASIC CAN;2413784;15.99;155381;0.0
ALCOOL GEL GELACOOL LAVAN;2413785;9.49;1;0.0
CERA LIQUIDA INDY SPRAY 5;2413786;13.99;144812;0.0
GOIABADA CASCAO COLHER DE;2413787;8.99;144715;0.0
BISC AMANTEIGADOS SHALANA;2413788;4.49;1;0.0
PASTILHA ADESIVA AZULIM M;2413789;6.99;144836;0.0
LAVA ROUPAS TUFF BABY 1L;2413790;12.99;144852;0.0
ASSARAPIDO WYDA P/CHURRAS;2413791;11.99;144505;0.0
MULTIUSO AZULIM ACAO CLAR;2413792;4.99;144840;0.0
ODORIZADOR GEL INDY CRYL;2413793;8.99;144816;0.0
LIMPA VIDROS AZULIM SPRAY;2413794;10.99;144838;0.0
IOGURTE VIGOR GREGO FLOCO;2413795;3.5;144486;0.0
LIMPA PISO LUMINEX 1L;2413796;18.9;144842;0.0
FITA P/EMPACT QUALITAPE 1;2413797;3.99;1;0.0
FINI DENTADURA 15G;2413798;1.5;144694;0.0
BATATA PALHA FRITISCO 500;2413799;25.99;144857;0.0
IOGURTE VIGOR GREGO FRUTA;2413800;3.5;144486;0.0
FINI MARSHMALLOWS VULCAO;2413801;11.99;144694;0.0
OVOS REAL VERMELHO GRANDE;2413802;13.9;144428;0.0
ESPELHO BUDEPLAST 14;2413803;4.99;1;0.0
MAIONESE VIGOR 2,8KG;2413804;36.99;144752;0.0
IOGURTE VIGOR MIX MGO C/S;2413805;4.99;144486;0.0
FINI SORVETINHO 90G;2413806;7.99;144694;0.0
SABONETE ASSEPTGEL CHA VE;2413807;3.89;144920;0.0
FUNIL PLASDURAN GRANDE 12;2413808;5.99;1;0.0
CAFE MINAS TRADICAO TRAD;2413809;14.49;144728;0.0
AZULIM ALCOOL ZEROBAC CRI;2413810;17.99;144832;0.0
FINI TUBES TWISTER CITRIC;2413811;8.49;144694;0.0
VENENO RATICIDA FENOMENO;2413812;3.99;144837;0.0
MILHO VERDE FUGINI SC 170;2413813;3.99;144804;0.0
LIMPADOR MULTIUSO AZULIM;2413814;4.99;144839;0.0
LIMPADOR PERF AZULIM AMOR;2413815;5.99;144839;0.0
LIMPEZA PESADA AZULIM FLO;2413816;15.9;1;0.0
SHAMPOO ELSEVE EXTRA PROF;2413817;13.99;144870;0.0
DESENGRIPANTE MULTIUSO IN;2413818;11.99;144814;0.0
MOLHO DE TOMATE FUGINI 34;2413819;1.75;144746;0.0
CREME DENTAL BIANCO POWER;2413820;3.99;144887;0.0
COPO DESC TOPFORM 300ML C;2413821;9.9;144510;0.0
FINI OVOS FRITOS 90G;2413822;8.49;144694;0.0
COPO DESC TERMOPOT TRANSP;2413823;12.9;144510;0.0
COPO INFANTIL C/TAMPA PLA;2413824;8.99;1;0.0
PILAO C/SOCADOR MULTIUSO;2413825;18.9;1;0.0
PANO DE PRATO DECORADO MU;2413826;6.49;144394;0.0
FINI TUBES UVA ACIDO 17G;2413827;1.5;144694;0.0
SILICONE AERO INDY CRYL N;2413828;21.9;144815;0.0
IOGURTE VIGOR NATURAL 150;2413829;3.5;144486;0.0
FITA ADESIVA POLISIL ADEL;2413830;2.5;1;0.0
PORTA CEBOLA/ALHO PARAMOU;2413831;5.49;1;0.0
FINI TUBES UVA 15G;2413832;1.5;144694;0.0
PENEIRA METAL FUBA 30CM;2413833;25.99;1;0.0
REFRIG ITABOM GUARANA 2L;2413834;4.75;144679;0.0
SAB LIQ PETALA ERVA DOCE;2413835;7.99;144919;0.0
PASTILHA ADESIVA AZULIM L;2413836;6.99;144836;0.0
LAVA ROUPAS TUFF COCO 500;2413837;8.99;144852;0.0
ESCOVA DE CABELO KATY STY;2413839;23.9;155381;0.0
PEDRA SANITARIA AZULIM FL;2413840;1.99;144836;0.0
ESCOVA DE CABELO KATY POL;2413841;19.9;155381;0.0
ALCOOL VIVA CLEAN 92,8INP;2413842;11.99;144832;0.0
CADEADO LAND 20MM;2413843;22.9;144503;0.0
AMACIANTE TUFF CONC LE JA;2413844;9.9;144845;0.0
SAL GROSSO C/CHIMICHURRI;2413846;17.99;144798;0.0
NUTRI 1L MARACUJA;2413848;5.99;144669;0.0
LIMPA E HIDRATA COUROS IN;2413849;17.9;144815;0.0
LIMPA ALUMINIO LUMINEX 1L;2413850;7.99;144820;0.0
DESINF AZULIM PERFUMADO A;2413851;6.99;144834;0.0
ESCOVA DENTAL BIANCO URSO;2413852;7.99;144907;0.0
ALCOOL EM GEL ACENDEDOR F;2413853;10.9;144832;0.0
SABONETE ONLY VERSAILLES;2413854;2.59;144920;0.0
QUERATINA LIQ KATY 120ML;2413855;14.9;1;0.0
DOCE DE BATATA DOCE DELIC;2413856;10.95;1;0.0
CADEADO LAND 35MM;2413857;38.9;144503;0.0
PEDRA SANITARIA AZULIM JA;2413858;1.99;144836;0.0
DUCHA FORUSI STILO 127V 5;2413859;52.9;144516;0.0
BATATA PALITO CONG BEM BR;2413860;9.9;144173;0.0
TORRESMO SAN CARLO 250G;2413861;15.99;144856;0.0
GARRAFA AGUA DECORADA 1LV;2413862;13.9;1;0.0
LUSTRA MOVEIS AZULIM LAVA;2413863;7.99;144840;0.0
AMACIANTE CONC TUFF SPLEN;2413864;9.9;144845;0.0
ESPONJA LAVA LOUCAS AZULI;2413865;2.99;144819;0.0
ESCOVA CAB KATY RACKET GL;2413866;23.9;155381;0.0
MULTIUSO CREMOSO AZULIM L;2413867;9.9;144840;0.0
MAIONESE HOPS LUPULADA AZ;2413868;7.95;144752;0.0
LIMPADOR PERF AZULIM FELI;2413869;8.99;144839;0.0
KETCHUP LANCHERO 3KG;2413870;22.9;144751;0.0
REFRESCO EM PO BRASSUK LA;2413871;1.15;144930;0.0
IOGURTE FRUTAP MEL 150G;2413872;3.5;144482;0.0
IOGURTE FRUTAP FR VERMELH;2413873;6.99;144482;0.0
SIDRA GOTAS DO VALE RED F;2413874;13.99;144648;0.0
MASSA P/PASTEL LOTT ROLO;2413875;14.9;144318;0.0
REFRESCO EM PO BRASSUK AB;2413876;1.15;144930;0.0
POLPA FRUTILAC MORANGO 48;2413877;5.55;144482;0.0
FAROFA PRONTA TRIVIAL 400;2413878;5.99;144772;0.0
JARRA C/ESPREMEDOR NITRON;2413879;15.99;1;0.0
PIRULITO SANTA FE BIG POP;2413880;11.99;144694;0.0
IOGURTE FRUTAP COCO 180G;2413881;2.59;144482;0.0
LIXEIRA DE PIA BASCULANTE;2413882;26.99;144341;0.0
LAMPADA GOLDEN HALOGENA 7;2413883;7.5;144520;0.0
PETIT SUISSE FRUTAPINHO M;2413884;8.99;144482;0.0
IOGURTE FRUTAP ZERO AMEIX;2413885;12.99;144482;0.0
REFRESCO EM PO BRASSUK LA;2413886;9.45;144930;0.0
BALA MAST SANTA FE SORTID;2413887;7.99;144694;0.0
SABAO BARRA MINUANO NEUTR;2413888;11.99;144848;0.0
FUNIL GRANDE 10X11CM TRIT;2413889;1.99;1;0.0
PACOCA QUERO MAIS 500G;2413890;14.99;144715;0.0
FEIJAO BOTELHO OURO 2KG;2413891;15.49;144631;0.0
VINHO TINTO ZANOTTO SUAVE;2413892;36.9;144673;0.0
LEITE FERMENTADO FRUTAP 9;2413894;12.99;144482;0.0
ABRIDOR DE GARRAFA VIEL;2413895;2.99;144394;0.0
BALA MASTIG GOOD SMILE TU;2413896;8.99;144694;0.0
FEIJAO BOTELHO OURO 1KG;2413898;7.99;144631;0.0
DETERGENTE MINUANO MARINE;2413899;2.39;144818;0.0
GARRAFA SLEEVE MINNIE 250;2413900;6.99;1;0.0
BALA MASTIG PIETROBON GOO;2413901;4.99;144694;0.0
IOGURTE FRUTAP GREGO MORA;2413902;2.5;144482;0.0
CHOP DE VINHO STEMPEL RED;2413903;5.99;144649;0.0
RALADOR 4 FACES ALUMINIO;2413904;12.99;144166;0.0
REFRESCO EM PO BRASSUK UV;2413905;9.45;144930;0.0
COQ CANTINHO DO VALE 880M;2413906;6.49;144673;0.0
PENEIRA GRANDE TRITEC;2413907;7.99;1;0.0
REFRESCO EM PO BRASSUK LI;2414115;1.15;144930;0.0
COLA ESCOLAR COLAPEL 40G;2414116;2.5;144504;0.0
ALHO BOTELHO 200G;2414117;10.9;144427;0.0
VINHO TINTO SUAVE CANCAO;2414118;13.49;144673;0.0
JARRA GRADUADA C/TAMPA 2L;2414119;15.9;1;0.0
REFRESCO EM PO BRASSUK CA;2414120;1.15;144930;0.0
ENXAG BUCAL BIANCO EXTRAM;2414121;12.99;144888;0.0
REFRIG ITABOM LARANJA 2L;2414122;4.75;144679;0.0
LIMPADOR CONC PERF AMBIEN;2414123;12.99;144839;0.0
TUFF SEM PASSAR SPRAY 350;2414125;14.99;1;0.0
FINI TUBES AZEDINHOS TUTT;2414126;1.5;144694;0.0
AMOEBA CORES SORTIDAS 110;2414127;11.9;144504;0.0
FINI TUBES ACIDO MRG 17G;2414128;1.5;144694;0.0
AMACIANTE CONC TUFF ROSE;2414130;14.99;144845;0.0
IOGURTE VIGOR COALHADA 15;2414131;3.5;144486;0.0
LIMP PERF AZULIM PERFUMES;2414132;8.99;144839;0.0
SHAMPOO ELSEVE OLEO EXTRA;2414133;17.9;144870;0.0
BORRIFADOR GIRAFA PLASDUR;2414134;13.9;1;0.0
CREME TRAT ELSEVE OLEO EX;2414135;28.9;144873;0.0
GIZ DE CERA KOALA 12 CORE;2414136;5.99;1;0.0
IOGURTE VIGOR INTEGRAL ME;2414137;3.75;144486;0.0
FINI MARSHMALLOWS CAMPING;2414138;8.49;144694;0.0
BROCOLIS PRATIGEL 300G;2414139;7.99;144173;0.0
PRENDEDOR ROUPAS MADEIRA;2414140;2.99;144356;0.0
LIMP CONC PERF AMBIENTES;2414141;12.99;144839;0.0
IOGURTE VIGOR POLPA MORAN;2414142;4.65;144486;0.0
ENXAG BUCAL BIANCO SUPERM;2414144;14.99;144888;0.0
FITA ISOLANTE ADELBRAS 19;2414145;3.5;144518;0.0
LIMPA GRELHA AZULIM SPRAY;2414146;24.99;1;0.0
CHANDELLE CHANTILLY CHOCO;2414147;7.49;144485;0.0
LIMP PERF AZULIM CONC CIT;2414148;11.9;144839;0.0
CREME DENTAL BIANCO SUPER;2414149;3.99;144887;0.0
ENXAG BUCAL BIANCO POWERM;2414150;12.99;144888;0.0
FINI REGALIZ TUBES UVA 80;2414151;8.49;144694;0.0
CREME DENTAL BIANCO KIDS;2414152;6.49;144907;0.0
SQUEEZE TAP PLASTICO NEON;2414153;13.99;144341;0.0
IOGURTE VIGOR MIX MORANGO;2414155;4.99;144486;0.0
CAFE UTAM SOLUVEL 50G;2414156;6.49;144728;0.0
BISNAGA MAIONESE PLASDURA;2414157;5.99;144752;0.0
BALA FINI URSINHOS MINI 1;2414158;1.5;144694;0.0
LIMP PERF CONC AZULIM EUC;2414159;11.9;144839;0.0
SACO ALVEJADO PADRAO NSA;2414160;8.99;144291;0.0
IOGURTE VIGOR NAT DESNATA;2414161;3.5;144486;0.0
LAMPADA EMPALUX INCADESC;2414162;8.99;144520;0.0
BOTINA COURO FORTE SOLA P;2414163;68.9;144490;0.0
ANTI MOFO FENOMENO 25G;2414164;4.99;1;0.0
SAL GROSSO PICANHA GRILL;2414165;3.99;144798;0.0
IOGURTE VIGOR MIX MGO C/C;2414166;4.99;144486;0.0
BOTINA COURO FORTE SOLA P;2414167;65.9;144490;0.0
SABONETE ONLY PROVENCE 90;2414168;2.59;144920;0.0
ESCOVA DENTAL BIANCO COLO;2414169;22.9;144889;0.0
IOGURTE VIGOR GREGO BLUEB;2414173;3.5;144486;0.0
APARELHO BARBEAR BLUSHAVE;2414174;15.99;144898;0.0
SQUEEZE UNICORNIO PLASDUR;2414175;4.99;144341;0.0
REVITALIZADOR INDY CRYL 2;2414176;28.9;144815;0.0
SUCO XANDO LARANJA 900ML;2414177;9.9;1;0.0
FINI REGALIZ TUBES UVA 80;2414178;8.49;144694;0.0
NAFTALINA FENOMENO 25G;2414179;3.99;144836;0.0
FILTRO CAFE UTAM 103;2414180;6.69;1;0.0
FINI MINHOCAS CITRICAS 15;2414181;1.5;144694;0.0
IOGURTE  VIGOR GREGO MGO/;2414182;3.99;144486;0.0
PENEIRA ACO FUBA TRANCADA;2414183;14.9;1;0.0
FINI TUBES MORANGO 15G;2414184;1.5;144694;0.0
CAFE UTAM TRADICIONAL 500;2414185;23.9;144728;0.0
GARRAFA SLEEVE BATMAN 250;2414186;6.99;1;0.0
IOGURTE FRUTAP 850G COCO;2414187;10.99;144482;0.0
AGUA COCO KERO COCO TP 20;2414188;4.99;144637;0.0
GARRAFA PET MICKEY 600ML;2414189;14.99;1;0.0
PORTA LEITE NITRON;2414190;8.99;144328;0.0
PETIT SUISSE FRUTAPINHO M;2414191;8.99;144482;0.0
REFRESCO BRASSUK LARANJA/;2414192;1.15;144930;0.0
IOGURTE FRUTAP PATATI CER;2414193;4.85;144482;0.0
MASSA P/PASTEL LOTT CUMBU;2414194;5.99;144318;0.0
OLEO MULTIUSO SINGER 100M;2414195;8.99;1;0.0
ORGANIZADOR RATTAN NITRON;2414196;21.9;1;0.0
POLPA FRUTAP PATATI PATAT;2414197;5.97;144482;0.0
COQ STEMPEL PINAPPLE 600M;2414198;10.99;144649;0.0
SABONETE ALBANY HOMEM CTL;2414199;2.99;144920;0.0
LEITE ROSAS TRAD 100ML;2414201;5.99;144879;0.0
LEITE ROSAS TRADICIONAL 1;2414202;7.99;1;0.0
PIRULITO SAMS LAMPIAO FRU;2414203;9.5;144694;0.0
GARRAFA P/AGUA PLASDURAN;2414204;13.99;1;0.0
COQ STEMPEL RED 600ML;2414205;10.99;144649;0.0
BALA CARAMELOS LEITE 150G;2414206;5.99;144694;0.0
PENEIRA PLAST MEDIA TRITE;2414207;4.99;1;0.0
IOGURTE FRUTAP ZERO MORAN;2414208;12.99;144482;0.0
MASSA P/PIZZA LOTT C/2 24;2414209;9.9;144318;0.0
DOCE GELEIA PEDACOS 350G;2414210;8.49;144715;0.0
REFRESCO EM PO BRASSUK SA;2414211;1.15;144930;0.0
PALMITO BOTELHO INTEIRO 5;2414212;22.9;144805;0.0
PENEIRA PEQUENA TRITEC;2414213;2.99;1;0.0
IOGURTE FRUTAP SALADA FRU;2414214;2.99;144482;0.0
REFRESCO EM PO BRASSUK MA;2414215;9.45;144930;0.0
MASSA P/MINI PIZZA LOTT 2;2414216;8.99;144318;0.0
COROTE CATUABA FEITICO 50;2414217;7.99;1;0.0
BEB ALCOOLICA RECORD AMEN;2414219;21.9;1;0.0
SHAMPOO OX REPARACAO COMP;2414220;13.99;144870;0.0
BALA DURA SANTA FE HORTEL;2414221;9.99;144694;0.0
IOGURTE FRUTAP MORANGO 45;2414222;6.99;144482;0.0
REFRESCO EM PO BRASSUK MO;2414223;1.15;144930;0.0
PORTA DETERGENTE NITRON R;2414224;14.99;1;0.0
REFRESCO EM PO BRASSUK TA;2414225;1.15;144930;0.0
VINHO TINTO PERGOLA SUAVE;2414226;79.9;144673;0.0
IOGURTE FRUTAP FR VERMELH;2414227;2.99;144482;0.0
FLAN FRUTAP MORANGO 180G;2414228;5.25;144482;0.0
BACIA TRITEC C/TAMPA 10L;2414229;27.9;144356;0.0
LEITE FERMENTADO FRUTAP 1;2414230;3.29;144482;0.0
IOGURTE FRUTAP PATATI PAT;2414231;4.85;144482;0.0
LEITE FERMENTADO FRUTAP 4;2414232;8.9;144482;0.0
MASSA P/PASTEL LOTT ROLO;2414233;9.49;144318;0.0
FEIJAO BOTELHO BOLINHA 1K;2414234;12.99;144631;0.0
CONDIC OX REPAR COMPLETA;2414235;15.9;144869;0.0
CONJ C/3 BISNAGA TRITEC;2414236;6.99;1;0.0
COLA ESCOLAR COLAPEL 90G;2414237;3.99;144504;0.0
IOGURTE FRUTAP LRJ/CENOUR;2414238;3.5;144482;0.0
LAVA ARROZ NITRONPLAST;2414239;9.9;1;0.0
GELADINHO PASTEURIZ AMERI;2414240;13.99;1;0.0
FEIJAO BOTELHO PRETO 1KG;2414241;8.99;144631;0.0
BALA PIETROBON FRUTALLI S;2414242;8.99;144694;0.0
SOBREMESA BONATE BAUNILHA;2414243;4.5;1;0.0
IOGURTE NATURAL FRUTAP DE;2414244;2.99;144482;0.0
CAIXA ISOPOR C/ ALCA 18L;2414246;32.9;144190;0.0
DOCE LEITE C/AMENDOIM QUE;2414247;10.9;144715;0.0
IOGURTE FRUTAP SALADA DE;2414248;16.99;144482;0.0
GEL CERA SHOXX 240G;2414249;15.9;145727;0.0
GEL SHOXX INCOLOR 240G;2414250;7.99;145727;0.0
CREME SKALA AMIDO DE MILH;2414251;10.99;144871;0.0
SORVETE MERLI PALITO MILH;2414252;2.5;144498;0.0
DOCE LEITE QUERO MAIS 300;2414253;10.9;144715;0.0
ESSENCIA NOGUEIRA LAVANDA;2414254;7.99;144834;0.0
PEDRA SANITARIA MIL AROMA;2414255;2.99;1;0.0
FEIJAO PICININ PREMIUM 1K;2414256;7.99;144631;0.0
IOGURTE TORTA MARACUJA FR;2414257;2.5;144482;0.0
PANO COZINHA C/VIES ARARA;2414258;4.99;144291;0.0
FILE DE MERLUZA MIRA MAR;2414259;39.9;144182;0.0
ESCORREDOR DUPLO PIA ARAM;2414260;58.9;144192;0.0
SABAO EM PO INVICTO SUPER;2414261;9.99;144846;0.0
OVO DE PASCOA KINDER OVO;2414262;59.9;1;0.0
GOIABADA ZAINE 300G;2414263;1.65;1;0.0
SHAMPOO DIVAS LISO EXTREM;2414264;18.9;144870;0.0
ESSENCIA NOGUEIRA EUCALIP;2414265;7.49;144834;0.0
SABAO EM PO INVICTO SUPER;2414266;9.99;144846;0.0
MOLHO P. TCHETTO 500ML;2414268;9.99;144757;0.0
BARRA CEREAL TRIO MRG/CHA;2414269;2.99;144710;0.0
PACOCA ROLHA QUERO MAIS 3;2414271;14.99;144715;0.0
CHOCOLATE NUTELLA B READY;2414272;4.99;144699;0.0
DOCE DE LEITE C/AMEIXA QU;2414273;10.9;144715;0.0
DOCE ABOBORA/BATATA DOCE;2414274;11.49;144715;0.0
SALGADINHO KELECK QUEIJO;2414275;1.75;144855;0.0
MACARRAO GALLA GOURMET 40;2414276;5.25;1;0.0
CESTO FECHADO PRETO C/TAM;2414277;29.99;144341;0.0
EXTRATO TOMATE VAL 300G;2414278;2.19;144745;0.0
ESSENCIA NOGUEIRA CITRONE;2414279;7.99;144834;0.0
BATIDA RECORD AMENDOIM 50;2414280;7.5;1;0.0
PANO DE PIA ARARAS 38X60C;2414281;3.5;1;0.0
SUPORTE P/BOTIJAO ARTHI;2414282;41.9;144394;0.0
OLEO CORPORAL FARMAX GIRA;2414283;10.9;144914;0.0
BISCOITO POLVILHO KELECK;2414284;5.99;144855;0.0
ESSENCIA NOGUEIRA CAMPEST;2414285;6.99;144834;0.0
COCADA QUERO MAIS 300G;2414286;12.49;144715;0.0
FEIJAO PICININ PREMIUM 2K;2414287;15.99;144631;0.0
GOIABADA VAL 300G;2414288;4.39;144715;0.0
ROLO P/MASSAS MADEIRA CAB;2414289;26.99;1;0.0
FAROFA PICININ 350G;2414291;7.99;144772;0.0
MILHO PIPOCA PICININ;2414292;4.99;144773;0.0
SH SALON LINE SOS CACHOS;2414293;19.9;144870;0.0
GOIABADA VAL DISCO 300G;2414294;5.49;144715;0.0
SALGADINHO KELECK HAMBURG;2414295;1.75;144855;0.0
KETCHUP VAL PICANTE 400G;2414296;5.99;144751;0.0
ACUCAR DEMERARA CARAVELAS;2414297;6.45;144628;0.0
OVO DE PASCOA FERRERO ROC;2414298;99.99;1;0.0
CONJ COPACABANA ICE 3PCS;2414299;22.9;1;0.0
BARRA CEREAL TRIO CASTANH;2414300;2.99;144710;0.0
GUARDANAPO ARARAS 45X65CM;2414301;6.99;144291;0.0
ESSENCIA NOGUEIRA VIOLETA;2414302;7.99;144834;0.0
PACOCA PEDACOS QUERO MAIS;2414303;8.49;144715;0.0
FAROFA TRADIC BROTO LEGAL;2414304;8.99;144772;0.0
ESSENCIA NOGUEIRA LIMPA C;2414305;7.99;144834;0.0
ACUCAR REF CARAVELAS 1KG;2414306;5.35;144628;0.0
BARRA CEREAL TRIO BRIGADE;2414307;2.99;144710;0.0
ESSENCIA NOGUEIRA BEBE 12;2414308;7.99;144834;0.0
LEITE FERMENTADO FRUTAP M;2414309;3.29;144482;0.0
TABUA P/CARNE STOLF 15,5C;2414310;15.9;1;0.0
MOSTARDA AMARELA VAL 180G;2414311;5.35;144753;0.0
MASCARA SALON LINE MEU LI;2414312;21.99;144873;0.0
TOALHAS UMEDECIDAS PERSON;2414313;16.9;144909;0.0
MACARRAO GALLA GOURMET NI;2414314;5.25;1;0.0
ATIVADOR CACHOS DIVAS 500;2414315;18.9;144868;0.0
ARROZ PICININ 2KG TIPO 1;2414316;12.99;144629;0.0
DOCE LEITE C/COCO QUERO M;2414317;10.9;144715;0.0
PORTA SABAO EM PO 1KG;2414319;12.79;1;0.0
ACUCAR CRISTAL PICININ 2K;2414320;4.99;144628;0.0
GOIABADA VAL 500G;2414321;7.49;144715;0.0
ESSENCIA NOGUEIRA CRAVO E;2414322;7.99;144834;0.0
SALGADINHO KELECK FRANGO;2414323;1.75;144855;0.0
ACUCAR EXTRA FINO PICININ;2414324;4.99;144628;0.0
SALGADINHO KELECK CHURRAS;2414325;1.75;144855;0.0
FILE DE SARDINHA MIRA MAR;2414326;17.9;144182;0.0
DESCASCADOR E BOLEADOR KE;2414327;7.99;144394;0.0
ESSENCIA NOGUEIRA DAMA NO;2414328;7.99;144834;0.0
SACO P/LIXO PLASLIXO 50L;2414329;5.99;144510;0.0
CREME P/PENTEAR SALON LIN;2414330;16.9;144872;0.0
GOIABADA CASCAO QUERO MAI;2414331;9.9;144715;0.0
IOGURTE FRUTILAC SALADA F;2414332;12.99;144482;0.0
CASCUDINHO DO MAR MIRA MA;2414333;20.9;144182;0.0
VASO RED PLASNEW PRETO 21;2414334;25.9;1;0.0
GOIABADA VAL 700G;2414335;10.99;144715;0.0
DEFRIZ SALON LINE DEMAIS;2414336;15.9;1;0.0
CREME AVELA NUTELLA 140G;2414338;14.99;144739;0.0
ESSENCIA NOGUEIRA MIL FLO;2414339;7.99;144834;0.0
SALGADINHO KELECK CEBOLA;2414340;1.75;144855;0.0
FRALDA DESC TOQUINHO BASI;2414341;39.99;144908;0.0
VELAS ESTRELINHAS MULTI C;2414342;6.49;144508;0.0
CABIDES SAIA CROMADO ARTH;2414343;22.9;144356;0.0
ESSENCIA NOGUEIRA LIMAO;2414344;7.99;144834;0.0
SALGADINHO KELECK PIZZA 5;2414345;1.75;144855;0.0
FILE DE MERLUZA MULTI FIS;2414346;37.99;144182;0.0
ARROZ PICININ PREMIUM 1KG;2414347;8.99;144629;0.0
CREME HIDRATANTE DOLCE P/;2414348;12.9;144913;0.0
SABAO EM PO INVICTO LAVAN;2414349;9.99;144846;0.0
FARINHA DE MANDIOCA PICIN;2414350;5.95;1;0.0
CREME DE AVELA NUTELLA 65;2414351;49.99;144739;0.0
LEAVE IN DIVAS LISO EXTRE;2414352;18.9;1;0.0
ESSENCIA NOGUEIRA ERVA DO;2414353;7.99;144834;0.0
GOIABADA CREMOSA VAL 400G;2414355;12.9;144717;0.0
BISCOITO MINEIRO KELECK;2414356;7.99;144855;0.0
GUARDANAPO COZINHA BAINHA;2414357;4.5;144291;0.0
FARINHA DE MANDIOCA GROSS;2414358;11.99;1;0.0
HIDRATANTE SKALA ERVA DOC;2414359;7.99;144913;0.0
FACA CARNE INOX HAUSKRAFT;2414360;22.9;144192;0.0
SORVETE MERLI CARIOCA1,8L;2414361;27.9;144498;0.0
SORVETE MERLI COPAO EXTRA;2414362;6.5;144498;0.0
DESINFETANTE LYSOFORM BRU;2414363;17.99;144834;0.0
PORTA FILTRO 103 MATAO;2414364;7.99;1;0.0
PACOCA CASEIRA DOCE BOM 4;2414365;8.99;144715;0.0
ORGANIZ AZULEJO BANDEIRAN;2414366;16.9;1;0.0
CREME SKALA BOMBA BANANA;2414367;10.99;144871;0.0
GARRAFA SQUEEZE BANDEIRAN;2414368;12.9;1;0.0
PACOCA MORENINHA DO RIO 2;2414369;0.75;144715;0.0
PACOCA CASEIRA DOCE BOM 5;2414370;10.9;144715;0.0
HIDRATANTE SKALA ROSAS/AM;2414371;7.99;144913;0.0
CREME SKALA ABACATE 1KG;2414372;10.99;144871;0.0
BUCHA VEGETAL BRASILEIRIN;2414373;6.99;144923;0.0
KIT SH CONDIC SKALINHA BE;2414374;18.9;144906;0.0
CREME SKALA EXPERT DONA 2;2414375;10.99;144871;0.0
CREME SKALA ARGILA BRANCA;2414376;10.99;144871;0.0
KIT BACIAS ORAGANIZA JAGU;2414377;17.99;144341;0.0
GARRAFA SQUEEZE BANDEIRAN;2414378;12.9;1;0.0
GEL CABELO SHOXX AZUL 500;2414379;11.99;145727;0.0
CONJ ORGANIZADOR JAGUAR Q;2414380;17.99;1;0.0
CREME SKALA VINAGRE MACA;2414381;10.99;144871;0.0
PILHA ELGIN ZINCO AA C/4;2414383;6.99;144522;0.0
ORGANIZ RET JAGUAR DAFRUT;2414384;17.9;1;0.0
CR SKALA 1KG GENETIQS;2414385;10.99;144871;0.0
GEL SHOXX BRILHO MOLHADO;2414386;7.99;145727;0.0
SABONETEIRA JAGUAR PLASTI;2414387;3.99;1;0.0
GLICERINA FARMAX ALOE VER;2414388;5.99;1;0.0
BACIA CANELADA PLASTICA 3;2414389;6.49;144356;0.0
CREME SKALA MAIS LISOS 1K;2414390;10.99;144871;0.0
REPARADOR DE PONTAS SHOXX;2414391;8.99;144873;0.0
SABONETE NIPS FRUTAS CITR;2414392;1.99;144920;0.0
SORVETE MERLI CHOCOFLAIR;2414393;29.9;144498;0.0
PICOLE MERLI MORANGURTE 5;2414394;2.5;144498;0.0
PACOCA ROLHA MORENINHA DO;2414395;1.5;144715;0.0
CREME SKALA BRASIL MANGA;2414396;10.99;144871;0.0
SORVETE PALITO MERLI LIMA;2414397;3.0;144498;0.0
HIDRATANTE SKALA BRASIL C;2414398;7.99;144913;0.0
OLEO MISTO LISBOA BLEND C;2414399;25.99;1;0.0
BUCHA VEGETAL OVAL BRASIL;2414400;7.99;144923;0.0
SORVETE MERLINHO 90ML;2414401;1.25;144498;0.0
GARRAFA SQUEEZE BANDEIRAN;2414402;12.9;1;0.0
HIDRATANTE SKALA CASTANHA;2414403;7.99;144913;0.0
CAFE DA NONA 500G;2414404;18.99;144728;0.0
SORVETE PALITO MERLI LEIT;2414405;2.5;144498;0.0
AZEITE OLIVA LISBOA BLEND;2414406;25.99;144775;0.0
SORVETE PALITO MERLI COCO;2414407;2.5;144498;0.0
CREME SKALA BANHO CRISTAL;2414408;10.99;144871;0.0
PILHA ELGIN ALCALINA AA C;2414409;6.99;144522;0.0
PORTA FILTRO CAFE 103 INJ;2414410;7.99;1;0.0
PACOCA CASEIRA DOCE BOM 1;2414412;2.99;144715;0.0
SAL REF LIDER 1KG;2414413;1.99;144798;0.0
CREME SKALA BRASIL CACAU;2414414;11.99;144871;0.0
OLEO CORPORAL FARMAX RICI;2414416;12.9;1;0.0
CREME SKALA DIVINO POTINH;2414417;10.99;144871;0.0
AZEITE OLIVA LISBOA 500ML;2414418;15.99;144775;0.0
SABONETE NIPS EML/CEREAIS;2414419;1.99;144920;0.0
SORVETE MERLI NAO SEI1,8L;2414420;29.9;144498;0.0
OVOS SHINTAKU BRANCO GRAN;2414421;22.9;144428;0.0
ORGANIZADOR BANDEIRANTES;2414422;14.9;1;0.0
VASILHAME COCA COLA 1 LIT;2417070;3.5;1;0.0
MP CARNE MOIDA CARNE MOID;2433370;99.0;144297;0.0
FANTA CAJU LATA 350ML;2455388;4.5;144675;0.0
PANQUINHO 35G GALAXIA;2455399;2.75;144320;0.0
CANETA BIC CRISTAL;2457718;1.99;144504;0.0
CREME SKALA 1KG MORANGO;2458685;10.99;144871;0.0
COCA-COLA S/A OREO 310ML;2458689;3.99;144675;0.0
RUCULA;2459620;0.0;144122;0.0
ALMEIRAO;2459623;3.99;144122;0.0
REFRIG ROLLER 2L CESTA;2461631;0.01;1;0.0
CESTA PLASUTIL;2462547;99.0;144341;0.0
COENTRO UN;2464996;3.99;144122;0.0
EMPADA DE FRANGO UN;2474112;7.49;144430;0.0
EMPADA DE PALMITO UN;2474117;7.49;144430;0.0
BOLINHA DE CARNE UN;2474122;6.99;144431;0.0
BOLINHA DE FRANGO REQ;2474126;6.99;144431;0.0
COXINHA DE FRANGO UN;2474131;6.99;144431;0.0
ENROLADO DE PRES E QJO;2474137;7.49;144431;0.0
BURGAO COM TOMATE UN;2474141;7.49;144430;0.0
BURGAO COM CHEDDAR UN;2474144;7.49;144430;0.0
TROXINHA FRANGO MILHO REQ;2474150;7.49;144430;0.0
ESFIHA DE CARNE COM BACO;2474154;7.49;144430;0.0
ENROLADO DE FRIOS UN;2474157;7.49;144430;0.0
ENROLADO DE SALSICHA UN;2474161;7.49;144430;0.0
PAO DE BATATA CALABRESA U;2474165;7.49;144430;0.0
PAO DE BATATA FRANGO REQU;2474168;7.49;144430;0.0
PAO DE MANDIOQUINHA CARNE;2474172;7.49;144430;0.0
PACOTAO PRESUNTO QUEIJO T;2474176;7.49;144430;0.0
PAO DE QUEIJO G KG;2474189;32.9;144198;0.0
COXINHA FRANGO KG;2474194;6.99;144431;0.0
BOLINHA QUEIJO KG;2474200;6.99;144431;0.0
QUIBE DE CARNE REQ KG;2474204;6.99;144431;0.0
BOLINHA CARNE KG;2474208;6.99;144431;0.0
QUIBE DE CARNE UN;2474314;6.99;144431;0.0
QUIBE DE CARNE REQ UN;2474321;6.99;144431;0.0
ENROLADO DE PRES E QJO;2474326;7.49;144430;0.0
CROISSANT 4 QUEIJOS UN;2474332;7.49;144430;0.0
FOLHADA DE PRES E QJO UN;2474337;7.49;144430;0.0
ESFIHA DE CARNE UN;2475279;7.49;144430;0.0
QUIBE CARNE KG;2475293;6.99;144431;0.0
FLOR ROSEIRA MINI P13;2475322;20.0;144626;0.0
FLOR ROSA DO DESERTO P15;2475325;40.0;144626;0.0
FLOR BONSAI JOVEM FRUTA;2475343;30.0;144626;0.0
CATUPIRY CHEDDAR  25OG;2475594;0.0;144478;0.0
KIWI BDJ 600G;2475600;21.9;144120;0.0
PIMENTAO AMARELO KG;2475606;12.99;144121;0.0
TANGERINA MURCOTE KG;2476029;9.99;144120;0.0
FRALDA PERSONALIDADE M;2476586;36.99;144908;0.0
FRIGIDEIRA E FLON C/TAMPA;2476917;65.9;144166;0.0
GARRAFA TERMICA MESA TERM;2476918;134.9;144192;0.0
SABONETE LUX 85G GARDENIA;2476919;3.25;144920;0.0
GARRAFA TERMICA TERMOLAR;2476921;53.9;144190;0.0
SALAME SEARA 100G TP HAMB;2476922;14.99;144452;0.0
SABOR DO MONTE ERVILHA VE;2476924;9.99;1;0.0
SACOS P/FREEZER GIROMIX;2476925;4.99;144510;0.0
SABONETEIRA PLASMONT AVUL;2476926;4.99;1;0.0
SACA ROLHAS BORGONHA;2476927;13.99;1;0.0
ABS CAREFREE TODODIA C/40;2476929;16.99;144892;0.0
ABS SEMPRE LIVRE ESPECIAL;2476930;5.49;144892;0.0
GARRAFA TERMICA SOPRANO A;2476932;52.9;144190;0.0
SALGADINHO FABITOS PRESUN;2476933;3.5;144855;0.0
SALG TOSTITOS SAL MARINHO;2476934;9.99;144855;0.0
SALGADINHO FABITOS PIZZA;2476936;1.99;144855;0.0
SALG TOSTITOS PIMENTA MEX;2476937;9.99;144855;0.0
SALG FABITOS CEBOLA50G;2476938;1.99;144855;0.0
SALGADINHO FABITOS CHURRA;2476939;1.99;144855;0.0
GELATINA SALON LINE FRIZZ;2476940;23.9;144734;0.0
SALGADINHO FABITOS OVINHO;2476941;4.99;144855;0.0
ACUCAR REFINADO PATEKO 1K;2476942;1.79;144628;0.0
GUARDA CHUVA GIGANTE DOBR;2476943;45.9;157428;0.0
HALLS EXTRA FORTE 37G;2476944;1.5;144694;0.0
HAVAIANAS TOP ANIMALS ARE;2476945;42.9;144492;0.0
HAVAIANAS TOP BASIC PTO/P;2476946;39.99;144492;0.0
SEMENTE DE LINHACA SIAMAR;2476948;6.45;144773;0.0
HASTES FLEXIVEIS PIQUITUC;2476951;2.99;1;0.0
HAVAIANAS SLIM HARMONY CI;2476953;38.9;144492;0.0
HAVAIANAS SLIM HARMONY CI;2476955;39.9;144492;0.0
HAVAIANAS KIDS ATHLETIC M;2476956;35.9;144492;0.0
HAVAIANAS KIDS TOP FASHIO;2476957;32.9;144492;0.0
HAVAIANAS SLIM GLITER NEO;2476958;79.99;144492;0.0
HAVAIANAS SIMPSONS BCO/AZ;2476959;49.9;144492;0.0
SHAMPOO CLEAR MEN ICE COO;2476960;17.99;144870;0.0
SARDINHA LAGE ESPALMADO M;2476961;26.9;1;0.0
SAMAMBAIA MINI HAVAIANA C;2476962;12.9;1;0.0
ALVEJ VANISH S/CLORO WHIT;2476964;13.9;144844;0.0
AMACIANTE DOWNY CONC BRIS;2476965;14.99;144845;0.0
HAVAIANAS TOP AZ NAVAL 29;2476967;27.9;144492;0.0
HAVAIANAS SLIM ROMANCE SA;2476970;44.9;144492;0.0
SHAMPOO PANTENE QUERATINA;2476972;16.9;144870;0.0
AMACIANTE YPE TERNURA LV2;2476974;10.99;144845;0.0
HAVAIANAS TOP LOGOMANIA B;2476975;44.9;144492;0.0
HAVAIANAS TOP BASIC PTO/P;2476977;39.99;144492;0.0
HAVAIANAS SLIM SQUARE ARE;2476979;43.9;144492;0.0
HAVAIANAS TOP VERM RUBI 3;2476981;28.9;144492;0.0
HAVAIANAS TOP TURQUESA 41;2476983;31.9;144492;0.0
HAVAIANAS TREND PTO/CINZA;2476985;49.9;144492;0.0
SHAMPOO NIELY GOLD SALVA;2476986;12.9;144870;0.0
SHAMPOO GOTA DOURADA 430M;2476988;18.99;144870;0.0
SQUEEZE SLEEVE DINOSSAURO;2476991;4.99;144341;0.0
BACIA CANELADA PLASTICA 1;2476995;3.99;144170;0.0
BALA BUTTER TOFFEES INTEN;2476997;5.99;144694;0.0
BALDE BELMONT 7,5L;2476999;8.99;144356;0.0
BALAO NEON SORTIDO MULTI;2477002;19.9;144694;0.0
HAVAIANAS TOP TROPVIBES L;2477004;32.9;144492;0.0
SOBRECOXA SEARA CG 1KG;2477006;13.9;144309;0.0
HAVAIANAS TREND PTO/CINZA;2477008;49.9;144492;0.0
HAVAIANAS TOP TIMES PRETO;2477009;64.9;144492;0.0
JIBOIA VERDE C21;2477011;20.0;144626;0.0
IPANEMA SUPER MARIO INF A;2477014;34.99;1;0.0
JARRA VIDRO NADIR MARACAT;2477017;19.9;144394;0.0
BACIA ARQPLAST 32L C/ALCA;2477019;26.9;144356;0.0
BALA BUTTER TOFFEES 90G T;2477022;5.99;144694;0.0
HIDRAT SKALA 400ML MANT K;2477025;7.99;144913;0.0
SORVETE MERLI ABOBORA C/C;2477027;29.9;144498;0.0
SORVETE MERLI PISTACHE TR;2477029;18.5;144498;0.0
IOGURTE FRUTAP ZERO MORAN;2477030;5.97;144482;0.0
IPANEMA DIVERSA AD;2477032;22.9;1;0.0
TACA BOCA TORTA GALSSUTIL;2477035;20.0;1;0.0
SORVETE MERLI ZERO ACUCAR;2477037;19.9;144498;0.0
IPANEMA DAY FEM AD;2477039;22.9;1;0.0
LASANHA PERDIGAO FRANGO C;2477041;14.99;144437;0.0
KIT SH +  COND SALON LINE;2477042;23.9;144928;0.0
LAVA ARROZ PLASMONT;2477043;7.99;1;0.0
BEB LACTEA NESTLE NESCAU;2477046;2.99;149391;0.0
LAPIS CARPINTEIRO;2477051;1.5;1;0.0
BISC  SEQUILHINHO 350G;2477053;13.9;144705;0.0
BISC PRODASA CREAM CRACKE;2477055;5.49;144705;0.0
BISC MARILAN TORTINHA300G;2477057;9.9;144705;0.0
KIT INF IMPALA SH+GEL HOT;2477060;31.9;144906;0.0
ALHO TRITURADO AKIO 400G;2477062;10.99;144794;0.0
TEMPERO ALHO TRITURADO AK;2477064;5.99;1;0.0
TIRA PELOS MAX CLEAN LAVA;2477067;15.99;1;0.0
TINTURA COR TON VERMELHO;2477069;16.9;144867;0.0
LEITE PIRACANJUBA INTEGRA;2477074;6.49;144632;0.0
BISC WAFER TRENTO M MARAC;2477077;2.5;144691;0.0
BOLO CASA SUICA LAR 250G;2477080;12.99;144320;0.0
LEITE PIRACANJUBA SEMI 1L;2477083;6.49;144632;0.0
LEITE NINHO ZERO LACTO 1L;2477085;9.45;144632;0.0
TINTURA COR E TON 0 AMONI;2477087;18.99;144867;0.0
LIMP PERF AZULIM PAIXAO 1;2477088;8.99;144839;0.0
TINTURA COR TON CAST 6.35;2477089;16.9;144867;0.0
LIMP PERF AZULIM FLORAL 1;2477092;12.99;144839;0.0
LIMPADOR MULTIUSO AZULIM;2477093;4.99;144839;0.0
UVA VERDE THOMPSOM PREMIU;2477095;12.99;1;0.0
UVA THOMPSOM ALLEGRE 500G;2477096;14.5;1;0.0
CACTUS RAIZ P11;2477099;12.0;1;0.0
CAFE PILAO SOLUVEL CAFETE;2477103;15.99;144728;0.0
UVA FINA MESA FRUTAYA S/S;2477106;12.99;1;0.0
TORRONE MONTEVERGINE 45G;2477108;2.5;144694;0.0
CAFE BOM DIA 500G EXTR F;2477111;19.45;144728;0.0
BORRIFADOR GRADUADO NOVA;2477114;11.9;1;0.0
BONSAI JOVEM FRUTA 1,1L;2477116;30.0;1;0.0
UVA BENETAKA 500G;2477118;12.9;1;0.0
VINHO FINO TINTO SECO MAR;2477121;59.9;144673;0.0
CAIXA TERMICA ISOTERM 50L;2477124;79.9;144190;0.0
CALDINHO FEIJAO SEARA 300;2477126;14.9;1;0.0
NESCAFE MATINAL 100G;2477128;18.99;144728;0.0
MAC GALO 500G TRICOLORI;2477130;6.35;144780;0.0
CANECAO ANTIADERENTE SOLA;2477132;36.9;1;0.0
CAPPUCCINO 3CORACOES CARA;2477133;19.9;144728;0.0
CANECAO ANTIADERENTE SOLA;2477135;38.9;1;0.0
VINAGRETE PEPOL 20G;2477137;3.75;144770;0.0
CERA POLYLAR 750ML;2477140;6.99;144842;0.0
VINHO RANDON 750ML BCO SC;2477143;16.99;144673;0.0
MANTEIGA BATAVO TB EXTRA;2477144;16.99;144464;0.0
CESTA DIAMANTE PDV;2477146;699.0;144527;0.0
MAGGI MEU SEGREDO CHEIRO;2477148;4.99;149379;0.0
MASSA P/LASANHA BRUNETTO;2477150;12.99;144318;0.0
MARMITA ROSCA VIKTERM COL;2477152;38.99;144190;0.0
CERVEJA SKOL PURO MALTE 3;2477155;2.99;144647;0.0
CHOC GRANULADO DORI 120G;2477157;3.99;144739;0.0
CHESTER PERDIGAO;2477159;32.99;1;0.0
MAXIXE;2477163;14.49;1;0.0
MOEDAS CHOCOLATE BEL 40G;2477165;6.99;1;0.0
MOLHO PIMENTA TABASCO ORI;2477167;21.9;144757;0.0
MOLHO HELLMANN S 3 EM 1;2477170;14.99;144751;0.0
CIGARRO ROTHMANS VERMELHO;2477172;8.5;144501;0.0
CIGARRO ROTHMANS BLUE;2477173;8.5;144501;0.0
NISSIN YAKISSOBA UFO 85G;2477176;8.99;144782;0.0
PANETTONE PARATI 400G CHO;2477177;24.99;144858;0.0
COPO DESC ECONOPOT 50ML;2477179;3.5;144510;0.0
OLEO AMENDOAS PAIXAO PARI;2477181;22.99;1;0.0
NINHO PETIT MAXI BANAN/MA;2477182;7.59;1;0.0
COADOR CAFE MEDIO JF;2477184;5.99;144170;0.0
NISSIN YAKISSOBA UFO 85 G;2477186;8.99;144782;0.0
COLA SUPER BONDER 6G;2477187;12.45;151982;0.0
CONDIC BEL KIT OLEO ROSA;2477189;13.99;144869;0.0
CONDIC GOTA DOURADA 430ML;2477190;22.9;144869;0.0
OVOS SAO FRANCISCO VERMEL;2477192;14.9;144428;0.0
PACOCA AMENDOIM CAIPIRAO;2477195;2.0;144715;0.0
CONDIC SOUL BABOSA 380ML;2477197;13.99;144869;0.0
COQUETEL RECORD MENTA 960;2477198;21.9;144850;0.0
COTOVELO LL 3/4 C/2 KIMAR;2477202;6.99;1;0.0
CREME DEFINIDOR SALON LIN;2477204;28.9;1;0.0
CURATIVOS COTTON LINE KID;2477206;9.99;144885;0.0
PENEIRA INOX CASA TEM 24C;2477207;5.49;144170;0.0
PENEIRA INOX CASA TEM 35C;2477209;11.99;144170;0.0
PASTA MODELADORA SHOXX WA;2477210;18.9;145727;0.0
PASTA MODELADORA SHOXX WA;2477212;18.99;145727;0.0
PEITO PERU SADIA 200G FAT;2477214;19.99;1;0.0
CURATIVOS COTTON LINE C/1;2477215;5.75;1;0.0
CUSCUZEIRO N14 MEGA ALUMI;2477217;38.9;144166;0.0
PENTE KATY JACARE;2477219;2.99;1;0.0
PIMENTA ORNAMENTAL P14;2477220;29.9;1;0.0
PIMENTA SIAMAR 60G BODE;2477222;7.99;144770;0.0
DESINF LYSOFORM 1L LAVAND;2477223;17.99;144834;0.0
DESCASCADOR DE LEGUMES CL;2477225;19.99;1;0.0
DESINF PINHO BRIL SILVEST;2477226;5.99;144834;0.0
DESINF LYSOFORM SUAVE 1L;2477227;17.99;144834;0.0
DESOD AERO NIVEA DEEP AMA;2477228;15.99;144876;0.0
PIMENTA SIAMAR BIQUINHO;2477230;15.9;144757;0.0
PIRULITO POP KISS BEIJA M;2477232;11.99;144694;0.0
PIRULITO RECH FLORESTAL Z;2477233;11.99;144694;0.0
DOCE DE AMENDOIM GIBI 1,5;2477234;28.99;1;0.0
DIGOS GOMA TUBO 190G;2477236;7.99;144694;0.0
POLVILHO DOCE SABOR DO MO;2477238;9.45;144772;0.0
POTE ACRILICO TRAVA PLASU;2477240;28.9;144170;0.0
POTE OVAL PLASMONT 450ML;2477241;4.99;1;0.0
PORTA FILTRO P/CAFE COLOR;2477242;9.49;1;0.0
ERVILHA BONDUELLE 300G;2477244;5.99;144802;0.0
DOCE AMENDOLEITE 55G;2477245;2.0;1;0.0
POTE ACRILICO TRAVA PLASU;2477246;24.99;144170;0.0
POLPA BRASFRUT MANGA 100G;2477248;3.5;1;0.0
POLPA MATILAT MORANGO 480;2477249;6.45;144484;0.0
DROPS FREEGELLS CREAM MRG;2477251;1.5;144694;0.0
PORTA OLEO PLASUTIL;2477252;5.99;1;0.0
POTE TRAVA MAIS PLASUTIL;2477253;12.9;1;0.0
POTE RET PLASMONT 3L TRAN;2477254;14.99;1;0.0
POTE RET PLASMONT 1,L C/D;2477256;10.99;1;0.0
POTE TRAVA MAIS PLASUTIL;2477257;19.99;1;0.0
ENERGY MONSTER 473ML;2477258;10.49;144659;0.0
ESCOVA CAB KATY QUADRADA;2477260;22.9;1;0.0
ESCOVA DENTAL IAMO AD MAC;2477261;8.99;144889;0.0
ESCOVA CABELO KATY OVAL R;2477263;22.9;155381;0.0
ESCOVA DENTAL IAMO AD MAC;2477264;5.99;144889;0.0
ESCOVA CABELO KATY MAGICA;2477266;16.99;155381;0.0
ESMALTE IMPALA BRILHO HOJ;2477267;8.49;144924;0.0
POTE RET PLASMONT 1,2L TR;2477268;8.99;1;0.0
POTE TRAVA MAIS PLASUTIL;2477269;14.99;1;0.0
ESCOVA CAB KATY FLEX RETA;2477271;10.9;1;0.0
ESCOVA CAB KATY FLEX OVAL;2477272;11.99;1;0.0
RAPADURA C/BANANA CASTILH;2477273;9.9;1;0.0
RALADOR 1FACE ORIGINAL 9,;2477275;15.99;1;0.0
ESCOVA DENTAL NAVY FRESH;2477276;5.99;144889;0.0
ESMALTE IMPALA BRILHO VIM;2477278;7.49;144924;0.0
REFRIG FANTA GUARANA 2L;2477280;8.49;144679;0.0
ESCOVA DENTAL NAVY FRESH;2477281;5.99;144889;0.0
ESMALTE RISQUE PRETO SEPI;2477283;6.49;144924;0.0
ESMALTE RISQUE ASTRAL 8ML;2477284;6.49;144924;0.0
REFRESCO FRISCO 18G;2477285;1.49;144930;0.0
REFRIG COCA COLA 2L;2477287;9.69;144679;0.0
REFRIG JABOTI MACA 600ML;2477289;2.99;144676;0.0
ESMALTE RISQUE CR BALI 8M;2477290;6.49;144924;0.0
ESMALTE RISQUE GOTA DOS A;2477291;6.49;144924;0.0
ESMALTE IMPALA VIVENCIA 7;2477293;5.49;144924;0.0
REFRIG H2O PITAYA/LIMAO 5;2477294;4.5;144676;0.0
ESMALTE RISQUE TERRACOTA;2477296;6.49;144924;0.0
FANTA CAJU 2L;2477297;8.49;144679;0.0
REGUA ESCOLAR NEW LINE CR;2477299;2.5;1;0.0
REQUEIJAO FRUTAP 380G;2477301;19.99;144478;0.0
REPARADOR PONTAS SHOXX 30;2477302;8.99;144873;0.0
REQUEIJAO FRUTAP 190G;2477303;10.99;144478;0.0
REPELENTE REPELEX LIQ 100;2477305;21.99;144927;0.0
SABONETE PALMOLIVE 150G;2477306;5.49;144920;0.0
ESTOPA BRANCA FLANELIN;2477307;3.99;144813;0.0
FEIJAO CARIOCA PATEKO 1KG;2477309;7.49;144631;0.0
RODO NOVICA VAI E VEM PLU;2477310;26.99;144836;0.0
RIDER STREET NBA DEDO AD;2477311;35.9;1;0.0
FRUTAS CONG BAUM MANGA 10;2477313;4.5;1;0.0
SAB LIQ INTIMO BIOINNOVA;2477314;8.99;1;0.0
FORMULA INFANTIL NESTOGEN;2477316;59.9;1;0.0
FILE DE COXA SOBRECOXA 1K;2477317;22.9;144309;0.0
SAB LIQ INTIMO BIOINNOVA;2477319;8.99;1;0.0
SAB LIQ INTIMO BIOINNOVA;2477320;8.99;1;0.0
SAB LIQ KI BELLA ERVA DOC;2477322;7.99;1;0.0
SAB LIQ BIOINNOVA 200ML;2477323;8.99;144918;0.0
FINI HARRY POTTER RAIO 70;2477325;7.99;144694;0.0
FRIGIDEIRA E FLON C/TAMPA;2477327;51.9;144166;0.0
SAB PALMOLIVE 150G TAN/AL;2477329;5.49;144920;0.0
SABONETE PALMOLIVE GELEIA;2477331;3.49;144920;0.0
FRALDA DESC T MONICA M C/;2477333;21.9;144908;0.0
AMARYLLIS P14;2477334;25.0;1;0.0
RED BULL 250ML SUGAR FRE;2477999;8.99;144659;0.0
AMAC DOWNY 1L BRISA S;2478004;25.9;144845;0.0
LIDER 1L CHOCOLATE;2478005;8.99;149391;0.0
LIDER 200ML  CHOCOLATE;2478006;1.75;149391;0.0
DESINF BUFALO 2L PINHO;2478007;5.99;144834;0.0
DESINF BUFALO 2L PM;2478008;5.99;144834;0.0
CR TRATAMENTO 300GR GLYC;2478009;31.9;144873;0.0
SABAO BARRA AZULIM 1KG;2480399;0.0;144848;0.0
BRILHA INOX AZULIM 500ML;2480408;32.9;144820;0.0
LIMP PERF AZULIM 500M;2480419;5.99;144839;0.0
NAFTALINA AZULIM 30G;2480424;4.99;144836;0.0
COXA SOBRECOXA EMP BAITA;2480945;17.99;144309;0.0
DOCE  LEITE FRIMESA CHOC;2481186;11.9;144739;0.0
FLYING HORSE 473ML;2481210;10.99;144659;0.0
CAFE PELE EF 250G;2481211;11.99;144728;0.0
CAFE PILAO 250GR TRAD AF;2481213;0.0;144728;0.0
CARREGADOR PAREDE USB UN;2481267;29.9;152426;0.0
FONE OUVIDO P2 UN;2481269;29.9;152426;0.0
CABO UNIVERSAL V8 USB UN;2481272;29.9;152426;0.0
CABO IPHONE USB UN;2481275;29.9;152426;0.0
CABO TIPO C USB UN;2481276;29.9;152426;0.0
SELECAO MILLAS CESTA C;2481930;120.0;144529;0.0
SELECAO MILLAS CESTA C;2481933;99.0;144529;0.0
SELECAO MILLAS CESTA C;2481935;53.0;144529;0.0
SELECAO MILLAS CESTA C;2481936;69.0;144529;0.0
CESTA SELECAO C;2481940;209.0;144528;0.0
CESTA SELECAO C;2481941;285.0;144528;0.0
CESTA SELECAO C;2481942;220.0;144528;0.0
CESTA SELECAO C;2481943;260.0;144528;0.0
CESTA SELECAO C;2481945;269.0;144528;0.0
CESTA SELECAO C;2481946;160.0;144528;0.0
CESTA SELECAO C;2481947;239.0;144528;0.0
CESTA SELECAO C;2481948;186.0;144528;0.0
CESTA SELECAO C;2481950;185.0;144528;0.0
CESTA SELECAO C;2481951;120.0;144528;0.0
CESTA SELECAO C;2481952;118.0;144528;0.0
CESTA SELECAO C;2481953;149.0;144528;0.0
GATORADE ZERO 350ML;2482398;4.99;144660;0.0
GATORADE 350ML ZERO;2482399;4.99;144660;0.0
BRASSUK 20GR LJA;2482413;1.15;144930;0.0
BRASSUK 20G LIMAO;2482414;1.15;144930;0.0
BRASSUK 20G TANGER;2482415;1.15;144930;0.0
GRANOLA SIAMAR  250G;2482478;0.0;144773;0.0
FLOR LIRIO VARIADO;2483972;15.0;144626;0.0
FLOR LAVANDULA;2483973;20.0;144626;0.0
FLOR KALANCHOE MINI;2483974;18.0;144626;0.0
FLOR BRINCO DE PRINCESA;2483975;25.0;144626;0.0
MINI CHICKEN SEARA  300G;2484480;10.99;144174;0.0
FRUTILAC MOR/COC 480G;2484621;5.55;144482;0.0
TREVINHO KIDS 200ML;2484627;2.5;144482;0.0
TREVINHO KIDS 200ML;2484631;2.5;144482;0.0
FANTA MISTERIO 350ML LT;2484709;4.5;144675;0.0
CAFE UNIAO LEV500PAG475G;2484903;19.9;144728;0.0
CAFE CABOCLO VACUO;2500720;20.9;144728;0.0
FERMENTADO ELEGE 480G;2563419;9.95;144479;0.0
ESPETINHO FRITO;2563525;7.99;144431;0.0
2563575;2563575;1.99;144174;0.0
BOL ANA MARIA 70G TRAD;2563698;5.99;144320;0.0
BOL ANA MARIA 70G CHOC;2563700;5.99;144320;0.0
PAO HAMB 520G PULLMAN;2563701;14.99;144320;0.0
RAP 10 198G TAPIOCA;2563702;12.99;144320;0.0
IOG PENSE ZERO 170G MAMAO;2563704;4.5;144479;0.0
DONUT 70G SABORES;2563713;7.5;144320;0.0
DONUT RING 75G CHOCOLATE;2563714;0.0;144320;0.0
DONUT RING 75G FR VERM;2563717;0.0;144320;0.0
SPRITE 510ML LEMON FRESH;2563726;4.5;144676;0.0
FANTA GUARANA 200ML;2563727;2.5;144676;0.0
REQUEIJAO CREMOSO CRIOULO;2563778;14.99;144478;0.0
CHICORIA;2563802;3.99;144122;0.0
LEITE SHEFA INTEGRAL 1L;2563811;5.45;144632;0.0
CHANDELLE NESTLE 360G CH;2563823;10.99;144313;0.0
MAC GALO 500G PARAFUSO;2563830;4.49;144780;0.0
MAC GALO 500G PENA;2563831;4.49;144780;0.0
MAC GALO 500G ARGOLA;2563832;4.49;144780;0.0
MAC GALO 500G PADRE NOSSO;2563833;4.49;144780;0.0
MAC GALO 500G AVE MARIA;2563834;4.49;144780;0.0
MAC GALO 500G ESPAGUETE 8;2563835;4.49;144780;0.0
MAC GALO 500G LINGUINE;2563836;4.49;144780;0.0
MAC GALO 500G ESPAGUETONI;2563837;4.65;144780;0.0
PEROBA 200ML ROSA;2564387;7.99;144840;0.0
ALGOD APOLO BOLA 50G;2564552;4.99;144883;0.0
HIDRAT  MONANGE 200ML;2564558;10.9;144913;0.0
DESINF PINHO BRIL 500ML;2564666;5.99;144834;0.0
DESINF PINHO BRIL 500ML;2564673;5.99;144834;0.0
BRILHANTE CUIDADO 1,6KG;2564712;23.99;144846;0.0
BRILHANTE DEICADESA 1,6KG;2564716;23.99;144846;0.0
MAC BARILLA 500G ESPAG;2564792;6.49;144780;0.0
MAC BARILLA 500G PENNE;2564793;6.49;144780;0.0
MAC BARILLA 500G PARAF;2564794;6.49;144780;0.0
MAC BARILLA 500G FETTUC;2564795;6.49;144780;0.0
BALA RECH ERLAN 500G MOR;2564847;13.99;144694;0.0
PEPSI COLA 2L TWIST;2565706;8.99;144679;0.0
AGUA LEVITY C/GAS 1,5L;2566154;4.99;144638;0.0
RACAO CATCHONI 1KG CARNE;2566187;22.9;144488;0.0
BATERIA PANASONIC MOEDA;2566228;8.99;144522;0.0
FOLHA ALUMINIO LUMIPAM;2566234;5.99;144505;0.0
CERVEJA THEREZOPOLIS;2566371;0.0;144645;0.0
CERV THEREZOPOLIS 350ML;2566440;4.99;144647;0.0
ACAI BEGUETTO 1,5L;2567021;43.9;149393;0.0
COCA COLA S/ACUCAR 200ML;2568204;2.5;144676;0.0
OLEO SOJA VITALIV 900ML;2568625;6.79;144633;0.0
SALGADO MINI FRITO KG;2568845;39.9;144431;0.0
CADERNO CAPA DURA 80FLS;2568847;13.99;144504;0.0
CADERNO CAPA DURA 80FLS;2568848;13.99;144504;0.0
LAMINA GILLETE PLATINUM;2568876;0.0;144901;0.0
SAB PROTEX 150G LP;2568878;6.49;144920;0.0
OLEO SINHA CANOLA 900ML;2568879;12.49;144777;0.0
DROPS MENTOS STICK 37,5G;2568889;2.99;144694;0.0
PIRULITO BLONG 672G;2568890;18.9;144694;0.0
FERMENTADO ACTIVIA 450G;2568893;10.99;144480;0.0
HOT WHEELS PISTA CITY;2568894;0.0;144069;0.0
FRALDA PERSONALIDADE SHOR;2568895;0.0;144908;0.0
PAO PANCO SAB MUNDO 380G;2568898;0.0;144320;0.0
ABOBRINHA ITALIA KG;2569176;2.99;144121;0.0
CEREAL NEGRESCO 200G;2569206;14.49;144729;0.0
BIOLEVE 510ML MACA VERDE;2569523;3.99;144676;0.0
BIOLEVE 510ML LIMAO;2569530;3.99;144676;0.0
BIOLEVE 510ML MEXERICA;2569534;3.99;144676;0.0
BIOLEVE 510ML LIMAO LIMAO;2569543;3.99;144676;0.0
BIOLEVE 1,5L LIMAO LIMAO;2569551;7.99;144677;0.0
BIOLEVE 1,5L LIMAO;2569557;7.99;144677;0.0
BIOLEVE 1,5L MACA VERDE;2569567;7.99;144677;0.0
BIOLEVE 1,5L MEXERICA;2569575;7.99;144677;0.0
TEMP SAZON NA MEDIDA 30G;2569637;5.45;149379;0.0
GRANOLA CAMPO VITAO 200G;2569638;0.0;144707;0.0
IOG TREVINHO 130G BANAN;2569653;4.9;144482;0.0
IOG TREVINHO 130G DENT;2569657;4.9;144482;0.0
IOG TREVO 500G PED BANAN;2569664;9.99;144482;0.0
IOG GREGO APRECIARE 90G;2569672;2.99;144482;0.0
IOG GREGO APRECIARE 90G;2569673;2.99;144482;0.0
AGUA MINERAL 20L;2569725;16.0;144638;0.0
PIMENTA CUMARI SIAMAR120G;2569801;16.99;144757;0.0
PIMENTA TABASCO 60ML JALA;2569811;21.9;144757;0.0
BOLA DE FUTEBOL;2569906;39.9;144069;0.0
CADEADO BLIESTER 30MM;2569909;26.9;144503;0.0
PASTA MODELAD SHOXX 130G;2569914;18.9;145727;0.0
OLEO SHOXX 60ML ALECRIM;2569918;10.99;144873;0.0
OLEO SHOXX 60ML AMENDOA;2569921;10.99;144873;0.0
SAB INT SAN JULLY 200ML;2569929;13.99;144918;0.0
SAB LIQ FOURLINE 500ML;2569931;13.99;144919;0.0
SAB LIQ FOURLINE 500ML;2569932;13.99;144919;0.0
SAND HAV  TOP NAUTICAL BG;2570410;57.9;144492;0.0
SABD HAV TOP NAUTICAL BGE;2570413;57.9;144492;0.0
COQUETEL DREAM 900ML;2570738;15.9;144850;0.0
DOCE  LEITE FRIMESA 400G;2570747;12.99;144739;0.0
HAVAIANAS TOP BRANCA 27/8;2570828;27.9;144492;0.0
HAVAIANAS TOP BRANCA 29/0;2570830;27.9;144492;0.0
HAVAIANAS TOP PRETA 27/8;2570835;27.9;144492;0.0
HAVAIANAS DUAL BC/CZ 41/2;2570839;67.9;144492;0.0
HAVAIANA DUAL PTO/CZ 39/0;2570842;67.9;144492;0.0
HAVAIANA DUAL PTO/CZ 41/2;2570846;67.9;144492;0.0
HAVAIANA DUAL PTO/CZ 43/4;2570849;66.9;144492;0.0
HAVAIANA DUAL VD.OL 41/2;2570852;67.9;144492;0.0
HAVAIANA DUAL VD.OL 43/4;2570855;67.9;144492;0.0
HAVAIANA ELEG  PCAFE 35/6;2570861;29.9;144492;0.0
HAVAIANA ELEG P.CAFE 39/0;2570866;29.9;144492;0.0
HAVAIANA ELEG P.RS 35/6;2570868;29.9;144492;0.0
HAVAIANA ELEG P.RS.C 37/8;2570871;29.9;144492;0.0
HAVAIANA ELEG P.RS.CL39/0;2570873;29.9;144492;0.0
HAVAIANA KDS ATHLET 29/0;2570876;35.9;144492;0.0
HAVAIANA KDS ATHLET 33/4;2570877;32.9;144492;0.0
HAVAIANA KDS CARS  27/8;2570879;43.9;144492;0.0
HAVAIANA KDS CARS 29/0;2570880;43.9;144492;0.0
HAVAIANA KDS CARS 31/2;2570881;43.9;144492;0.0
HAVAIANA KD FLORES B 27/8;2570885;35.9;144492;0.0
HAVAIANA KDS FLORESB 29/0;2570940;35.9;144492;0.0
HAVAIANA KDS FLORESB 31/2;2570942;35.9;144492;0.0
HAVAIANA KDS FLORESB 33/4;2570943;35.9;144492;0.0
HAVAIANA KDS FLORESP 27/8;2570945;35.9;144492;0.0
HAVAIANA KDS FLORESP 29/0;2570947;35.9;144492;0.0
HAVAIANA KDS FLORESP 31/2;2570949;35.9;144492;0.0
HAVAIANA KDS FLORESP 33/4;2570952;35.9;144492;0.0
HAVAIANA SLIM LILAS 35/6;2570953;41.9;144492;0.0
HAVAIANA SLIM LILAS 37/8;2570954;41.9;144492;0.0
HAVAIANA SLIM MAR. 35/6;2570956;51.9;144492;0.0
HAVAIANA SLIM MAR. 37/8;2570957;51.9;144492;0.0
HAVAIANA SLIM MAR. 39/0;2570959;51.9;144492;0.0
HAVAIANA SLIM VM. 35/6;2570960;51.9;144492;0.0
HAVAIANA TOP NAVAL 25/6;2570961;29.9;144492;0.0
HAVAIANA SLIM BG 35/6;2570962;43.9;144492;0.0
HAVAIANA SLIM BG 37/8;2570963;43.9;144492;0.0
HAVAIANA SLIM PT 37/8;2570964;43.9;144492;0.0
HAVAIANA SLIM PT 39/0;2570965;43.9;144492;0.0
HAVAIANA SLIM PT 41/2;2570966;41.9;144492;0.0
HAVAIANA SLIM RSA 37/8;2570967;41.9;144492;0.0
HAVAIANA SLIM RSA 39/0;2570968;43.9;144492;0.0
HAVAIANA SLIM PETS  35/6;2570969;45.9;144492;0.0
HAVAIANA SLIM PETS  37/8;2570970;45.9;144492;0.0
HAVAIANA SLIM PETS  39/0;2570974;45.9;144492;0.0
HAVAIANA TOP ATHL 39/0;2570978;32.9;144492;0.0
HAVAIANA TOP ATHL 41/2;2570984;32.9;144492;0.0
HAVAIANA TOP ATHL 39/0;2570985;32.9;144492;0.0
HAVAIANA TOP ATHL 41/2;2570988;32.9;144492;0.0
HAVAIANA TOP ATHL 43/4;2570991;32.9;144492;0.0
HAVAIANA TOP ATHL 39/0;2570992;32.9;144492;0.0
HAVAIANA TOP ATHL 41/2;2570995;32.9;144492;0.0
HAVAIANA TOP ATHL 43/4;2570997;32.9;144492;0.0
FLOR DINHEIRO PENCA C21;2571618;24.0;144626;0.0
FLOR CACTUS RAIZ PROP P11;2571622;13.0;144626;0.0
PROCESSADOS DO JAPA UN;2572007;5.99;144429;0.0
PETIT SUISSE TREVINHO 70G;2572056;3.45;144482;0.0
ETIT SUISSE H KITTY 70G;2572057;3.45;144482;0.0
COALHADA TREVO 130G;2572065;2.99;144482;0.0
IOG. TREVINHO  BALL 130G;2572066;4.9;144482;0.0
PIT STOP RECH TRUFADO 98G;2572251;5.95;144687;0.0
SUCO NATURAL ONE 900ML;2572555;15.9;149390;0.0
SUCO NATURAL ONE 900ML;2572557;15.9;149390;0.0
SUCO NATURAL ONE 900ML;2572558;15.9;149390;0.0
SUCO NATURAL ONE 900ML;2572560;15.9;149390;0.0
SUCO NATURAL ONE 900ML;2572564;24.9;149390;0.0
SUCO NATURAL ONE 900ML;2572567;24.9;149390;0.0
FEIJAO BCO PICININ 500G;2573229;11.9;144631;0.0
FEIJAO FRAD PICININ 500G;2573230;5.49;144631;0.0
FEIJAO VERM PICININ 500G;2573232;9.99;144631;0.0
DESPESA DE ENTREGA;2573347;5.0;144170;0.0
BOLO TOCA DO BOLO SABORES;2573652;28.9;144320;0.0
DANETTE CHOC BRANCO 180G;2573697;6.99;144480;0.0
ADESIVO DECORADO 10X24CM;2573708;3.99;144504;0.0
ADESIVO DECORADO MINNIE;2573723;10.99;144504;0.0
APONTADOR C/DEP CIS-370N;2573735;3.5;144504;0.0
TINTA GUACHE 15ML 12 COR.;2573745;12.9;144504;0.0
COLA EM BASTAO LEOLEO 21G;2573755;3.99;144504;0.0
CARIMBO PEDAG. ZOO 6 MOD;2573765;3.99;144504;0.0
CANETA MARCA TEXTO CIS;2573772;3.99;144504;0.0
GIZ DE CERA FINO 06 CORES;2573777;2.99;144504;0.0
BLOCO RECADO AUTOADESIVO;2573784;4.99;144504;0.0
BORRACHA COLORIDA TR FLAS;2573791;3.5;144504;0.0
CANETA ESF. CRISTAL AZUL;2573801;2.5;144504;0.0
CANETA ESF. DIVERT GEL;2573810;11.99;144504;0.0
MASSA MODELAR SOFT 50G;2573820;3.5;144504;0.0
MASSA MODELAR LEO 12COR.;2573827;8.5;144504;0.0
MASSA MODELAR CRIAT UNIC;2573836;13.99;144504;0.0
MASSA MODELAR CRIAT F.MAR;2573843;15.99;144504;0.0
MASSA MODELAR CRIAT DINO;2573849;15.99;144504;0.0
MALETA PINT. UNICORNIO;2573857;15.99;144504;0.0
KIT ESCOLAR ASTRONAUTA;2573868;9.99;144504;0.0
KIT ESCOLAR DINO;2573874;9.99;144504;0.0
KIT ESCOLAR DONUT;2573882;9.99;144504;0.0
KIT ESCOLAR PANDA;2573945;9.99;144504;0.0
KIT ESCOLAR PICOLE;2573952;9.99;144504;0.0
LAPIS COR RED WOW FUN;2573961;10.99;144504;0.0
LAPIS PRETO RED DECORADO;2573980;5.99;144504;0.0
LIVRO AQUABOOK UNICORNIO;2573989;15.99;144504;0.0
LIVRO AQUARELA BARBIE;2573994;10.99;144504;0.0
LIVRO AQUARELA HOT WHEELS;2573997;10.99;144504;0.0
LIVRO AQUARELA PAT CANINA;2574007;10.99;144504;0.0
LIVRO AQUARELA PRINCESAS;2574014;10.99;144504;0.0
LIVRO AQUARELA UNI/SEREIA;2574021;19.99;144504;0.0
LIVRO C/ADESIVO BICHO LHA;2574028;19.99;144504;0.0
LIVRO COLORIR AVENTURAS;2574036;8.5;144504;0.0
LIVRO C/ADESIVO TUBARAO;2574041;19.99;144504;0.0
LIVRO COLORIR PRINCESAS;2574048;6.99;144504;0.0
LIVRO COLORIR CARREGUEME;2574058;6.99;144504;0.0
LIVRO COLORIR CARREGUEME;2574067;6.99;144504;0.0
LIVRO COLORIR MEU BLOCAO;2574073;13.99;144504;0.0
LIVRO COLORIR FUNDO MAR;2574081;17.99;144504;0.0
LIVRO COLORIR KIT SEREIAS;2574088;17.99;144504;0.0
LIVRO COLORIR KIT UNICORN;2574094;17.99;144504;0.0
LIVRO COLORIR KIT DINO;2574106;17.99;144504;0.0
LIVRO COLORIR PETS;2574112;8.5;144504;0.0
LIVRO COLORIR 3 PORQUINHO;2574123;8.5;144504;0.0
LIVRO COLORIR HIST.BIBLIC;2574150;8.5;144504;0.0
LIVRO COLORIR MEU BLOCAO;2574157;13.99;144504;0.0
LIVRO COLORIR MUND PRINC;2574166;21.9;144504;0.0
FAROFA PEPOL 250G BACON;2574474;5.49;144772;0.0
FAROFA PEPOL 250G PICANTE;2574494;7.49;144772;0.0
BALA FINI TUBES 15G TWIST;2575582;1.5;144694;0.0
SORV MERLI DOCE LEITE1,8L;2575616;29.9;144498;0.0
PICOLE MERLI ABACAXI;2575623;3.0;144498;0.0
PALETA SUINA C/OSSO;2575644;18.9;144499;0.0
FRALDA PERSONALIDADE P42;2575663;27.29;144908;0.0
COPO DESC FONPLAST 500ML;2575781;15.99;144508;0.0
OCULOS DE GRAU;2575833;25.0;144503;0.0
SALG DORITOS 110G MOSTAR.;2578147;14.99;144855;0.0
PATE DE ALHO SIAMAR 190G;2578270;5.99;144755;0.0
SIA-SAL 500G;2578271;6.45;144798;0.0
PAO DE QUEIJO RECH KG;2578300;54.9;144198;0.0
CIGARRO LM FIRST CUT;2582371;7.5;144501;0.0
MAC NISSIM 85G BACON;2585954;3.45;144782;0.0
SAB LIQ KI BELLA 500ML;2586401;13.99;144919;0.0
TEMP SAZON TOQ CASEIRO32G;2586752;14.99;149379;0.0
AMACIANTE MAGGI 120G CAR;2586755;10.9;149379;0.0
AMAC CARNES SIAMAR 120G;2586758;7.45;144845;0.0
VINHO NOBEL 1,5L TINTO S;2586783;24.9;144673;0.0
VINHO JOVEN GUARDA 1L;2586788;24.9;144673;0.0
VINHO JOVEM GUARDA 1L;2586793;24.9;144673;0.0
CHEETOS ONDA 190G;2586842;14.99;144855;0.0
FANTA LARANJA 1,5L;2586849;7.99;144677;0.0
CEBOLA PALHA ADKO 70G;2586999;10.99;144857;0.0
CEBOLA PALHA ADKO 70G;2587010;10.99;144857;0.0
LIMP AZULIM 500ML BS;2587024;4.99;144839;0.0
LING CALAB  SEARA 400G;2587026;15.99;144453;0.0
LIMPA PORC AZULIM 750ML;2587063;11.99;144842;0.0
CERA POLYLAR  750ML;2587067;6.99;144842;0.0
MOLHO INGLES KENKO 150ML;2587116;5.49;144756;0.0
ACUCAR CAMPO FINO 5KG;2587419;19.49;144628;0.0
ACUCAR CAMPO FINO 1KG;2587420;4.99;144628;0.0
BOLO TRUFADO LAKA PDC;2587596;16.0;144320;0.0
BOLO OREO PDC;2587604;16.0;144320;0.0
BOLO FLORTESTA NEGRA;2587616;16.0;144320;0.0
BOLO SABORES FATIA;2587621;16.0;144320;0.0
TORTA SABORES FATIA;2587626;16.0;144320;0.0
FRUTAP 160G MORANGO;2587696;3.49;144482;0.0
COQ RECORD CACAU 960ML;2587743;21.9;144850;0.0
BOLO RECHEADO KITKAT KG;2587767;69.9;144199;0.0
COCA-COLA PET 1,5L;2587973;8.99;144677;0.0
COCA-COLA PET 1,5L S/A;2587974;8.99;144677;0.0
CHAMBINHO MRG 165G;2588129;3.99;144485;0.0
SBUX FRAPPUCCINO 280ML CL;2588345;10.99;149391;0.0
CERV HEINEKEN LN 330ML  0;2588383;7.49;144645;0.0
SBUX FRAPPUCCINO 280ML CR;2588390;10.99;149391;0.0
SBUX FRAPPUCCINO 280ML;2588399;10.99;149391;0.0
VODKA SKYY 750ML;2588993;53.9;144656;0.0
MIXED VODKA CITRUS 269ML;2588994;6.49;144656;0.0
MINI CHICLE GLOBY 11G;2588995;2.5;144694;0.0
MINI CHICLE GLOBY SACHE;2588997;2.5;144694;0.0
BRINCLETS CARTELA PRINCES;2588998;2.5;144694;0.0
BLACK RHINO CARTELA;2589000;4.99;144694;0.0
BRINCLETS FRUTAS;2589002;1.99;144694;0.0
BRINCLETS BALLS;2589003;1.99;144694;0.0
BRINCLETS OVO DINO;2589004;1.99;144694;0.0
GUMMY MANIA AZEDINHO;2589005;3.5;144694;0.0
GUMMY MANIA SAPO;2589007;3.99;144694;0.0
GUMMY MANIA E DIVERSAO;2589008;7.99;144694;0.0
CONFEITO PINTINHO PULA;2589009;14.99;144694;0.0
PIRULITO TOPFLASH MICROF;2589010;10.0;144694;0.0
PISTOLA D AGUA CANDY;2589012;15.99;144694;0.0
CHICLE TUBO RECHEADO;2589013;3.5;144694;0.0
ANIMAIS DA FAZENDA;2589014;15.99;144694;0.0
CARRINHO DINO BABY;2589015;35.99;144694;0.0
CONFEITO PONEI C/ LUZ;2589016;27.9;144694;0.0
CONFEITO BASKET C/ SOM;2589017;27.9;144694;0.0
DINO DE JOG;2589018;39.99;144694;0.0
CARRINHOS DE METAL;2589020;9.9;144069;0.0
POP LITO CARRO PINTA LING;2589021;2.5;144694;0.0
PIRULITO GIRA GIRA;2589022;7.99;144694;0.0
POP LITO CRISTAIS EXPLOS;2589023;2.5;144694;0.0
POP LITO OLHO;2589025;2.99;144694;0.0
AGUA MINERAL 5L LEVITY;2589330;0.0;144638;0.0
BEB LAC 200ML CHOCO;2589332;4.75;149391;0.0
BOLINHO AM 42G CHOCOLATE;2589337;3.5;144320;0.0
SALG TAKIS 56G CHIILI;2589342;5.99;144856;0.0
MENTOS  8,5G MINT;2589350;0.0;144694;0.0
MENTOS 8,5G SPEARMINT;2589351;2.99;144694;0.0
MENTOS 8,5G PURE FRUIT;2589352;2.5;144694;0.0
MENTOS 8,5G BLUE RASP;2589353;2.5;144694;0.0
FANTA GUARANA LT 220ML;2589354;0.0;144675;0.0
IOGURTE FRUTAP ACAI C/MOR;2589488;10.99;144482;0.0
IOG FRUTAP SALADA F 450G;2589495;6.99;144482;0.0
IOG. TREVINHO CONFEI 130G;2589534;4.35;144482;0.0
BEB  SPUNCH  S/ALC 660ML;2589872;24.9;144665;0.0
QJO RALADO HERCULES 40G;2589946;5.99;144790;0.0
AMIDO MILHO S.MONTE 500G;2589970;6.49;144732;0.0
AZEITONA SABOROSA 80G;2590094;2.99;144801;0.0
SUCO NATURAL ONE 900ML;2590139;0.0;149390;0.0
SUCO NATURAL ONE 900ML;2590143;0.0;149390;0.0
SUCO NATURAL ONE 900ML;2590144;0.0;149390;0.0
CIGARRO WINSTON SELECTED;2590152;12.0;144501;0.0
TIK TOK COLA LT 350ML;2590168;0.0;144675;0.0
TIK TOK COLA LT 350ML;2590170;0.0;144675;0.0
BOLACHINHA COBERT KG;2590687;45.9;144320;0.0
BISC TUCS 100GR CEB/SALSA;2599784;1.99;144688;0.0
PESSEGO CALDA OLE 450G;2599785;15.99;144714;0.0
SUCO LIFE GOIABA 1,7L;2600177;21.9;144348;0.0
YOPRO COCO BATATA 250G;2600196;10.99;144480;0.0
YOPRO DOCE DE LEITE 250G;2600198;10.99;144479;0.0
IOG FRUTAP 160G UVA VERDE;2600229;2.99;144482;0.0
PAO DE HAMBURGUER KG;2600352;19.9;144198;0.0
RIDER R1 CHAVES DEDO AD;2600380;39.99;144493;0.0
BOLO SECO CASEIRO UN;2600420;26.0;144320;0.0
BOLO SECO CASEIRO CHURROS;2600422;30.0;144320;0.0
CHA LEAO ICE TEA PESSEGO;2600934;7.49;144640;0.0
BALA BUTTER TOFFEES 5G;2601050;0.5;144694;0.0
BALA DIVERSAS;2601059;0.1;144694;0.0
PIRULITO DIVERSOS;2601064;1.0;144694;0.0
BROWNIE UN;2601072;9.0;144320;0.0
TRUFFA SABORES UN;2601076;6.0;144320;0.0
CIGARRO DJARUM;2601182;18.0;144501;0.0
REQUEIJAO BATAVO 400G;2601575;23.99;144478;0.0
SUCO LIFE MARACUJA 900ML;2601685;12.9;144668;0.0
FOSFORO GUARANY 10X40;2601747;1.0;144506;0.0
FITAO 45MMX45MM;2601749;8.0;144341;0.0
SACO PRESENTE M;2601846;1.99;144504;0.0
SACO PRESENTE G;2601848;2.99;144504;0.0
SACO PRESENTE P;2601849;0.0;144504;0.0
SACO PRESENTE GG;2601850;0.0;144504;0.0
PIRULITO DIPLOKO MGO 11G;2602647;2.99;144694;0.0
CHUVA DE PRATA 660ML;2602648;21.9;144648;0.0
ACESSÓRIOS CELULAR;2602819;19.99;152426;0.0
ACESSÓRIOS CELULAR;2602820;14.99;152426;0.0
ACESSÓRIOS CELULAR;2602821;24.99;152426;0.0
ACESSÓRIOS CELULAR;2602822;12.99;152426;0.0
ACESSÓRIOS CELULAR;2602825;10.0;152426;0.0
SUCO LIFE 900ML GOIABA;2603130;12.9;144668;0.0
PANCO VIDA 100% 380G;2603339;0.0;144320;0.0
CREME SKALA 1KG RAIZES;2603420;11.99;144873;0.0
ESPUMA DE PRATA 660ML;2603444;19.9;144648;0.0
DETERG PO BRILHANTE 800G;2603445;12.99;144846;0.0
PAO DE MEL BAUDUCCO 180G;2603458;10.99;144687;0.0
BALAO NEON SORTIDO MULTI;2603722;19.9;144694;0.0
BICO CONFEITAR;2603736;8.9;144341;0.0
VELA SKIN BRANCA N.0;2603746;4.99;144508;0.0
VELA SKIN BRANCA N.01;2603761;4.99;144508;0.0
VELA SKIN BRANCA N.02;2603763;4.99;144508;0.0
VELA SKIN BRANCA N.03;2603766;4.99;144508;0.0
VELA SKIN BRANCA N.04;2603768;4.99;144508;0.0
VELA SKIN BRANCA N.05;2603771;4.99;144508;0.0
VELA SKIN BRANCA N.06;2603773;4.99;144508;0.0
VELA SKIN BRANCA N.07;2603776;4.99;144508;0.0
VELA SKIN BRANCA N.08;2603777;4.99;144508;0.0
VELA SKIN BRANCA N.09;2603778;4.99;144508;0.0
ESMALTE RISQUE 8ML PINX;2603844;8.49;144924;0.0
ESMALTE RISQUE8ML DIGN;2603845;8.49;144924;0.0
ESMALTE RISQUE8ML GRITTI;2603846;8.49;144924;0.0
ESMALTE RISQUE8ML UNIVERS;2603847;8.49;144924;0.0
GELATINA SALON LINE 500G;2603848;27.9;144868;0.0
GELAT CABELO S.LINE 500G;2603849;27.9;144868;0.0
PURURUCA KELECK BACON 60G;2605246;2.99;144855;0.0
IOG LACTEA MATILAT 1,2KG;2605406;12.99;144484;0.0
COQ DA ROCA 900ML BANAN;2605508;18.9;144850;0.0
COQ DA ROCA 900ML MENTA;2605511;17.9;144850;0.0
COQ DA ROCA 900ML PACOQ;2605514;17.9;144850;0.0
COQ DA ROCA 900ML CANELA;2605518;19.9;144850;0.0
BOLO TRUFADO NINHO PDC;2605552;0.0;144320;0.0
BEB LACTEA PARMALAT WHEYF;2605674;11.49;149391;0.0
BEB LACTEA PARMALAT WHEYF;2605675;0.0;149391;0.0
BEB LACTEA ELEGE;2605692;2.65;149391;0.0
PETIT SUISSE BATAVINHO 32;2605702;9.2;144479;0.0
CAPELETTI MAGNO;2605723;0.0;144318;0.0
RONDELLI MAGNO FRANGO REQ;2605729;28.9;144318;0.0
PEPEROMIA MELANCIA C21;2605919;20.0;144626;0.0
ECHEVERIA COLOURS P06;2605922;15.0;144626;0.0
TUIA HOLANDESA P15;2605923;30.0;144626;0.0
COCA COLA 200ML;2605926;2.5;144676;0.0
AGUA LEVITY  1,5L;2605998;3.99;144638;0.0
PETISCO ITALIANO KG;2606011;39.99;144198;0.0
FREEGELLS 279G VITA C CIT;2606546;1.5;144694;0.0
FREEGELLS 27,9G VITAC PRO;2606547;1.5;144694;0.0
BEB SOJA ADES ABACAXI 1L;2607142;0.0;144636;0.0
ESTRELLA GALICIA 330ML;2607148;5.99;144645;0.0
BATATA FABITOS 35G NATURA;2607379;3.99;144855;0.0
CHOC HERSHEYS 77G CARAMEL;2607615;7.49;144699;0.0
PAO F. VISCONTI 400G INT;2607943;7.99;144320;0.0
WHISKY OLD EIGHT 900ML;2608635;39.9;144658;0.0
REFRIG SUKITA 2L LIMAO;2608699;6.75;144679;0.0
CHOC CARIBE 28G;2608870;3.5;144699;0.0
CHOC CROCANTE  25G;2608875;3.5;144699;0.0
CHOC PRESTIGIO 90G;2608879;9.99;144699;0.0
TINTURA COR TON 5.777;2609699;16.9;144867;0.0
TINTURA COR TON 6.41;2609701;16.9;144867;0.0
AGENDA 2025 LIGHT ESP;2609931;22.99;144504;0.0
BLOCO FICHARIO 96FLS;2609932;98.9;144504;0.0
CANETA BIC PONTA POROSA;2609933;35.99;144504;0.0
CANETA MARCA TEXTO CIS LU;2609934;22.99;144504;0.0
FICHARIO CARTONADO STITCH;2609937;139.9;144504;0.0
LAPIS PRETO SEXTAVADO;2609938;10.99;144504;0.0
KIT ESCOLAR STITCH;2609939;25.99;144504;0.0
GUARDANAPO MILLAS;2610128;5.99;144291;0.0
DROPS HALLS 28G UVA VERDE;2610168;1.99;144694;0.0
PIRULITO PLUTONITA PEQ;2610188;0.5;144694;0.0
WAFER BAUDUCCO PISTACHE;2610276;3.99;144691;0.0
PEQUI AROMA DMINAS 300G;2610303;25.9;144803;0.0
PIMENTA CUMARI VERDE 200G;2610307;22.9;144797;0.0
PIMENTA BAIANEIRA 170G;2610309;22.9;144797;0.0
PIMENTA MALAGUETA 120G;2610310;22.9;144797;0.0
SOJA EM GRAOS PEPOL 500G;2612412;8.49;144773;0.0
MAC GALO INTEGRAL 500G;2612416;6.9;155382;0.0
BRINQUEDOS JC;2613103;29.99;144069;0.0
BRINQUEDOS JC;2613104;19.99;144069;0.0
BRINQUEDOS JC;2613106;44.99;144069;0.0
BRINQUEDOS JC;2613110;27.99;144069;0.0
BRINQUEDOS JC;2613114;34.99;144069;0.0
BRINQUEDOS JC;2613130;39.99;144069;0.0
BOLACHINHA ROMEU JULIETA;2613169;39.9;144320;0.0
DANETTE 90G DOCE LEITE;2614413;2.99;144480;0.0
DANETTE 90G AVELA;2614416;2.99;144480;0.0
IOG FRUTAP GREGO 90G FV;2614439;2.49;144482;0.0
STEMPEL 600ML BLACK;2614681;11.49;144649;0.0
FEIJAO BCO S.BAHIA 500G;2617909;0.0;144631;0.0
ARROZ RISOTO EMPORIO 500G;2618055;17.99;144629;0.0
PAPEL ALUMINIO BRICOFLEX;2618072;9.99;144505;0.0
ADESIVOS DEC. 10X24CM;2618392;3.99;144504;0.0
ADESIVOS DEC. 10X24C;2618395;3.99;144504;0.0
APONTADOR COM DEPOSITO;2618396;5.99;144504;0.0
BORRACHA DECORADA;2618398;3.99;144504;0.0
AQUARELA ESCOLAR LEO;2618400;14.99;144504;0.0
BONECA MEU BEIJINHO BABY;2618401;29.99;144069;0.0
CANETA CRISTAL FASHION;2618403;2.99;144504;0.0
CANETA GEL HAPPY 0.7MM;2618406;2.99;144504;0.0
TESOURA ESCOLAR KIDS;2618419;5.99;144504;0.0
BRINQUEDO DIVERSO CELULAR;2618431;18.99;144069;0.0
BRINQUEDO IOIO COM LUZ;2618432;14.99;144069;0.0
BRINQ OVO SURPRESA UNICOR;2618434;19.99;144069;0.0
CANETA HIDROGRAFICA NEO-P;2618436;14.99;144504;0.0
CANETA MARCA TEXTO MINI;2618437;4.99;144504;0.0
CARRINHO FORMULA 1;2618438;14.99;144069;0.0
CUBO MAGICO PRINCESAS;2618439;9.99;144069;0.0
KIT ESCOLAR FUNDO MAR;2618440;9.99;144504;0.0
DOCE RING POP TRADICIONAL;2618441;3.99;144694;0.0
DOCE SPRING POP 3 SABORES;2618442;3.99;144694;0.0
LAPIS PRETO RED NEON POP;2618443;2.99;144504;0.0
SKATE DE DEDO STREET;2618446;9.99;144069;0.0
LAPISEIRA 0.7MM URSINHOS;2618447;6.99;144504;0.0
QUEBRA-CABECA PRINCESAS;2618448;9.99;144069;0.0
QUEBRA-CABECA PATR CANINA;2618450;9.99;144069;0.0
QUEBRA-CABECA PETIT LEAO;2618451;9.99;144069;0.0
QUEBRA-CABECA PETIT;2618453;9.99;144069;0.0
MASSA MODELAR SOFT;2618455;4.99;144504;0.0
MASSA MODELAR CRIATIVA;2618458;17.99;144504;0.0
MASSA MODELAR CRIATIVA;2618460;17.99;144504;0.0
MASSA MODELAR CRIATIVA;2618462;17.99;144504;0.0
LIVRO AQUABOOK CV;2618465;19.99;144504;0.0
LIVRO AQUABOOK 3P;2618467;19.99;144504;0.0
LIVRO AQUABOOK D;2618469;13.99;144504;0.0
LIVRO AQUARELA UNICOR;2618471;13.99;144504;0.0
LIVRO AQUARELA PATRULHA;2618473;13.99;144504;0.0
LIVRO AQUARELA UNICOR;2618477;13.99;144504;0.0
LIVRO C/ ADESIVOS ANIMAIS;2618481;18.99;144504;0.0
LIVRO C/ADESIVOS PRINCESA;2618483;18.99;144504;0.0
LIVRO INFANTIL COLORIR;2618485;16.99;144504;0.0
LIVRO INFANTIL COLORIR;2618488;16.99;144069;0.0
LIVRO INFANTIL COLORIR;2618489;17.99;144504;0.0
LIVRO INFANTIL COLORIR;2618491;8.99;144504;0.0
LIVRO INFANTIL COLORIR;2618493;9.9;144504;0.0
JABOTI 2L COLA ZERO;2634238;5.49;144679;0.0
PEPSI BLACK 1,5L S/ACUCAR;2634581;7.95;144677;0.0
BEATS SENSES LT 269ML;2634584;6.45;144808;0.0
LINGUICA SUINA FRIMESA KG;2634681;19.49;144296;0.0
MOLHO P. CASEIRO TCHETTO;2634686;0.0;144757;0.0
MOLHO P. TCHETTO 500ML;2634690;0.0;144757;0.0
FRISCO 18G GUARANA;2634696;1.49;144930;0.0
FRISCO 18G GOIABA;2634698;1.49;144930;0.0
FRISCO 18G MARAC IOG;2634699;1.49;144930;0.0
FRISCO 18G CAJA;2634701;1.49;144930;0.0
FRISCO 18G BAUN LIMAO;2634702;1.49;144930;0.0
BALA PIPPER HORTELA 600GR;2634718;12.99;144694;0.0
MAGUARY 1L MACA;2634906;6.99;144669;0.0
LIMP AZULIM 1L TERNURA;2635460;8.99;144839;0.0
MULTIUSO AZULIM 500ML;2635461;4.99;144839;0.0
ACAI MERLI 1,02KG COM MGO;2635462;24.9;149393;0.0
CHOCOTRIO PRESTIGIO 90G;2635464;9.9;144699;0.0
POTY 250ML GUARANA;2635465;1.99;144676;0.0
FRALDA PERSONALIDADE G28;2635466;36.99;144908;0.0
HARPIC PINHO 5UN;2653484;9.9;144836;0.0
AMEIXA LA VIOLETERA 100G;2654861;10.99;144693;0.0
TOALHA PAPEL KITCHEN 2UN;2655030;8.49;144509;0.0
COPA LOMBO REAL TEMP KG;2658843;36.9;144499;0.0
FILE MIGNON REAL TEMP KG;2658924;37.9;144499;0.0
LOMBO REAL TEMP KG;2658977;36.9;144499;0.0
PANCETA REAL TEMP KG;2659022;44.9;144499;0.0
PERNIL REAL TEMP KG;2659092;41.9;144499;0.0
PICANHA SUINA REAL KG;2659254;39.9;144499;0.0
DESINF  PATO GEL 500ML;2674497;16.99;144834;0.0
DESINF PATP GEL 500ML;2674499;16.99;144834;0.0
SH TRALALA KIDS 480ML;2674601;15.99;144906;0.0
ACHOC PO MUKY 400GR SC;2674611;5.99;144727;0.0
VINHO PALMEIRAS 750ML;2674612;14.99;144673;0.0
LAVA ROUPAS NETZ 400G;2674896;6.99;144846;0.0
AMAC NETZ 2L AZUL;2674897;7.99;144845;0.0
TOALHA PAP MILI GRAN CHEF;2674898;21.9;144509;0.0
MANT PRESIDENTE 200G SAL;2675303;20.9;144464;0.0
CHUPETA NINA AZUL;2675408;9.9;144328;0.0
CHUPETA NINA ROSA;2675410;9.9;144328;0.0
COPO SUCO AGUA NINA 140ML;2675412;19.9;144328;0.0
COPO NINA SUCO AGUA 140ML;2675414;19.9;144328;0.0
CHUPETA MINI AMERCANA;2675416;8.99;144328;0.0
SAB LIQ YPE MACA E FRAMB;2675480;6.99;144919;0.0
CORDA VARAL ACO 10M;2675539;3.99;144356;0.0
AMAC COMFORT 1,8 ROSA;2675546;24.9;144845;0.0
LISANTE HAIRLIFE CACHOENA;2675549;15.99;144873;0.0
CR KANECHOMN 1KG;2675552;9.9;144873;0.0
DESOD MONGE ESPORTE 150;2675579;11.9;144876;0.0
DESOD OLD SPICE 150ML;2675788;18.99;144876;0.0
DESOD OLD SPICE 150ML;2675789;18.99;144876;0.0
DESOD OLD SPICE 150ML;2675791;18.99;144876;0.0
DESOD OLD SPICE 150ML;2675792;18.99;144876;0.0
BALA DURA SWEET KISS 500G;2675880;12.99;144694;0.0
BALA TRIBALA 500GR UVA;2675882;16.99;144694;0.0
BALA TRIBALA 500GR CEREJA;2675883;16.99;144694;0.0
BALA TRIBALA 500GR FRAMB;2675885;16.99;144694;0.0
CR PENTEAR TRALALA 300ML;2676005;15.9;144906;0.0
TINTURA KOLESTON 6646;2676055;27.9;144867;0.0
SH TRALALA 480ML MENINA;2676058;13.99;144906;0.0
SH TRALALA 480ML NUTRIK;2676061;13.99;144906;0.0
SH TRESEMME 400ML;2676063;24.99;144870;0.0
SAND HAVAIANAS 39/0;2676088;44.9;144492;0.0
SAND HAVAIANAS 41/2;2676090;39.9;144492;0.0
ENXAG COLGATE MINIONS;2676104;22.9;144888;0.0
LISTERINE 250ML MELANCIA;2676107;17.99;144888;0.0
LISTERINE 250ML ANTICARIE;2676139;24.99;144888;0.0
BISC CHOCO BISCUIT 36G;2676162;3.5;144689;0.0
AVEIA NESTLE 170G F.FINO;2676165;6.49;144707;0.0
CHOC PO DONA JURA 200G;2676168;12.99;144727;0.0
CORANTE GUARANI 40G;2676173;4.99;144849;0.0
CORANTE GUARANY 40G;2676174;4.99;144849;0.0
CHOC GRAN DONA JURA 130G;2676323;4.99;144739;0.0
LIMP YPE MULTIUSO 500ML;2676332;4.99;144839;0.0
MIST BOLO D.BENTA 450G;2676336;8.79;144736;0.0
MIST BOLO D.BENTA 450G;2676342;8.79;144736;0.0
ASSADEIRA ALUMINIO WYDA;2676345;10.99;144505;0.0
ASSADEIRA ALUMINIO WYDA;2676352;10.99;144505;0.0
MASSA LASANHA RENATA 500G;2676359;10.99;144784;0.0
ASSADEIRA ALUMINIO WYDA;2676360;14.99;144505;0.0
SAND HAVAIANAS ALOHA;2676418;42.9;144492;0.0
SAND HAVAIANAS ALOHA;2676419;42.9;144492;0.0
SAND HAVAIANAS BABY;2676420;46.9;144492;0.0
SAND HAVAIANAS BABY;2676421;46.9;144492;0.0
SAND HAVAIANAS BABY;2676427;46.9;144492;0.0
SAND HAVAIANAS BABY;2676428;46.9;144492;0.0
SAND HAVAIANAS BABY;2676429;46.9;144492;0.0
SAND HAVAIANAS BABY;2676431;46.9;144492;0.0
SAND HAVAIANAS BABY;2676433;46.9;144492;0.0
SAND HAVAIANAS BABY;2676434;46.9;144492;0.0
SAND HAVAIANAS BABY;2676435;46.9;144492;0.0
SAND HAVAIANAS BABY;2676436;46.9;144492;0.0
SAND HAVAIANAS BABY;2676438;46.9;144492;0.0
SAND HAVAIANAS BABY;2676439;46.9;144492;0.0
SAND HAVAIANAS BABY;2676441;46.9;144492;0.0
SAND HAVAIANAS BRASIL;2676442;46.9;144492;0.0
SAND HAVAIANAS BRASIL;2676443;46.9;144492;0.0
SAND HAVAIANAS DUAL;2676446;67.9;144492;0.0
SAND HAVAIANAS SLIM;2676448;43.9;144492;0.0
SAND HAVAIANAS SLIM;2676450;45.9;144492;0.0
SAND HAVAIANAS SLIM;2676452;49.9;144492;0.0
SAND HAVAIANAS SLIM;2676455;43.9;144492;0.0
SAND HAVAIANAS DC LOGO;2676525;45.9;144492;0.0
SAND HAVAIANAS DC LOGO;2676526;45.9;144492;0.0
SAND HAVAIANAS DC LOGO;2676527;45.9;144492;0.0
SAND HAVAIANAS DISNEY;2676528;59.9;144492;0.0
SAND HAVAIANAS DISNEY;2676529;59.9;144492;0.0
SAND HAVAIANAS DISNEY;2676533;59.9;144492;0.0
SAND HAVAIANAS DISNEY;2676534;59.9;144492;0.0
SAND HAVAIANAS F.URBAN;2676537;58.9;144492;0.0
SAND HAVAIANAS F.URBAN;2676539;58.9;144492;0.0
SAND HAVAIANAS F.URBAN;2676540;58.9;144492;0.0
SAND HAVAIANAS K.ATHLET;2676543;35.9;144492;0.0
SAND HAVAIANAS K.ATHLET;2676545;35.9;144492;0.0
SAND HAVAIANAS K.ATHLET;2676548;35.9;144492;0.0
SAND HAVAIANAS K.ATHLET;2676551;35.9;144492;0.0
SAND HAVAIANAS TOP;2676553;31.9;144492;0.0
SAND HAVAIANAS TOP;2676554;31.9;144492;0.0
SAND HAVAIANAS TOP;2676556;31.9;144492;0.0
SAND HAVAIANAS URBAN TECH;2676558;65.9;144492;0.0
SAND HAVAIANAS URBAN TECH;2676560;65.9;144492;0.0
SAND HAVAIANAS TOP DISNEY;2676563;47.9;144492;0.0
SAND HAVAIANAS TOP DISNEY;2676565;47.9;144492;0.0
SAND HAVAIANAS TOP DISNEY;2676566;47.9;144492;0.0
SAND HAVAIANAS TOP HEROIS;2676567;62.9;144492;0.0
SAND HAVAIANAS TRACK WAVE;2676571;45.9;144492;0.0
SAND HAVAIANAS TRACK WAVE;2676573;45.9;144492;0.0
SAND HAVAIANAS TRACK WAVE;2676577;45.9;144492;0.0
SAND HAVAIANAS TRACK WAVE;2676579;45.9;144492;0.0
SAND HAVAIANAS K.CARS;2676585;42.9;144492;0.0
SAND HAVAIANAS K.CARS;2676588;42.9;144492;0.0
SAND HAVAIANAS K.CARS;2676590;42.9;144492;0.0
SAND HAVAIANAS K.MINECRAF;2676592;51.9;144492;0.0
SAND HAVAIANAS K.MINECRAF;2676596;51.9;144492;0.0
SAND HAVAIANAS K.MINECRAF;2676598;51.9;144492;0.0
SAND HAVAIANAS K.MINECRAF;2676603;51.9;144492;0.0
SAND HAVAIANAS K.MINECRAF;2676604;51.9;144492;0.0
SAND HAVAIANAS SLI.BRANCO;2676605;39.9;144492;0.0
SAND HAVAIANAS SLI.BRANCO;2676607;39.9;144492;0.0
SAND HAVAIANAS SLI.BRANCO;2676608;39.9;144492;0.0
SAND HAVAIANAS K.SLIM;2676609;51.9;144492;0.0
SAND HAVAIANAS K.SLIM;2676611;51.9;144492;0.0
SAND HAVAIANAS K.SLIM;2676612;51.9;144492;0.0
SAND HAVAIANAS K.SLIM;2676616;51.9;144492;0.0
SAND HAVAIANAS K.SLIM;2676619;51.9;144492;0.0
SAND HAVAIANAS K.SLIM;2676622;51.9;144492;0.0
SAND HAVAIANAS K.SLIM;2676623;51.9;144492;0.0
SAND HAVAIANAS K.SLIM;2676624;51.9;144492;0.0
SAND HAVAIANAS K.SLIM;2676625;51.9;144492;0.0
SAND HAVAIANAS K.SLIM;2676627;51.9;144492;0.0
SAND HAVAIANAS K.SLIM;2676628;51.9;144492;0.0
SAND HAVAIANAS SLI AREIA;2676631;39.9;144492;0.0
SAND HAVAIANAS SLI AREIA;2676634;39.9;144492;0.0
SAND HAVAIANAS SLI AREIA;2676640;39.9;144492;0.0
SAND HAVAIANAS SLIM ANIM.;2676643;43.9;144492;0.0
SAND HAVAIANAS SLIM ANIM.;2676645;43.9;144492;0.0
SAND HAVAIANAS SLIM GLOSS;2676646;43.9;144492;0.0
SAND HAVAIANAS SLIM GLOSS;2676647;43.9;144492;0.0
SAND HAVAIANAS SLIM ANIM.;2676648;43.9;144492;0.0
SAND HAVAIANAS SLIM ANIM.;2676650;43.9;144492;0.0
SAND HAVAIANAS SLIM ANIM.;2676652;43.9;144492;0.0
SAND HAVAIANAS SLIM ANIM.;2676657;43.9;144492;0.0
SAND HAVAIANAS SLI.MARINH;2676660;43.9;144492;0.0
SAND HAVAIANAS SLI.PESSEG;2676663;43.9;144492;0.0
SAND HAVAIANAS SLI.PESSEG;2676669;43.9;144492;0.0
SAND HAVAIANAS SLI.LILAS;2676678;43.9;144492;0.0
SAND HAVAIANAS SLI.CINZA;2676680;43.9;144492;0.0
SAND HAVAIANAS SLI.BUTTER;2676683;43.9;144492;0.0
SAND HAVAIANAS SLI.BUTTER;2676686;43.9;144492;0.0
SAND HAVAIANAS SLI.BUTTER;2676689;43.9;144492;0.0
SAND HAVAIANAS SLI.ROSA;2676694;43.9;144492;0.0
SAND HAVAIANAS SLI.ROSA;2676696;43.9;144492;0.0
SAND HAVAIANAS SLI.ROSE;2676699;43.9;144492;0.0
SAND HAVAIANAS SLI.VD.;2676702;43.9;144492;0.0
SAND HAVAIANAS SLI.PRETO;2676704;43.9;144492;0.0
SAND HAVAIANAS SLI.PRETO;2676705;43.9;144492;0.0
SAND HAVAIANAS SLI.PRETO;2676706;43.9;144492;0.0
SAND HAVAIANAS SLI.PRETO;2676707;43.9;144492;0.0
FIO DENTAL JOHNSON 100MTS;2676781;16.99;144890;0.0
OLEO COMP OLIVIA 500ML;2676790;15.99;144776;0.0
BALA FREEGELLS 475G EUCAL;2676799;8.99;144694;0.0
BALA FREEGELLS 475G EXTRA;2676807;8.99;144694;0.0
BALA FREEGELLS 475G CEREJ;2676812;8.99;144694;0.0
BALA FREEGELLS 475G MENTA;2676821;8.99;144694;0.0
BALA FREEGELLS 475G HORTE;2676824;8.99;144694;0.0
BALA FREEGELLS 475G SORT;2676827;8.99;144694;0.0
BALA FREEGELLS 475G SORT;2676828;8.99;144694;0.0
BALA FREEGELLS 475G SORT;2676830;8.99;144694;0.0
ABS INTIMUS GEL SUAVE C/A;2676833;10.99;144892;0.0
FRALDA DESC T MONICA G;2677194;21.9;144908;0.0
FRALDA DESC T MONICA XXG;2677197;21.9;144908;0.0
CESTA DE NATAL 1;2677326;72.0;144859;0.0
CESTA DE NATAL 2;2677327;63.0;144859;0.0
CESTA DE NATAL 3;2677328;84.0;144859;0.0
CESTA DE NATAL 4;2677329;87.0;144859;0.0
CESTA DE NATAL 5;2677330;83.0;144859;0.0
CESTA DE NATAL 6;2677331;79.0;144859;0.0
CESTA DE NATAL 7;2677332;62.0;144859;0.0
CESTA DE NATAL 8;2677333;79.0;144859;0.0
CESTA DE NATAL 9;2677335;130.0;144859;0.0
CESTA DE NATAL 10;2677336;53.0;144859;0.0
CESTA DE NATAL 11;2677339;68.0;144859;0.0
CESTA DE NATAL 12;2677340;58.0;144859;0.0
CESTA DE NATAL 13;2677341;53.0;144859;0.0
CESTA DE NATAL 14;2677342;72.0;144859;0.0
CESTA DE NATAL 15;2677343;69.0;144859;0.0
CESTA DE NATAL 16;2677344;89.0;144859;0.0
CESTA DE NATAL 17;2677345;65.0;144859;0.0
CESTA DE NATAL 18;2677346;64.0;144859;0.0
CESTA DE NATAL 19;2677347;90.0;144859;0.0
CESTA DE NATAL KIDS;2677348;57.0;144859;0.0
CHOC TRENTO 29G AVELAS;2682133;2.75;144699;0.0
CHOC TRENTO 29G CHOC;2682135;2.75;144699;0.0
CHOC TRENTO 29G BRANCO;2682136;2.75;144699;0.0
CHOC TRENTO 29G MILK;2682137;2.75;144699;0.0
CHOC TRENTO 29G DARK;2682138;2.75;144699;0.0
CHOC TRENTO 29G DUO;2682142;2.75;144699;0.0
CHOC TRENTO 29G TRUFA;2682143;2.75;144699;0.0
CHOC TRENTO 29G MRGO;2682144;2.75;144699;0.0
CHOC TRENTO 29G MOUSSE;2682145;2.75;144699;0.0
CHOC TRENTO 29G TORTA;2682146;2.75;144699;0.0
GUARANA ANTARCTICA 200ML;2682293;2.5;144676;0.0
VINAGRE BELMONT ALCOOL CO;2682488;0.0;144799;0.0
ESMALTE IMPALA 7,5ML BL;2682549;5.49;144924;0.0
ESMALTE IMPALA 7,5ML BL;2682551;8.49;144924;0.0
ACHOC PO NESCAU 33% -;2682555;16.99;144727;0.0
CHANTILLY FLEISCHMANN;2682556;29.9;144739;0.0
CR SKALA 1KG VINAGRE MAC;2682561;10.99;144871;0.0
DESOD ANT MOOD 150ML;2682666;11.99;144876;0.0
DESOD ANT MOOD 150ML;2682669;11.99;144876;0.0
DESOD ANT MOOD 150ML;2682670;11.99;144876;0.0
DESOD ANT MOOD 150ML;2682673;11.99;144876;0.0
MAMADEIRA PREMIUM 240ML;2682677;25.9;144328;0.0
PASTA  SHOXX CARAMELO130G;2682680;18.9;145727;0.0
HASTE FLEX C LINE HIGIE;2682684;5.99;144893;0.0
PINCEL BARBA WELLMIX;2682686;11.99;144903;0.0
SOMBRINHA INFANTIL;2682701;31.9;157428;0.0
MARILAN TORTINHA BOMBOM;2682741;9.9;144689;0.0
BISC MARILAN TORT BOMBOM;2682742;4.45;144689;0.0
MARSHMALLOWS FINI 80G FON;2682773;8.49;144694;0.0
DESOD NIVEA AERO 89G;2682792;15.99;144876;0.0
DESOD NIVEA BLACK PEARL;2683052;15.99;144876;0.0
CAPELETTI MAGNO 400G QJO;2683208;22.9;144318;0.0
CAPELETTI MAGNO 400G FGO;2683214;22.9;144318;0.0
BEBEZINHO PANCO 35G;2683271;2.99;144320;0.0
CERV 1906 RESEVA ESP355ML;2683274;8.95;144647;0.0
CARVAO MATAO 10KG;2683389;52.9;144507;0.0
GFA PLAST STIRCH PET;2683994;24.9;144341;0.0
LANCHEIURA STITCH;2683997;105.99;144504;0.0
MOCHILA STITCH;2683998;255.0;144504;0.0
MOCHILA STITCH AZUL;2684003;265.0;144504;0.0
BOLACHINHA ROSCA;2684238;29.9;144320;0.0
REP SAI INSETO 200ML;2684312;18.9;144927;0.0
FAROFA SIAMAR COSTELA250G;2689680;6.99;144772;0.0
MAC CUP NOODLES 68G NACH;2689711;5.99;144782;0.0
COGUMELO TOZZI SACHE 130G;2689912;6.99;144803;0.0
LEITE FERMENTADO FRUTAP;2690157;8.75;144482;0.0
BISCOITO OREO 36G CHOC;2690411;2.5;144687;0.0
BISCOITO OREO 36G ORIG;2690413;2.5;144687;0.0
PANETONE FESTTONE 400G CH;2690416;9.9;144858;0.0
PANETONE FESTTONE 400G FR;2690420;9.9;144858;0.0
LINGUICA SUINA SADIA KG;2690434;20.99;144296;0.0
BISC RANCHEIRO ROSQ 300G;2691187;3.49;144684;0.0
BISC RANCHEIRO ROSQ 500G;2691208;5.75;144684;0.0
NOZES JOAO E MARIA 100G;2691291;19.9;144710;0.0
AGENDA 2025 COMERCIAL;2695112;69.9;144504;0.0
ESTOJO SIMPLES ARIEL;2695114;35.9;144504;0.0
GARRAFA PLASTICA PRINCESA;2695116;31.99;144328;0.0
MOCHILA INFANTIL COM RODA;2695118;232.9;144504;0.0
COSTELINHA SUINA REAL KG;2695141;41.9;144499;0.0
SALG MINI ASSADO KG;2695207;59.9;144430;0.0
TOALHA PANO SCOTT 58FLS;2695208;13.99;144509;0.0
ESPUMA DE PRATA 660ML;2695209;18.99;144648;0.0
ROLLER COLA PET 250 ML;2695210;1.99;144676;0.0
BLOCO EDUCACAO ARTISTICA;2695211;17.9;144504;0.0
BORRACHA COLORIDA TR;2695212;3.5;144504;0.0
LIVRO INFANTIL COLORIR;2695213;21.9;144504;0.0
TINTA GUACHE 15ML 6 COR;2695214;6.5;144504;0.0
PAPEL SULFITE A3  25FLS.;2695215;12.99;144504;0.0
LIVRO INFANTIL COLORIR;2695216;0.0;144504;0.0
LIVRO INFANTIL COLORIR;2695217;0.0;144504;0.0
LIVRO INFANTIL COLORIR;2695218;0.0;144504;0.0
LIVRO INFANTIL COLORIR;2695219;21.9;144504;0.0
LIVRO INFANTIL COLORIR;2695220;16.99;144504;0.0
LIVRO INFANTIL COLORIR;2695221;16.99;144504;0.0
LIVRO INFANTIL COLORIR;2695222;16.99;144504;0.0
LIVRO INFANTIL COLORIR;2695223;16.99;144504;0.0
LIVRO INFANTIL COLORIR;2695224;10.9;144504;0.0
LIVRO INFANTIL COLORIR;2695225;10.9;144504;0.0
LIVRO AQUABOOK CARROS;2695226;20.9;144504;0.0
LIVRO AQUABOOK PRINCESAS;2695227;20.9;144504;0.0
LIVRO AQUARELA BCA NEVE;2695228;13.99;144504;0.0
LIVRO AQUARELA 3 PIGS;2695229;13.99;144504;0.0
LIVRO AQUARELA  VOLTA MUN;2695230;13.99;144504;0.0
CADERNO CAPA DURA LIKE;2695231;15.5;144504;0.0
CADERNO BROCHURA  CAPA D;2695232;18.9;144504;0.0
ESTOJO BOX PVC PRETO;2695233;77.9;144504;0.0
CARIMBO PEDAGOGICO;2695234;3.99;144504;0.0
ESTOJO BOX PVC CRISTAL;2695235;77.9;144504;0.0
ESTOJO BOX PVC LILAS;2695236;77.9;144504;0.0
CADERNO BROCHURAO CAPA;2695237;14.9;144504;0.0
CANETA HIDROGRAFICA;2695238;16.99;144504;0.0
CANETA HIDROGRAFICA;2695239;9.5;144504;0.0
CANETA CORRETIVA TRIS;2695240;11.9;144504;0.0
CADERNO BROCHURAO CAPA;2695241;16.9;144504;0.0
LAPIS DE COR SEXTAVADO;2695242;29.9;144504;0.0
LAPIS DE COR TRIANGULAR;2695243;31.5;144504;0.0
LAPIS DE COR SEXTAVADO;2695244;29.9;144504;0.0
KIT ESCOLAR GAME HB;2695245;9.99;144504;0.0
LAPIS DE COR TRIANGULAR;2695246;14.5;144504;0.0
LAPIS DE COR TRIANGULAR;2695247;1.5;144504;0.0
BATATA BEM BRASIL 1,5KG;2695854;28.9;144173;0.0
PATE BIQUINHO JUCA 200G;2695859;13.99;144765;0.0
PAPELITO TRADIC  KING;2695873;2.99;144501;0.0
BOLINHO ANA MARIA 70GCHOC;2695887;5.99;144198;0.0
REQ VIGOR LIGHT 400G;2695958;24.9;144478;0.0
COENTRO MOIDO PEPOL 15GR;2696679;3.75;144770;0.0
CHOC DIAMANTE NEGRO 34G;2696738;3.99;144699;0.0
CHOC LACTA AO LEITE 34G;2696740;3.99;144699;0.0
CHOC LACTA LAKA  34G;2696741;3.99;144699;0.0
CESTA PRATIKA;2697180;479.0;144527;0.0
SELEÇÃO MILLAS C;2697679;0.0;144527;0.0
COUVE FLOR UN;2697720;9.9;144121;0.0
CARAMBOLA KG;2697813;15.99;144120;0.0
NOZES SEM CASCA KG;2697896;99.99;144317;0.0
ALFAJOR ALPINO 40G;2698307;4.5;144687;0.0
ALFAJOR NEGRESCO 40G;2698309;4.5;144687;0.0
ALFAJOR KITKAT40G;2698310;4.5;144687;0.0
ALFAJOR OVOMALTINE 40G;2698311;4.5;144687;0.0
CESTA NATAL CASA MUSICAL;2698375;89.0;144530;0.0
CESTA NATAL 20 PDV;2698391;89.0;144530;0.0
CESTA NATAL 20 PDV;2698395;89.0;144527;0.0
FILTRADO CELEBRATE 660ML;2698552;9.99;144648;0.0
APERITIVO APEROL 750ML;2699821;82.9;144639;0.0
SAB TRIEX PREMIUM 900G;2700362;10.75;144848;0.0
CAIXA RATTAN 40L PRETO;2700404;57.9;144341;0.0
LEITE ITALAC DESNAT 1L;2700423;3.99;144632;0.0
AGUA DAFLORA 1,5L C/GAS;2700737;3.99;144638;0.0
BANHEIRA INFANTIL 35L ROS;2700793;47.9;144328;0.0
SALEIRO 500ML PRETO;2700800;12.99;144394;0.0
PORTA FILTRO CAFE;2700801;7.99;144394;0.0
JARRA 1L DIAMANTE;2700809;52.9;144394;0.0
JARRA MEDIADORA 1L;2700813;35.9;144394;0.0
LIXEIRA C PEDAL 05L INOX;2700824;87.9;144345;0.0
VASO DIAMOND 14,5CM X 11;2700826;29.9;144502;0.0
POTICHE CORACAO;2700831;15.9;144341;0.0
CJ DISPENSER E RECIPIENTE;2700836;24.9;144341;0.0
SUPORTE PARA BOTIJAO;2700843;9.9;144341;0.0
COLHER PARA SUCO 30CM;2700846;4.99;144394;0.0
FACA PRO DESIGN 6 26,8 CM;2700848;20.9;144394;0.0
FACA PRO DESIGN 8 32,8 CM;2700853;32.9;144394;0.0
PET KIT ORG GIRE TRAVE C4;2700857;21.9;144326;0.0
PET KIT ORG GIRE TRAVE C4;2700859;30.9;144326;0.0
RODO PLASUTIL;2700862;24.9;144345;0.0
BULE TERMICO 500ML INOX;2700870;132.9;144190;0.0
LIXEIRA SANREMO 30LTS;2700873;66.9;144345;0.0
FLIPTOP ISOTERMICO 2,5L;2700893;56.9;144190;0.0
FLIPTOP TERMOLAR 2,5L;2700902;56.9;144190;0.0
CAIXA TERMICATERMOLAR;2700903;115.9;144190;0.0
DISPENSER SLIM 500ML PRET;2700907;22.9;144345;0.0
DISPENSER UZ SLIM 500ML;2700910;22.9;144345;0.0
LIXEIRA DE PIA UZ SLIM;2700912;19.9;144345;0.0
BRICO  TESOURA WESTERN;2700914;0.0;144341;0.0
PORTA PAO NITRONPLAST;2700916;0.0;144394;0.0
COPO NADIR CAIRO 350 ML;2700918;6.99;144394;0.0
CJ ASSADEIRA NADIR RETANG;2700922;0.0;144193;0.0
GALHETEIRO 100ML SPRAY;2700924;0.0;144341;0.0
QUEIJEIRA IMPERIAL GDE;2700926;0.0;144394;0.0
MULTIUSO UZ MULTI RET 3L;2700930;0.0;144341;0.0
PATE DE FRANGO;2701144;36.9;157065;0.0
PATE DE FRANGO;2701151;38.9;157065;0.0
APERITIVO DE FRIOS KG;2701168;69.9;157065;0.0
MEL PURO 100% 500G;2701425;24.99;144710;0.0
ENGOV 6CP;2701427;13.99;144885;0.0
RUFFLES ORIGINAL 76G;2701430;9.99;144855;0.0
PESSEGO NACIONAL KG;2701644;13.99;144120;0.0
AMEIXA NACIONAL KG;2701650;21.9;144120;0.0
AGUA SANIT SUPREMA 1L;2701823;2.99;144853;0.0
AGUA SANITARIA CANDURA 2L;2701825;5.99;144853;0.0
INSET BOA NOITE ESPIRAL;2701865;5.99;144837;0.0
MOLHO HELLMANNS 3 EM 1;2701943;14.99;144751;0.0
GLADE 360ML TOQUE MAC;2704502;15.99;144835;0.0
INSET SBP AERO MULT 450ML;2712824;19.9;144837;0.0
FANTA GUARANA 1,5L PET;2712967;6.99;144677;0.0
PILHA DURACELL ALCALINA;2713290;24.9;144522;0.0
PILHA RVAC ALCALINA PEQ;2713294;8.99;144522;0.0
CLORO GEL AZULIM 1L;2713444;12.99;144834;0.0
ESSENCIA NOGUEIRA HORTELA;2713531;7.99;144834;0.0
PAO MINI FRANCES KG;2713581;17.9;144198;0.0
TORSILAX;2714340;8.99;1;0.0
GRIPINEW;2714343;8.99;1;0.0
EPOCLER UN;2714346;6.5;1;0.0
ENERGETICO MONSTER 269ML;2714536;10.45;144659;0.0
CHOC STIKADINHO 12,3GR MG;2714644;1.5;144699;0.0
PIMENTA CAMBUCI KG;2715115;14.99;144121;0.0
SKIME GELELE TRAD 152G;2715460;9.9;144069;0.0
MAMADEIRA MAMITA 240ML;2715658;14.99;144328;0.0
NECTAR KMAIS 1,8L CAJU;2720856;22.9;144348;0.0
NECTAR KMAIS 1,8L UVA;2720872;22.9;144348;0.0
NESTAR DE GOIABA 1,8L;2720900;22.9;144348;0.0
ACUCAR MASCAVO CANA 500G;2721208;0.0;144628;0.0
ACUCAR MASCAVO CANA 500G;2721287;5.99;144628;0.0
TEKITOS SEARA 300G;2725298;10.9;144437;0.0
BOTINA SEGURANCA 37;2725330;0.0;144490;0.0
BOTINA SEGURANCA 38;2725332;0.0;144490;0.0
SH SEDA 300ML;2725400;11.75;144870;0.0
CABO TIPO C C PD UN;2726743;44.9;152426;0.0
CABO IPHONE C PD UN;2726744;44.9;152426;0.0
CARREGADOR PAREDE C PD UN;2726745;44.9;152426;0.0
FONE IPHONE PD UN;2726746;44.9;152426;0.0
CERV THEREZOPOLIS DUNKEL;2726747;9.99;144647;0.0
BEB LACTEA FRUTILAC 480G;2726748;5.55;144482;0.0
CIGARRO DJARUM BLACK ICE;2726749;19.0;144501;0.0
SUCO NATURAL ONE  180ML;2726750;3.99;144348;0.0
SUCO NATURAL ONE  180ML;2726751;3.99;144348;0.0
UCO NATURAL ONE  180ML;2726752;3.99;144348;0.0
SOR BEGUETTO BEG+ UVA;2726919;37.9;144497;0.0
BIG CHICKEN 1KG;2727058;37.9;144437;0.0
BISC MABEL 300G LEITE;2727146;5.99;144684;0.0
MAIONESE HELLMANNS 400G;2727170;14.99;144752;0.0
SABONETE PALMOLIVE 85G;2727178;3.49;144920;0.0
PRENDEDOR ROUPA GINA;2727244;3.99;144356;0.0
PRENDEDOR GUIRADO;2727246;2.99;144356;0.0
CREME PENTEAR SEDA 300ML;2727257;10.99;144872;0.0
ISOTONICO ACTIVE 500ML;2727487;5.99;144660;0.0
BISC MABEL 300G MAISENA;2728500;5.99;144684;0.0
GROSELHA ARCO IRIS 490ML;2728709;9.9;144807;0.0
CAPPUCCINO 3CORACOES;2728778;7.95;149391;0.0
CAPPUCCINO 3CORACOES;2728782;7.95;149391;0.0
CHICLE BUZZY DIVERSOS;2728948;0.2;144694;0.0
CHICLE TRIDENT MENTA 32G;2729029;7.9;144694;0.0
MANTEIGA BATAVO EXTRA C/S;2729232;17.99;144464;0.0
COCADA UN;2729911;2.5;144715;0.0
PACOCA CASEIRA DOCE BOM;2729931;1.75;144715;0.0
ENERGETICO MONSTER 473ML;2730000;10.49;144659;0.0
WHEYFIT ABACATE 250ML;2730017;9.95;144479;0.0
DONUT 70G NUTELLA;2733404;9.9;144320;0.0
CERV ESTRELLA GALICIA 473;2733414;6.99;144647;0.0
FAROFA PEPOL 400GR;2733953;7.99;144772;0.0
REQ FRUTAP LIGHT  175G;2734629;10.99;144478;0.0
CAFE BRASILEIRO EF 500GR;2735164;26.99;144728;0.0
ESPONJA  ASSOLAN  UN;2736499;2.5;144819;0.0
CHOC CHOCOTRIO BONO 90G;2738085;9.9;144699;0.0
CERV THEREZOPOLIS 500ML;2738086;6.99;144647;0.0
VINHO GIROLA 750ML ROSE;2738285;16.9;144673;0.0
CAFE ESPERANCA  500G;2738332;21.9;144728;0.0
VODKA ABSOLUT SPRITE 269;2738390;8.99;144656;0.0
NECTAR D VALLE FRUT CAJU;2738395;5.99;144665;0.0
PITAIA KG;2738651;9.9;144120;0.0
PIRULITO DIPLOKO UVA 11G;2745985;2.99;144694;0.0
CANETA MARCA TEXTO ESTOJO;2750601;59.9;144504;0.0
BLOCO RECADO ADESIVO;2750603;7.99;144504;0.0
ENVELOPE SACO NATURAL;2750604;0.75;144504;0.0
UMEDECEDOR DE DEDO 12G;2750606;3.99;144504;0.0
LAPISEIRA 2.0MM CLICK;2750608;11.99;144504;0.0
MARCADOR ARTISTICO BE BOL;2750613;63.9;144504;0.0
PAPEL SULFITE A4 COLORIDO;2750616;9.9;144504;0.0
CR PENTEAR ELSEVE 3EM1;2751199;35.9;144872;0.0
PIPOCA DOCE RIO PRETO 65G;2751225;2.5;151996;0.0
GOMA FINI AMORAS 15 GR;2752541;1.5;144694;0.0
GOM FINI SALADA DE FRUTA;2752549;1.5;144694;0.0
CHICLE FINI CLASSICO 14G;2752555;1.5;144694;0.0
BIG CHIKEN BAITA 700G;2754149;17.99;144174;0.0
INSET SBP 360ML ACAO MAG;2754693;23.9;144837;0.0
CHOC PRESTIGIO DOCE LEITE;2754726;2.99;144699;0.0
CESTA SUPER OFERTA;2754927;0.0;144527;0.0
CESTA BRONZE;2754979;0.0;144527;0.0
CESTA PRATA;2755026;0.0;144527;0.0
CESTA OURO;2755126;0.0;1;0.0
CIGARRO WINSTON X STYLE R;2755211;9.0;144501;0.0
CIGARRO WINSTON X STYLE B;2755213;9.0;144501;0.0
CESTA DIAMANTE;2755481;0.0;144527;0.0
CESTA RUBI;2755565;0.0;144527;0.0
CESTA ZAFFIRA;2755594;0.0;144527;0.0
CESTA CLASSIC;2755682;0.0;144527;0.0
CESTA ELITE CLASSE A;2755703;0.0;144527;0.0
VINHO MIORANZA TTO SEC 1L;2755722;21.9;144673;0.0
ENERGETICO ICE FOX  473ML;2755790;9.9;144659;0.0
ENERGETICO ICE FOX  473ML;2755791;9.9;144659;0.0
ENERGETICO ICE FOX  473ML;2755795;9.9;144659;0.0
ENERGETICO ICE FOX  473ML;2755796;9.9;144659;0.0
ENERGETICO ICE FOX  473ML;2755797;9.9;144659;0.0
IOG ACTIVIA 800G AMEIXA;2756186;14.49;144480;0.0
PEDRA SANITARIA FENOMENO;2756361;0.0;144836;0.0
SACO ALVEJADO ESPECIAL;2756365;0.0;144345;0.0
IOG ACTIVIA 800G MORANGO;2757212;15.99;144480;0.0
NESCAU 180ML ZERO LACT;2757213;3.75;149391;0.0
STILEKA POTE SLIME NEON 1;2757214;11.99;144069;0.0
BRINCLETS TIRA FRUTAS;2757215;3.99;144694;0.0
GUMMY MANIA MARSHMALLOW;2757216;3.99;144694;0.0
GUMMY MANIA HAMBURGUER;2757217;3.5;144694;0.0
CONFEITO LANCA PIAO;2757218;17.9;144694;0.0
CONFEITO UNICORNIO LUZ;2757219;27.9;144694;0.0
CONFEITO ROBO COM LUZ;2757220;27.9;144694;0.0
CONFEITO PEGA PEGA JACARE;2757221;18.99;144694;0.0
CUTY TOYS SQUEECH;2757222;28.9;144069;0.0
POP LITO PRINCESAS;2757223;3.99;144694;0.0
PIRULITO POP LITO DINO;2757224;3.99;144694;0.0
SAND CARTAGO DUBLIN II;2757225;61.9;144493;0.0
BEGUETTO AMOR DE BOMBOM;2757226;13.0;144497;0.0
ALICATE MUNDIAL CUTICULA;2757227;13.99;144924;0.0
ALICATE MUNDIAL CUTICULA;2757228;13.99;144924;0.0
SALSICHA HOT DOG SADIA KG;2757649;14.99;144462;0.0
CANELONE MAGNO 4 QUEIJOS;2758058;38.9;144318;0.0
SALG FRITOP 200G BACON;2758219;7.99;144855;0.0
SALG FRITOP 200G CHURRASC;2758226;7.99;144855;0.0
SALG FRITOP 200G QUEIJO;2758232;7.99;144855;0.0
SALG FRITOP 200G REQUEIJ;2758234;7.99;144855;0.0
CONDIC NIELY GOLD 175ML;2758646;14.99;144869;0.0
BISC AMANTEIGADO SHALANA;2758690;11.9;144684;0.0
BISC MILHO SHALANA 400G;2758691;11.9;144684;0.0
BISC  AMENDOIM SHALANA;2758695;12.9;144684;0.0
DESOD AEROSOL NIVEA 150ML;2760514;15.99;144876;0.0
DESOD AEROSOL NIVEA 150ML;2760516;15.99;144876;0.0
SAB DOVE 90G PELE SENSIVE;2760528;5.99;144920;0.0
FAR MILHO MARANATA 500G;2760536;2.99;144772;0.0
PIPOCA DOCE RIO PRETO 90G;2761045;3.5;151996;0.0
GUARANA LEAO PET 300ML;2761094;1.99;144676;0.0
FIO DENTAL COLGATE 50M;2761728;17.99;144890;0.0
ESC DENTAL SORRISO ORIG;2761731;5.99;144889;0.0
DESINF PINHO SOL 500ML F;2761733;9.9;144834;0.0
CR COLGATE 90G TOTAL 12;2761735;12.99;144887;0.0
RACAO PURINA FRISKIES 85G;2761824;3.99;144488;0.0
CHOCOTRIO NEGRESCO 90G;2761830;9.9;144699;0.0
BEB NESCAU ACT-GO 270ML;2761835;8.49;149391;0.0
CAFE PELE EXTRA FORT 500G;2761994;28.9;144728;0.0
DESOD MOOD MEN 150ML;2762034;11.99;144876;0.0
DESOD ANT MOOD 150ML;2762036;11.99;144876;0.0
ESCOVA DENTAL BLU MACIA;2762038;14.99;144889;0.0
ESCOVA DENTAL IAMO MACIA;2762039;4.99;144889;0.0
ESC DENTAL INFANTIL IAMO;2762040;4.99;144889;0.0
ESC DENTAL NAVY MEDIA;2762042;4.99;144889;0.0
ESC DENTAL NAVY SUPER MAC;2762044;0.0;144889;0.0
SAB INTIMO SAN JULLY  FRU;2762048;13.99;144918;0.0
SAB INTIMO SAN JULLY;2762050;13.99;144918;0.0
DOCE DE ABOBORA PINGO BOM;2762329;1.75;144715;0.0
CEREAL SNOW FLAKES 620G;2762886;17.99;144729;0.0
FAROFA CASEIRA PEPOL 300G;2763114;7.99;144772;0.0
MOCOQUINHA 200ML;2763442;1.79;149391;0.0
BOLACHINHA GOIABINHA KG;2763477;43.9;144320;0.0
SALG FRITOP 200G CEBOLA;2763495;7.99;144855;0.0
SALG DONNABENITTA 450G;2763510;13.9;144437;0.0
CANETA BIS ESFEROG PRETA;2763919;1.5;144504;0.0
IOG BATAVO NAT DESN 170G;2766472;4.5;144479;0.0
IOG BATAVO INTEG MEL 170G;2766473;4.5;144479;0.0
IOG BATAVO 1150G MORANGO;2766474;19.49;144479;0.0
IOG BOB ESPONJA 120G CAP;2766479;5.99;144479;0.0
CHOPP RIBEIRAO PILSEN 1L;2766480;11.99;144649;0.0
EMP TILAPIA FISHGGETS275G;2766639;11.99;144182;0.0
OVO PASCOA KINDER 150G;2766665;95.0;144861;0.0
CR HIDRATANTE NIVEA 56G;2766670;27.9;144913;0.0
SH CLEAR 200ML ANTIC HIDR;2766671;17.99;144870;0.0
POLENTINA QUAKER 500G;2766676;4.99;144772;0.0
REFIL ROLO SCOTCH-BRITE;2766677;18.99;161839;0.0
CHOC NESTLE SURPRESA 20GR;2766679;3.5;144699;0.0
CHOC LACTA 5STAR 40GR;2766680;3.99;144699;0.0
CAFE MELITTA 500G TRAD;2766755;35.9;144728;0.0
BATAVINHO 320G MRGO;2766799;8.8;144479;0.0
FERMENTADO BATAVINHO;2766804;8.99;144479;0.0
FERMENTADO BATAVINHO;2766805;8.99;144479;0.0
FERMENTADO BATAVINHO;2766806;8.99;144479;0.0
TORTUGUITA 15,5G  MRGO;2766808;1.5;144699;0.0
CHOCOLATE TRENTO 29G;2766809;2.75;144699;0.0
SACO PURA CASA 3L;2766811;5.99;144510;0.0
SACO PURA CASA 5L;2766814;6.99;144510;0.0
SARDINHA SOLARE 125G;2767037;5.75;144767;0.0
OLEO SOYA GIRASSOL 900ML;2767091;11.99;144777;0.0
MAC GALO 500G BOCA LEAO;2767108;4.49;144780;0.0
MAC GALO 500G CARACOLINO;2767117;4.49;144780;0.0
MAC GALO 500G CONCHA;2767120;4.49;144780;0.0
MAC GALO 500G FETTUCCINE;2767148;4.49;144780;0.0
MAC GALO 500G FIDELINHO;2767153;4.49;144780;0.0
MAC GALO 500G FURADINHO5;2767155;4.49;144780;0.0
MAC GALO 500G PARAFUSINHO;2767159;4.49;144780;0.0
MAC GALO 500G TORTIGLIONE;2767163;4.49;144780;0.0
MAC GALO 500G ALFABETO;2767165;4.49;144780;0.0
SH DOVE 350ML INTENSE REP;2767176;24.99;144870;0.0
FEIJAO RAJADO PICININ500G;2767191;6.99;144631;0.0
LAMPADA EMPALUX LED 20W;2767335;21.9;144520;0.0
LAMPADA EMPALUX LED 30W;2767336;29.9;144520;0.0
GEL CANELA DE VELHO 150G;2767337;15.99;144913;0.0
UNGUENTO MEDICALKURA;2767338;19.99;144913;0.0
SABONETE LIQBOZZANO 240ML;2767340;11.9;144919;0.0
SABONETE LIQBOZZANO 240ML;2767341;11.9;144919;0.0
OVOS YOSHINAGA 30UN;2767736;30.9;144428;0.0
SALG DONNABENITTA 450G;2768267;13.9;144431;0.0
WHEYFIT COCO/BATATA;2768381;0.0;149391;0.0
IOG BATAVO NATURAL 170G;2768382;4.5;144479;0.0
BENGALA DIGOS 40 G;2768383;10.9;144694;0.0
EMP SEARA 110G CHEDA/BAC;2769130;5.99;144437;0.0
HAMBURGUER FERBELLO 90G;2769162;1.99;144174;0.0
ESCORREDOR CROMADO;2769352;87.9;144394;0.0
GRELHA DUPLA RETA;2769353;75.9;144189;0.0
CAIXA TERMOLA 20L AZUL;2769354;115.9;144190;0.0
CAIXA TERMOLAR 32L AZUL;2769355;149.9;144190;0.0
SQUEEZE PET 700ML STITCH;2769357;19.9;144328;0.0
SQUEEZE PET 700 ML BICOLO;2769358;12.9;144328;0.0
ROLO ADESIVO SANREMO;2769359;14.9;144494;0.0
REQ PRESIDENTE 200G LIGHT;2770448;14.9;144478;0.0
FONE TIPO C PD UN;2770801;44.9;152426;0.0
DEL VALLE FRUT UVA PET 1L;2774634;5.99;144669;0.0
FANTA GUARANA 2L ZERO;2774639;8.49;144679;0.0
SPRITE ZERO ACUCAR 350ML;2774644;3.99;144675;0.0
KIT CASA LIMPA;2775034;0.0;144529;0.0
DANONE 1250GR MORANGO;2775068;15.99;144480;0.0
KIT LIMPEZA HIGIENE;2775073;0.0;144529;0.0
KIT LIMPEZA SELECAO A;2775084;0.0;144529;0.0
KIT LIMPEZA SELECAO B;2775094;0.0;144529;0.0
SALG DONNABENITTA 450G;2775105;13.9;144437;0.0
SALG DONNABENITTA 450G;2775106;13.9;144437;0.0
SALG DONNABENITTA 450G;2775111;13.9;144437;0.0
SALG DONNABENITTA 450G;2775112;13.9;144437;0.0
HAMBURGUER  FRIBOI 56G;2775141;1.99;144174;0.0
HAMBURGUER FRIBOI 90G;2775143;3.75;144174;0.0
GELO MATÃO CUBOS 1KG;2775213;0.0;144440;0.0
GELO MATÃO CUBOS 5KG;2775214;0.0;144440;0.0
GELO MATÃO TRITURADO 5KG;2775215;0.0;144440;0.0
TINTURA COR TON 6.1;2775218;16.9;144867;0.0
BOLHA LANCA AGUA;2775220;23.9;144069;0.0
CHICLE BRINCLETS BOLA FRU;2775221;2.5;144694;0.0
COLECAO BABY;2775222;29.9;144069;0.0
CONFEITO PATO DE FONE PUL;2775223;19.99;144694;0.0
CUTY TOYS UNICORNIO;2775224;27.9;144069;0.0
IOG PENSE ZERO 170G AMEIX;2775623;0.0;144479;0.0
MANT PRESIDENT 200G;2775626;16.99;144464;0.0
IOG PROBIO2 170G TRAD;2776669;4.5;144479;0.0
PUDIM BATAVO 100G;2776670;4.5;144479;0.0
YOPRO DANONE BANANA  250M;2776682;10.99;144480;0.0
REQUEIJAO PAULISTA 180GR;2776719;10.99;144478;0.0
REQUEIJAO PAULISTA 400GR;2776720;24.99;144478;0.0
VELAS SBJ NOSSA SRA DAS G;2776731;18.9;144513;0.0
FRALDA MAMYPOKO P46;2776962;54.9;144908;0.0
MOLA MALUCA MOLA MANIA;2777491;13.99;144069;0.0
FILE DE PEITO SADIA 1KG;2777823;39.9;144309;0.0
SORVETE MERLI ZERO 200ML;2777874;7.99;144498;0.0
SORVETE MERLI ZERO 200ML;2777880;7.99;144498;0.0
LENTILHA VAPZA 250G;2778851;7.99;144773;0.0
TEMP GAUCHO PEPOL 20GR;2778859;3.75;144770;0.0
CONDIC TRESEMME 400ML;2779857;26.9;144869;0.0
TONICA ANTARCTICA 350ML;2779867;4.5;144675;0.0
INSETICIDA SBP MULT 285ML;2780064;17.9;144837;0.0
OLEO COMP LISBOA 500ML;2780092;14.99;144776;0.0
COOKIES TODDY 133G CHOC;2780102;6.49;144683;0.0
PAO  QUEIJO STA DELI 400G;2780246;19.9;144437;0.0
PAO QUEIJO STA DELI 400G;2780247;19.9;144437;0.0
ESMALTE RISQUE 8ML;2780891;0.0;144924;0.0
ESMALTE RISQUE 8ML;2780892;0.0;144924;0.0
ESMALTE RISQUE 8ML;2780893;0.0;144924;0.0
ESMALTE IMPALA 7,5ML;2780894;0.0;144924;0.0
ESMALTE IMPALA 7,5ML;2780895;0.0;144924;0.0
ESCOVA CAB KATY COLORS;2780896;0.0;144922;0.0
ESCOVA CAB KATY FLEX DEF;2780897;0.0;144922;0.0
ESCOVA CAB KATY FLEX DEF;2780898;0.0;144922;0.0
ESCOVA CAB KATY FLEX;2780899;0.0;144922;0.0
ESCOVA CAB KATY MAGICA;2780900;0.0;144922;0.0
ESCOVA CAB KATY POLVO;2780901;0.0;144922;0.0
ESCOVA CAB KATY Z-FLEX;2780902;0.0;144922;0.0
KIT KATY ESCOVA RIGIDO;2780903;0.0;144922;0.0
LX PE KATY MADEIRA CONCAV;2780904;0.0;144924;0.0
LX UNHA KATY COLORS C/06;2780905;0.0;144922;0.0
LX UNHA KATY POP C/06 MOS;2780906;0.0;144924;0.0
LX UNHA KATY POP C/06 CAN;2780907;0.0;144924;0.0
ABS ALWAYS 8UN S/AB SECA;2780908;5.49;144892;0.0
CLORO GEL LUMINEX 2L;2780909;17.99;161839;0.0
CONDIC DOVE 150ML BOND;2780910;22.9;144869;0.0
DESOD GIOVANNA BABY 150ML;2780911;15.9;144876;0.0
DESOD GIOVANNA BABY 150ML;2780912;15.9;144876;0.0
DESOD GIOVANNA BABY 150ML;2780913;15.9;144876;0.0
IOG PROBIO2 170G AMEIXA;2780914;0.0;144479;0.0
DOGUITOS LINGUICINHA 45G;2780915;8.99;144191;0.0
CHOCOTRIO 90G AVELA;2780916;0.0;144699;0.0
SORV BEGUETTO PISTACHE;2780917;16.9;144497;0.0
CHANDELLE 90G CHANT CHOC;2780918;3.99;1;0.0
ODORIZANTE GLADE 360ML;2780919;17.99;144835;0.0
COND PALMOLIVE 350ML KIDS;2780922;19.99;144906;0.0
CR DENTAL COLGATE TOTAL;2780923;10.99;144887;0.0
REPELENTE OFF FAMILY 100M;2780924;24.9;144927;0.0
REPELENTE REPELEX  200ML;2780925;22.9;144927;0.0
CR DENTAL SENSODYNE 50G;2780926;12.9;144887;0.0
SH PALMOLIVE 350ML KIDS;2780927;19.99;144906;0.0
QUEIJO MINEIRO FAZFOR KG;2780930;89.9;144469;0.0
CIGARRO CAMEL KRETEK BERR;2781033;0.0;144501;0.0
SALS PERDIGAO DEF 500G;2781304;14.9;144454;0.0
NECTAR DEL VALLE 450ML;2781505;0.0;144669;0.0
NECTAR DEL VALLE 450ML;2781507;0.0;144669;0.0
CR COLGATE  SEN PRO 90GR;2781551;19.9;144887;0.0
PILHA DNA  PALITO AAA 4UN;2781553;6.99;144522;0.0
SH JOHNSONS BABY 200ML;2781556;19.9;144906;0.0
SH JOHNSONS BABY 200ML;2781558;19.9;144906;0.0
SUSPIRO SHALANA 150G;2798635;6.99;144684;0.0
IOGURTE FRUTAP 160G;2798656;0.0;144482;0.0
IOGURTE FRUTAP 850G;2798660;0.0;144482;0.0
IOGURTE TIROL 500GR;2798662;0.0;144482;0.0
BEB LACTEA PATATI PATATA;2798665;0.0;149391;0.0
PETIT SUISSE 90GR MRGO;2798669;0.0;144482;0.0
IOG FRUTAP MRGO 450G;2798672;0.0;144482;0.0
AMACIANTE COMFORT 1,8L;2798727;24.9;144845;0.0
CREME KANECHOM 1KG;2798730;9.9;144871;0.0
CREME KANECHOM 1KG;2798734;9.9;144871;0.0
CREME KANECHOM 1KG;2798738;9.9;144871;0.0
ABS TOPP COB SUAVE 16UN;2798752;8.99;144892;0.0
CERA BARBER SHOP 130G;2798756;18.9;144868;0.0
GEL SOFTFIX 240G;2798758;12.99;145727;0.0
POMADA BARBER SHOP 130G;2798762;19.9;145727;0.0
SAB SOFTFIX 200ML;2798766;7.99;144919;0.0
SAB SOFTFIX 200ML;2798767;7.99;144919;0.0
